serialno,no,weight,length,age,sex,stage,liverweight,gonadweight,spawningage,spawningzones,readability,otolithedge,otolithtype_2,otolithtype_4,otolithtype_5
70029,1,-0.5541346987683641,-0.28238894743906073,6.0,2,1,-0.6426563370398252,-0.6115085661085196,-0.191298406321342,-0.536423705272512,1.3651299392517213,4,0,0,1
70029,2,-0.9058116623969491,-1.1081293910205936,3.0,1,1,-0.7511481050305725,-0.6100373812334584,-1.5288872049157087,-0.536423705272512,-0.4386417519090147,4,0,0,1
70029,3,-0.856652516943491,-0.911524523501181,4.0,2,1,-0.7573435808835751,-0.6115085661085196,-1.0830242720509198,-0.536423705272512,-0.4386417519090147,4,0,0,1
70029,4,-1.0548016878481992,-2.2484376226331864,1.0,0,1,-0.612891875138627,-0.3362987283067527,0.21450652866887604,-0.536423705272512,-0.4386417519090147,4,0,0,1
70029,6,-1.0091719169401174,-1.6586230200749488,3.0,1,1,-0.7025681597609904,-0.3362987283067527,-1.5288872049157087,-0.536423705272512,-0.4386417519090147,4,0,0,1
70029,7,-0.8074933714900329,-0.7149196559817684,4.0,2,1,-0.7294402926906628,-0.6115085661085196,-1.0830242720509198,-0.536423705272512,-0.4386417519090147,4,0,0,1
70029,8,-1.0381632078485672,-1.8748883743463027,2.0,1,1,-0.6829654370469526,-0.3362987283067527,-1.9747501377804977,-0.536423705272512,-0.4386417519090147,4,0,0,1
70029,9,-1.0104324078491804,-1.5406600995633013,2.0,2,1,-0.7317524423946447,-0.3362987283067527,-1.9747501377804977,-0.536423705272512,-0.4386417519090147,4,0,0,1
70029,10,0.17291645757919108,0.6219934431502372,9.0,2,4,-0.2678064010787687,-0.6085633887536738,1.1462903922730248,-0.536423705272512,-0.4386417519090147,4,0,0,1
70029,11,-0.11145029150542825,0.228783708111412,9.0,2,2,0.05454751811257132,-0.10054977489236268,0.7004274594082358,0.2336286624682574,-0.4386417519090147,4,0,0,1
70038,1,0.5228287339350879,0.7399563636618847,7.0,1,2,0.6992553564952514,0.050746428442177284,0.2545645265434469,-0.536423705272512,-0.4386417519090147,4,0,0,1
70038,2,1.8539071339056465,1.44773388673177,9.0,1,2,4.414649119944734,0.22432378286161386,0.7004274594082358,0.2336286624682574,1.9663871696386335,4,0,0,1
70038,3,-0.014644589689387628,0.1894627346075295,7.0,2,2,0.09843607988040634,-0.06964366209718349,0.2545645265434469,-0.536423705272512,-0.4386417519090147,4,0,0,1
70038,4,1.545338959367017,1.13316609870071,11.0,2,2,1.781335413874632,2.2849708848099564,0.7004274594082358,1.7737333979497962,-0.4386417519090147,4,0,0,1
70038,5,0.8797997593817377,0.8185983106696497,8.0,1,2,2.2459488091410234,-0.038737549302004314,0.7004274594082358,-0.536423705272512,-0.4386417519090147,4,0,0,1
70038,6,-0.27430571695637157,-0.007142132911883102,5.0,1,1,-0.15278810127340794,-0.5761804758739866,-0.6371613391861309,-0.536423705272512,1.9663871696386335,4,0,0,1
70038,7,0.13157235576192372,0.228783708111412,8.0,2,2,-0.36693401472680987,0.09063687635223414,0.7004274594082358,-0.536423705272512,-0.4386417519090147,4,0,0,1
70038,8,0.6277015775691319,0.5433514961424721,6.0,1,2,1.0745782295443234,0.2422924530913692,-0.191298406321342,0.2336286624682574,-0.4386417519090147,4,0,0,0
70038,9,1.6481950175465603,1.369091939724005,10.0,1,2,3.5156903030449405,1.0199765006351804,0.7004274594082358,1.0036810302090269,1.9663871696386335,4,0,0,1
70038,10,3.2535562393292334,1.9589065422822427,13.0,1,2,3.6730837659364868,2.343908123163554,1.1462903922730248,2.543785765690566,-0.4386417519090147,4,0,0,1
70071,1,-0.42052266240768293,0.032178840591999415,7.0,2,2,-0.4412797249628408,-0.3731345022777512,0.2545645265434469,-0.536423705272512,-0.4386417519090147,4,0,0,1
70071,2,0.6075337230241235,0.6219934431502372,8.0,1,2,1.3000746331100963,-0.17709631007112042,0.7004274594082358,-0.536423705272512,1.9663871696386335,4,0,0,1
70071,3,-0.63984808058465,-0.4789938149584733,6.0,1,1,-0.5466501081726861,-0.6026730340439821,-0.191298406321342,-0.536423705272512,-0.4386417519090147,4,0,0,1
70071,4,-0.47346328058833015,-0.16442602692741318,5.0,1,1,-0.4970863013486655,-0.5997306642938597,-0.6371613391861309,-0.536423705272512,1.9663871696386335,4,1,0,0
70071,5,1.0754279484683198,0.9758822046851798,10.0,2,2,0.553969083056901,0.8352585706732955,1.1462903922730248,0.2336286624682574,-0.4386417519090147,4,0,0,1
70071,6,1.5614732430030238,1.0545241516929449,9.0,1,2,1.3318560054247355,0.8906020749809419,1.1462903922730248,-0.536423705272512,-0.4386417519090147,4,0,0,1
70071,8,-0.029770480598143977,0.3860676021269421,8.0,2,2,-0.1872179212809337,-0.06101870038690094,0.7004274594082358,-0.536423705272512,-0.4386417519090147,4,0,0,1
70089,1,-0.14573564423194263,0.2681046816152945,7.0,2,1,-0.3048846687791811,-0.6070922038786125,0.2493395702989377,0.2336286624682574,-0.4386417519090147,4,0,0,1
70089,2,-0.22892804423010255,0.15014176110364696,7.0,2,1,-0.29845272438217074,-0.6085633887536738,0.21276487658737298,-0.536423705272512,-0.4386417519090147,4,0,0,1
70089,3,0.48955177393582394,0.7006353901580022,9.0,2,2,-0.15922004567041825,0.11723050829227204,0.2545645265434469,1.0036810302090269,-0.4386417519090147,4,0,0,1
70089,4,-0.4961521169514647,-0.28238894743906073,4.0,2,1,-0.37904120418000575,-0.6100373812334584,-1.0830242720509198,-0.536423705272512,1.9663871696386335,4,0,0,1
70089,5,-0.8894252805791297,-1.1081293910205936,3.0,1,1,-0.6768023947945416,-0.6100373812334584,-1.5288872049157087,-0.536423705272512,-0.4386417519090147,4,0,0,1
70089,6,0.23745359212321818,0.5433514961424721,10.0,1,2,0.2316151638655609,0.06116825717543538,1.5921533251378137,-0.536423705272512,2.567644400025545,4,0,0,1
70089,8,-0.687746735129045,-0.5183147884623558,5.0,1,1,-0.5776747811465005,-0.595317109668676,-0.6371613391861309,-0.536423705272512,-0.4386417519090147,4,0,0,1
70089,9,-0.7911069896722135,-0.754240629485651,5.0,2,1,-0.6365081548956242,-0.6115085661085196,-0.6371613391861309,-0.536423705272512,-0.4386417519090147,4,0,0,1
70093,1,-0.32472535331889274,0.07149981409588194,6.0,1,1,-0.227322986344645,-0.5820652153742314,-0.191298406321342,-0.536423705272512,-0.4386417519090147,4,0,0,1
70093,2,-0.5037150624058429,-0.20374700043129568,7.0,2,1,-0.40401228242722226,-0.6115085661085196,-0.191298406321342,0.2336286624682574,-0.4386417519090147,4,0,0,1
70093,3,-0.21027277877596973,0.228783708111412,6.0,2,4,-0.46908842573815,-0.5997306642938597,-0.6371613391861309,0.2336286624682574,1.9663871696386335,4,0,0,1
70093,4,-1.0535411969391362,-2.1697956756254215,1.0,0,1,-0.6300727812428731,-0.3362987283067527,0.21450652866887604,-0.536423705272512,-0.4386417519090147,4,0,0,1
70093,5,-0.7999304260356547,-0.7149196559817684,5.0,1,1,-0.7201707257655597,-0.5997306642938597,-0.6371613391861309,-0.536423705272512,-0.4386417519090147,4,0,0,1
70093,6,-0.4321191787710628,-0.08578407991964813,6.0,2,1,-0.5341645690490778,-0.6115085661085196,-0.191298406321342,-0.536423705272512,-0.4386417519090147,4,0,0,1
70093,7,-0.9663152260319745,-1.3440552320438888,3.0,1,1,-0.7303365408021358,-0.3362987283067527,-1.5288872049157087,-0.536423705272512,-0.4386417519090147,4,0,0,1
70097,1,-0.8604339896706801,-0.990166470508946,4.0,1,1,-0.6705596252327376,-0.6115085661085196,-1.0830242720509198,-0.536423705272512,-0.4386417519090147,4,0,0,1
70097,2,-0.68144428058373,-0.4396728414545908,5.0,1,1,-0.6147530488469128,-0.5997306642938597,-0.6371613391861309,-0.536423705272512,-0.4386417519090147,4,0,0,1
70097,3,-0.9978274987585503,-1.5406600995633013,3.0,2,1,-0.718100702300242,-0.3362987283067527,-1.5288872049157087,-0.536423705272512,-0.4386417519090147,4,0,0,1
70097,4,-1.0507681169391974,-2.0714932418657153,1.0,0,1,-0.6502519884034548,-0.3362987283067527,0.21450652866887604,-0.536423705272512,-0.4386417519090147,4,0,0,1
70097,5,-1.055557982393637,-2.2484376226331864,1.0,0,1,-0.6137109823154069,-0.3362987283067527,0.21450652866887604,-0.536423705272512,-0.4386417519090147,4,0,0,1
70097,6,-0.5299332733143539,-0.2430679739351782,6.0,1,1,-0.31093826350577897,-0.595317109668676,-0.191298406321342,-0.536423705272512,-0.4386417519090147,4,0,0,1
70097,7,0.2878732284857393,0.5826724696463547,7.0,1,5,0.7961128721208183,-0.5644109968734968,0.2545645265434469,0.2336286624682574,1.9663871696386335,4,0,0,1
70097,8,-1.036398520575879,-1.8748883743463027,2.0,2,1,-0.6810541985141151,-0.3362987283067527,-1.9747501377804977,-0.536423705272512,-0.4386417519090147,4,0,0,1
70097,9,-0.12052582605068206,0.1894627346075295,7.0,1,1,-0.6333867701147221,-0.5820652153742314,0.2545645265434469,0.2336286624682574,-0.4386417519090147,4,0,0,1
70097,10,-0.9297609896691467,-1.2064318247802999,3.0,2,1,-0.7232021185624775,-0.3362987283067527,-1.5288872049157087,-0.536423705272512,-0.4386417519090147,4,0,0,1
70097,11,-0.987743571486046,-1.599641559819125,3.0,2,1,-0.6932697616857707,-0.3362987283067527,-1.5288872049157087,-0.536423705272512,-0.4386417519090147,4,0,0,1
70097,12,0.07106879212689834,0.34674662862305955,8.0,2,2,0.2868542157457671,-0.06964366209718349,0.2545645265434469,0.2336286624682574,1.9663871696386335,4,0,0,1
70097,13,-0.770939135127205,-0.8132220897414747,5.0,2,1,-0.5434341359741809,-0.6129811547859425,-0.6371613391861309,-0.536423705272512,-0.4386417519090147,4,0,0,1
70100,1,-0.7406873533096923,-0.6362777089740034,5.0,2,1,-0.5992407123600056,-0.6115085661085196,-0.6371613391861309,-0.536423705272512,-0.4386417519090147,4,0,0,1
70100,2,-0.8213587714897261,-0.8132220897414747,5.0,2,1,-0.6333867701147221,-0.6129811547859425,-0.6371613391861309,-0.536423705272512,-0.4386417519090147,4,0,0,1
70100,3,-0.5541346987683641,-0.40035186795070826,6.0,1,1,-0.3760144068167068,-0.5864900004183087,-0.191298406321342,-0.536423705272512,-0.4386417519090147,4,0,0,1
70100,4,0.10737093030791357,0.34674662862305955,8.0,2,5,-0.391526743303614,-0.6056210190035514,0.36254695559663797,0.2336286624682574,2.567644400025545,4,0,0,1
70100,5,-0.4290940005893116,-0.12510505342353065,6.0,2,1,-0.4225514162774284,-0.6115085661085196,-0.191298406321342,-0.536423705272512,-0.4386417519090147,4,0,0,1
70100,6,-1.0232894151216234,-1.7176044803307726,2.0,2,1,-0.7039485679792667,-0.3362987283067527,-1.9747501377804977,-0.536423705272512,1.9663871696386335,4,0,0,1
70100,7,-0.9915250442132351,-1.5013391260594187,3.0,2,1,-0.7205478977117783,-0.3362987283067527,-1.5288872049157087,-0.536423705272512,-0.4386417519090147,4,0,0,1
70100,8,-0.9247190260328946,-1.1277898777725348,4.0,2,1,-0.6891933465005469,-0.6115085661085196,-1.0830242720509198,-0.536423705272512,-0.4386417519090147,4,0,0,1
70100,9,-0.9272400078510206,-1.2064318247802999,4.0,1,1,-0.7204717843991758,-0.3362987283067527,-1.0830242720509198,-0.536423705272512,-0.4386417519090147,4,0,0,1
70100,10,-1.0537932951209488,-2.189456162377363,1.0,0,1,-0.6257092900122555,-0.3362987283067527,0.21450652866887604,-0.536423705272512,-0.4386417519090147,4,0,0,1
70100,11,-1.048499233302884,-2.032172268361833,1.0,0,1,-0.657067720785537,-0.3362987283067527,0.21450652866887604,-0.536423705272512,-0.4386417519090147,4,0,0,1
70100,12,-1.0391716005758176,-1.8748883743463027,2.0,2,1,-0.6840575799493258,-0.3362987283067527,-1.9747501377804977,-0.536423705272512,-0.4386417519090147,4,0,0,1
70109,1,-0.6146382624033894,-0.32170992094294326,6.0,2,1,-0.6705596252327376,-0.6100373812334584,-0.191298406321342,-0.536423705272512,1.9663871696386335,4,0,0,1
70109,2,-0.44573248058894355,-0.08578407991964813,7.0,2,1,-0.391526743303614,-0.6115085661085196,0.11697401210470347,-0.536423705272512,-0.4386417519090147,4,0,0,1
70109,3,-0.6196802260396416,-0.40035186795070826,7.0,2,5,-0.43503695540103665,-0.6129811547859425,0.038599668437064784,-0.536423705272512,-0.4386417519090147,4,0,0,1
70109,4,-0.680183789674667,-0.6362777089740034,6.0,2,2,-0.540407338610882,-0.6115085661085196,-0.191298406321342,-0.536423705272512,-0.4386417519090147,4,0,0,1
70109,5,-0.24657491695698497,0.032178840591999415,6.0,2,1,0.06362791020246822,-0.6100373812334584,-0.191298406321342,-0.536423705272512,-0.4386417519090147,4,0,0,1
70109,6,-0.8037118987628438,-0.7739011162375922,5.0,1,1,-0.5869443480716036,-0.6070922038786125,-0.6371613391861309,-0.536423705272512,-0.4386417519090147,4,0,0,1
70109,7,-0.90203018966976,-1.1081293910205936,3.0,2,1,-0.7387571533245674,-0.6115085661085196,-1.5288872049157087,-0.536423705272512,-0.4386417519090147,4,0,0,1
70109,8,-0.9743823678499779,-1.36371571879583,3.0,1,1,-0.734437145518595,-0.3362987283067527,-1.5288872049157087,-0.536423705272512,-0.4386417519090147,4,0,0,1
70109,9,-0.15077760786819475,0.228783708111412,7.0,1,1,0.11962366142349912,-0.5761804758739866,0.2475979182174346,0.2336286624682574,-0.4386417519090147,4,0,0,1
70109,10,-1.0371548151213168,-1.83556740084242,2.0,1,1,-0.6911463480570013,-0.3362987283067527,-1.9747501377804977,-0.536423705272512,-0.4386417519090147,4,0,0,1
70109,11,-0.9398449169416508,-1.226092311532241,3.0,2,1,-0.729487009083683,-0.3362987283067527,-1.5288872049157087,-0.536423705272512,-0.4386417519090147,4,0,0,1
70109,12,-1.0200121387580596,-1.6389625333230076,3.0,2,1,-0.7189451767324508,-0.3362987283067527,-1.5288872049157087,-0.536423705272512,-0.4386417519090147,4,0,0,1
70123,1,-0.2188441169575983,0.15014176110364696,7.0,1,1,-0.12516857533330486,-0.5850075851243539,0.2545645265434469,-0.536423705272512,2.567644400025545,4,0,0,1
70123,2,-0.4089261460443031,-0.12510505342353065,7.0,2,1,-0.5589464724610881,-0.6115085661085196,0.1326488808382312,-0.536423705272512,-0.4386417519090147,4,0,0,1
70123,3,-0.9486683533050921,-1.3440552320438888,2.0,1,1,-0.7112241092884984,-0.3362987283067527,-1.9747501377804977,-0.536423705272512,-0.4386417519090147,4,1,0,0
70123,4,-0.550353226041175,-0.32170992094294326,6.0,1,1,-0.47533119529995416,-0.6012018491689208,-0.191298406321342,-0.536423705272512,-0.4386417519090147,4,0,0,1
70123,5,-0.596991389676507,-0.40035186795070826,6.0,1,1,-0.36693401472680987,-0.6012018491689208,-0.191298406321342,-0.536423705272512,-0.4386417519090147,4,0,0,1
70123,6,0.22837805757796437,0.5826724696463547,9.0,2,4,0.3178788887195815,-0.5908923246245987,-0.191298406321342,1.7737333979497962,-0.4386417519090147,4,0,0,1
70123,7,-0.7079145896740535,-0.6755986824778859,5.0,2,1,-0.63026538533382,-0.6115085661085196,-0.6371613391861309,-0.536423705272512,-0.4386417519090147,4,0,0,1
70123,8,0.09930378848991019,0.3860676021269421,8.0,1,2,-0.19327151600753165,-0.2759239963347748,0.7004274594082358,-0.536423705272512,2.567644400025545,4,0,0,1
70123,9,-0.8616944805797431,-1.0884689042686524,4.0,2,1,-0.7077797740595545,-0.6129811547859425,-1.0830242720509198,-0.536423705272512,-0.4386417519090147,4,0,0,1
70130,1,1.164166508466357,1.0545241516929449,9.0,1,2,1.1547883596717459,1.3506000328626786,1.1462903922730248,-0.536423705272512,-0.4386417519090147,4,0,0,1
70131,1,-0.4885891714970865,-0.16442602692741318,6.0,2,1,-0.5714320115846964,-0.6056210190035514,-0.191298406321342,-0.536423705272512,-0.4386417519090147,4,0,0,1
70141,2,-0.5289248805871034,-0.2430679739351782,7.0,1,1,-0.29542592701887177,-0.5982594794187984,0.07865766631163566,-0.536423705272512,-0.4386417519090147,4,0,0,1
70141,3,-0.7306034260371881,-0.6362777089740034,6.0,2,1,-0.6768023947945416,-0.6129811547859425,-0.191298406321342,-0.536423705272512,-0.4386417519090147,4,0,0,1
70141,4,-0.6247221896758937,-0.4789938149584733,5.0,2,1,-0.4473333196894387,-0.6115085661085196,-0.6371613391861309,-0.536423705272512,-0.4386417519090147,4,0,0,1
70141,5,-0.9121141169422643,-1.147450364524476,4.0,1,1,-0.74495262917757,-0.6115085661085196,-1.0830242720509198,-0.536423705272512,-0.4386417519090147,4,0,0,1
70141,6,-0.3524561533182794,-0.16442602692741318,6.0,2,1,0.008388858322262067,-0.6115085661085196,-0.191298406321342,-0.536423705272512,-0.4386417519090147,4,0,0,1
70141,7,-0.813795826035348,-0.8132220897414747,5.0,2,1,-0.7077797740595545,-0.6129811547859425,-0.6371613391861309,-0.536423705272512,-0.4386417519090147,4,0,0,1
70141,8,0.09627861030815892,0.34674662862305955,9.0,1,5,0.7053089512218493,-0.567330905785832,-0.6371613391861309,2.543785765690566,-0.4386417519090147,4,0,0,1
70141,9,1.5150871775495043,1.526375833739535,11.0,1,4,0.8294076431171069,-0.4760949826942493,0.7004274594082358,1.7737333979497962,-0.4386417519090147,4,0,0,1
70141,10,-0.9272400078510206,-1.1867713380283587,3.0,1,1,-0.7251082998090711,-0.3362987283067527,-1.5288872049157087,-0.536423705272512,-0.4386417519090147,4,0,0,1
70141,11,-0.17094546241320321,0.15014176110364696,7.0,2,5,0.16956581791793207,-0.5908923246245987,0.2388896578099192,-0.536423705272512,-0.4386417519090147,4,0,0,1
70141,12,-0.9849704914861073,-1.3833762055477712,3.0,2,1,-0.7412680843983558,-0.3362987283067527,-1.5288872049157087,-0.536423705272512,-0.4386417519090147,4,0,0,1
70180,1,-0.6738813351293518,-0.40035186795070826,6.0,2,1,-0.5929979427982015,-0.6129811547859425,-0.191298406321342,-0.536423705272512,-0.4386417519090147,4,0,0,1
70180,2,-0.25161688059323706,0.15014176110364696,8.0,2,2,-0.4287941858392325,-0.23459605480633752,0.7004274594082358,-0.536423705272512,-0.4386417519090147,4,0,0,1
70315,1,-0.6050585314945104,-0.5183147884623558,6.0,1,1,-0.4380637527643356,-0.4790598132821589,-0.191298406321342,-0.536423705272512,-0.4386417519090147,4,0,0,1
70315,2,0.9362697521077614,0.8972402576774148,11.0,1,4,0.5781834619632926,-0.5114034196957186,1.5921533251378137,0.2336286624682574,-0.4386417519090147,4,0,0,1
70315,3,-0.5773277314951237,-0.20374700043129568,6.0,2,1,-0.6426563370398252,-0.6129811547859425,-0.191298406321342,-0.536423705272512,-0.4386417519090147,4,0,0,1
70315,4,-0.32371696059164234,0.11082078759976445,8.0,2,2,-0.4876275595883562,-0.5761804758739866,0.7004274594082358,-0.536423705272512,-0.4386417519090147,4,0,0,1
70315,5,-0.8954756369426322,-1.0294874440128285,4.0,2,1,-0.766636794663079,-0.6129811547859425,-1.0830242720509198,-0.536423705272512,-0.4386417519090147,4,0,0,1
70315,6,-0.9937939278495486,-1.442357665803595,3.0,1,1,-0.7369147539254884,-0.3362987283067527,-1.5288872049157087,-0.536423705272512,-0.4386417519090147,4,0,0,1
70315,7,-1.0311044587578142,-1.7176044803307726,3.0,1,1,-0.7124126408337123,-0.3362987283067527,-1.5288872049157087,-0.536423705272512,-0.4386417519090147,4,0,0,1
70315,8,-1.0391716005758176,-1.83556740084242,2.0,1,1,-0.6933306338617478,-0.3362987283067527,-1.9747501377804977,-0.536423705272512,-0.4386417519090147,4,0,0,1
70315,9,-1.0535411969391362,-2.1697956756254215,1.0,0,1,-0.6300727812428731,-0.3362987283067527,-2.420613070645287,-0.536423705272512,-0.4386417519090147,4,0,0,1
70315,10,-1.0517765096664478,-2.1108142153695977,1.0,0,1,-0.6420711004860373,-0.3362987283067527,-2.420613070645287,-0.536423705272512,-0.4386417519090147,4,0,0,1
70315,11,3.1002805447871693,1.8409436217705952,11.0,1,2,1.2349984897991686,0.389635548975363,1.5921533251378137,0.2336286624682574,1.9663871696386335,4,0,0,1
70315,12,-0.047921549688651595,0.5040305226385896,9.0,1,2,-0.4380637527643356,-0.39954844751549157,0.7004274594082358,0.2336286624682574,-0.4386417519090147,4,0,0,1
70315,13,-0.9620295569411602,-1.3243947452919473,3.0,2,1,-0.7303314604232607,-0.3362987283067527,-1.5288872049157087,-0.536423705272512,-0.4386417519090147,4,0,0,1
70315,1,-0.6630411133114097,-0.4396728414545908,6.0,2,1,-0.6151555187706667,-0.3362987283067527,-0.191298406321342,-0.536423705272512,-0.4386417519090147,4,0,0,1
70315,2,-0.5158157751328479,-0.28238894743906073,6.0,2,1,-0.49279534407280645,-0.3362987283067527,-0.191298406321342,-0.536423705272512,-0.4386417519090147,4,0,0,1
70315,3,-0.8722826042158726,-0.9508454970050635,5.0,2,1,-0.7212249505674192,-0.3362987283067527,-0.6371613391861309,-0.536423705272512,-0.4386417519090147,4,0,0,1
70315,4,-0.5097654187693454,-0.20374700043129568,6.0,1,1,-0.5047885482981486,-0.3362987283067527,-0.191298406321342,-0.536423705272512,-0.4386417519090147,4,0,0,1
70315,5,-0.9292567933055215,-1.1867713380283587,4.0,1,1,-0.7272925625211863,-0.3362987283067527,-1.0830242720509198,-0.536423705272512,-0.4386417519090147,4,0,0,1
70315,6,-0.558672466040991,-0.20374700043129568,6.0,1,1,-0.5577573174148305,-0.3362987283067527,-0.191298406321342,-0.536423705272512,1.9663871696386335,1,0,0,1
70315,7,-0.5304374696779791,-0.2430679739351782,6.0,1,1,-0.5179043776991149,-0.3362987283067527,-0.191298406321342,-0.536423705272512,-0.4386417519090147,4,0,0,1
70315,8,-0.4906059569515874,-0.16442602692741318,6.0,2,1,-0.4933109563433733,-0.3362987283067527,-0.191298406321342,-0.536423705272512,-0.4386417519090147,4,0,0,1
70315,9,-0.6438816514936517,-0.2430679739351782,6.0,2,1,-0.6407700500950542,-0.3362987283067527,-0.191298406321342,-0.536423705272512,-0.4386417519090147,4,0,0,1
70315,10,-0.544554967859485,-0.40035186795070826,7.0,1,1,-0.49610216268265206,-0.3362987283067527,0.2545645265434469,-0.536423705272512,-0.4386417519090147,4,0,0,1
70315,11,-0.46085837149769987,-0.08578407991964813,6.0,1,1,-0.47963896401136374,-0.3362987283067527,-0.191298406321342,-0.536423705272512,-0.4386417519090147,4,0,0,1
70319,1,-0.5869074624040028,-0.28238894743906073,6.0,2,1,-0.4876275595883562,-0.6129811547859425,-0.191298406321342,-0.536423705272512,-0.4386417519090147,4,0,0,1
70319,2,-0.6615285242205341,-0.40035186795070826,6.0,1,1,-0.6550472887458303,-0.6012018491689208,-0.191298406321342,-0.536423705272512,2.567644400025545,4,0,0,1
70319,3,-0.7976615423993412,-0.754240629485651,5.0,2,1,-0.7170493409846577,-0.6129811547859425,-0.6371613391861309,-0.536423705272512,-0.4386417519090147,4,0,0,1
70319,4,-0.4280856078620611,-0.007142132911883102,7.0,2,1,-0.29542592701887177,-0.5300009933835154,0.1239406204307158,-0.536423705272512,-0.4386417519090147,4,0,0,1
70319,5,-0.9176602769421416,-1.0491479307647698,4.0,1,1,-0.7604413188100764,-0.6115085661085196,-1.0830242720509198,-0.536423705272512,-0.4386417519090147,4,0,0,1
70319,6,-0.9842141969406695,-1.4030366922997124,3.0,1,1,-0.7358124733579962,-0.3362987283067527,-1.5288872049157087,-0.536423705272512,-0.4386417519090147,4,0,0,1
70343,1,-0.18707974604921,-0.007142132911883102,7.0,2,5,-0.2027302577678409,-0.6070922038786125,0.23192304948390685,-0.536423705272512,-0.4386417519090147,4,0,0,1
70343,2,-0.5904368369493792,-0.4396728414545908,6.0,1,1,-0.2768867931686656,-0.6012018491689208,-0.191298406321342,-0.536423705272512,-0.4386417519090147,4,0,0,1
70343,3,-0.7855608296723361,-0.8132220897414747,5.0,2,1,-0.4815739648617583,-0.6115085661085196,-0.6371613391861309,-0.536423705272512,-0.4386417519090147,4,0,0,1
70343,4,-0.4437156951344427,-0.20374700043129568,6.0,2,1,-0.4318209832025315,-0.6115085661085196,-0.191298406321342,-0.536423705272512,-0.4386417519090147,4,0,0,1
70343,5,-0.7013600369469258,-0.6362777089740034,5.0,2,1,-0.5807015785097994,-0.6115085661085196,-0.6371613391861309,-0.536423705272512,-0.4386417519090147,4,0,0,1
70343,6,-0.9348029533053988,-1.3440552320438888,3.0,2,1,-0.6962071790198137,-0.3362987283067527,-1.5288872049157087,-0.536423705272512,-0.4386417519090147,4,0,0,1
70343,7,-0.9675757169410375,-1.36371571879583,3.0,2,1,-0.7270651924738913,-0.3362987283067527,-1.5288872049157087,-0.536423705272512,-0.4386417519090147,4,0,0,1
70343,8,-0.8460643933073615,-0.9705059837570048,4.0,2,1,-0.6178744336278149,-0.6115085661085196,-1.0830242720509198,-0.536423705272512,-0.4386417519090147,4,0,0,1
70343,9,-1.0169869605763082,-1.6586230200749488,2.0,2,1,-0.7110322326154359,-0.3362987283067527,-1.9747501377804977,-0.536423705272512,-0.4386417519090147,4,0,0,1
70343,10,-1.0553058842118244,-2.268098109385128,1.0,0,1,-0.6088014311799183,-0.3362987283067527,-2.420613070645287,-0.536423705272512,-0.4386417519090147,4,0,0,1
70343,11,-1.0371548151213168,-1.8748883743463027,2.0,1,1,-0.6818732941445793,-0.3362987283067527,-1.9747501377804977,-0.536423705272512,-0.4386417519090147,4,0,0,1
70351,1,-0.7250572660373108,-0.6755986824778859,5.0,2,1,-0.5186522325621706,-0.6129811547859425,-0.6371613391861309,-0.536423705272512,-0.4386417519090147,4,0,0,1
70351,2,-0.880349746033876,-0.9311850102531223,5.0,2,1,-0.6860719617196448,-0.6129811547859425,-0.6371613391861309,-0.536423705272512,-0.4386417519090147,4,0,0,1
70351,3,-0.8647196587614944,-0.9705059837570048,4.0,2,1,-0.5807015785097994,-0.6129811547859425,-1.0830242720509198,-0.536423705272512,-0.4386417519090147,4,0,0,1
70351,4,-0.9927855351222981,-1.5013391260594187,3.0,1,1,-0.7219130647934292,-0.3362987283067527,-1.5288872049157087,-0.536423705272512,-0.4386417519090147,4,0,0,1
70351,5,-1.0074072296674292,-1.599641559819125,3.0,2,1,-0.7145664905504702,-0.3362987283067527,-1.5288872049157087,-0.536423705272512,-0.4386417519090147,4,0,0,1
70351,6,-1.0316086551214394,-1.83556740084242,2.0,1,1,-0.6851395851865799,-0.3362987283067527,-1.9747501377804977,-0.536423705272512,-0.4386417519090147,4,0,0,1
70351,7,-0.7396789605824419,-0.5183147884623558,5.0,2,1,-0.7294402926906628,-0.6129811547859425,-0.6371613391861309,-0.536423705272512,-0.4386417519090147,4,0,0,1
70351,8,-0.971105091486414,-1.3243947452919473,4.0,1,1,-0.7401607234519882,-0.3362987283067527,-1.0830242720509198,-0.536423705272512,-0.4386417519090147,4,0,0,1
70351,9,-1.0482471351210714,-1.9928512948579502,2.0,0,1,-0.66606772742605,-0.3362987283067527,-1.9747501377804977,-0.536423705272512,-0.4386417519090147,4,0,0,1
70351,1,-1.0520286078482604,-2.130474702121539,1.0,0,1,-0.6377076092554196,-0.3362987283067527,-2.420613070645287,-0.536423705272512,-0.4386417519090147,4,0,0,1
70351,2,-1.0537932951209488,-2.209116649129304,1.0,0,1,-0.6210727746023601,-0.3362987283067527,-2.420613070645287,-0.536423705272512,-0.4386417519090147,4,0,0,1
70401,1,-0.7815272587633344,-0.754240629485651,5.0,1,1,-0.6612900583076344,-0.6085633887536738,-0.6371613391861309,-0.536423705272512,-0.4386417519090147,4,0,0,1
70401,2,-0.6932928951289224,-0.4789938149584733,6.0,1,1,-0.6488991066016293,-0.5997306642938597,-0.191298406321342,-0.536423705272512,-0.4386417519090147,4,0,0,1
70401,3,-0.4835472078608344,-0.12510505342353065,6.0,1,1,-0.40703907979052123,-0.5982594794187984,-0.191298406321342,-0.536423705272512,-0.4386417519090147,4,0,0,1
70401,4,-0.7991741314902169,-0.7935616029895335,5.0,1,1,-0.6922201438638458,-0.6070922038786125,-0.6371613391861309,-0.536423705272512,-0.4386417519090147,4,0,0,1
70401,5,-0.8763161751248743,-1.0491479307647698,4.0,1,1,-0.6922201438638458,-0.6085633887536738,-1.0830242720509198,-0.536423705272512,-0.4386417519090147,4,0,0,1
70401,6,-0.9605169678502845,-1.3047342585400061,3.0,2,1,-0.7333297845722274,-0.3362987283067527,-1.5288872049157087,-0.536423705272512,-0.4386417519090147,4,0,0,1
70401,7,-0.9917771423950477,-1.4816786393074775,3.0,1,1,-0.7254574373009512,-0.3362987283067527,-1.5288872049157087,-0.536423705272512,-0.4386417519090147,4,0,0,1
70401,8,-1.0361464223940664,-1.8159069140904789,2.0,1,1,-0.6946907321108391,-0.3362987283067527,-1.9747501377804977,-0.536423705272512,-0.4386417519090147,4,0,0,1
70401,9,-1.0550537860300118,-2.209116649129304,1.0,0,1,-0.6224379532303266,-0.3362987283067527,0.21450652866887604,-0.536423705272512,-0.4386417519090147,4,0,0,1
70401,10,-1.0290876733033134,-1.7372649670827138,3.0,2,1,-0.7055918396190705,-0.3362987283067527,-1.5288872049157087,-0.536423705272512,-0.4386417519090147,4,0,0,1
70401,11,-1.0492555278483218,-2.032172268361833,2.0,0,1,-0.6578868279623169,-0.3362987283067527,-1.9747501377804977,-0.536423705272512,-0.4386417519090147,4,0,0,1
70412,1,-0.3343050842277718,0.11082078759976445,7.0,2,1,-0.46284565617634593,-0.6115085661085196,0.16574027038678976,-0.536423705272512,-0.4386417519090147,4,0,0,1
70412,2,-0.11497966605080473,0.307425655119177,7.0,1,1,0.07043820426989089,-0.579122845624109,0.2545645265434469,0.2336286624682574,-0.4386417519090147,4,0,0,1
70412,3,-0.41346391331693,-0.12510505342353065,6.0,1,1,-0.45054929188794385,-0.5967882945437372,-0.191298406321342,-0.536423705272512,-0.4386417519090147,4,0,0,1
70412,4,-0.6509404005844046,-0.40035186795070826,6.0,1,1,-0.710853865131655,-0.5997306642938597,-0.191298406321342,-0.536423705272512,-0.4386417519090147,4,0,0,1
70412,5,-0.8763161751248743,-0.9508454970050635,4.0,2,1,-0.6798291921578407,-0.6115085661085196,-1.0830242720509198,-0.536423705272512,-0.4386417519090147,4,0,0,1
70412,6,-0.9670715205774123,-1.3440552320438888,3.0,2,1,-0.7311556595252313,-0.3362987283067527,-1.5288872049157087,-0.536423705272512,-0.4386417519090147,4,0,0,1
70412,7,-0.8647196587614944,-0.9705059837570048,4.0,2,1,-0.63026538533382,-0.6129811547859425,-1.0830242720509198,-0.536423705272512,-0.4386417519090147,4,0,1,0
70412,8,-0.9872393751224208,-1.4030366922997124,3.0,2,1,-0.7390889020651158,-0.3362987283067527,-1.5288872049157087,-0.536423705272512,-0.4386417519090147,4,1,0,0
70412,9,-1.0124491933036814,-1.6193020465710664,3.0,2,1,-0.7153906665598097,-0.3362987283067527,-1.5288872049157087,-0.536423705272512,-0.4386417519090147,4,0,1,0
70412,10,-1.042700975121194,-1.894548861098244,2.0,2,1,-0.683243553151421,-0.3362987283067527,-1.9747501377804977,-0.536423705272512,-0.4386417519090147,4,0,0,1
70412,12,-1.0522807060300732,-2.1108142153695977,1.0,0,1,-0.6426171719372239,-0.3362987283067527,0.21450652866887604,-0.536423705272512,-0.4386417519090147,4,0,0,1
71003,1,-0.19060912059458648,-0.007142132911883102,6.0,1,1,-0.49084353178686135,-0.5879499548744763,-0.191298406321342,-0.536423705272512,-0.4386417519090147,4,0,0,1
71004,1,-0.3907750769537955,-0.04646310641576562,8.0,2,3,-0.6395349522589231,-0.30090044795413473,0.7004274594082358,-0.536423705272512,-0.4386417519090147,4,0,0,1
71004,2,0.05695129394539242,0.4253885756308246,8.0,1,5,0.5781834619632926,-0.5658934121674516,0.3399054785370979,0.2336286624682574,-0.4386417519090147,4,0,0,1
71004,3,-0.46085837149769987,-0.12510505342353065,6.0,2,3,-0.5186522325621706,-0.3672048411019319,-0.191298406321342,-0.536423705272512,-0.4386417519090147,4,0,0,1
71004,4,-0.6549739714934063,-0.5969567354701208,4.0,1,1,-0.5837283758730984,-0.6041498341284901,-1.0830242720509198,-0.536423705272512,-0.4386417519090147,4,0,0,0
71004,5,-0.38018695331766605,0.032178840591999415,7.0,2,3,-0.4970863013486655,-0.22129923883631858,0.2545645265434469,-0.536423705272512,-0.4386417519090147,4,0,0,1
71004,6,0.22333609394171225,0.6613144166541197,8.0,1,4,-0.15922004567041825,-0.5084385891078089,0.7004274594082358,-0.536423705272512,-0.4386417519090147,4,0,0,1
71004,7,-0.08523208059691725,0.1894627346075295,6.0,2,3,-0.25834765931845943,-0.12714340683240058,-0.191298406321342,-0.536423705272512,-0.4386417519090147,4,0,1,0
71004,8,-0.3867415060447938,-0.007142132911883102,8.0,1,2,-0.06311922938567603,-0.41428275710389095,0.7004274594082358,-0.536423705272512,2.567644400025545,4,0,0,1
71004,9,1.2529050684643943,1.0545241516929449,8.0,2,3,1.0654978374544264,0.9624767558999633,0.2545645265434469,0.2336286624682574,-0.4386417519090147,4,0,0,1
71004,10,1.545338959367017,1.211808045708475,11.0,1,3,2.124876914609065,2.5854070510514653,1.1462903922730248,1.0036810302090269,2.567644400025545,4,0,0,1
71004,11,-0.26674277150199344,0.1894627346075295,8.0,1,2,-0.07863156587258324,-0.22597109309605495,0.7004274594082358,-0.536423705272512,-0.4386417519090147,4,0,0,1
71004,12,-0.6738813351293518,-0.6362777089740034,5.0,1,1,-0.6705596252327376,-0.5997306642938597,-0.6371613391861309,-0.536423705272512,-0.4386417519090147,4,0,0,0
71004,14,0.6680372866591489,0.7399563636618847,7.0,1,3,0.4760290509519525,0.756196421662372,0.2545645265434469,-0.536423705272512,-0.4386417519090147,4,0,0,1
71004,15,0.030733083036881416,0.307425655119177,8.0,2,3,-0.038148151138459555,-0.23603354842471796,0.2545645265434469,0.2336286624682574,-0.4386417519090147,4,0,0,1
71004,16,-0.12808877150506023,0.15014176110364696,5.0,1,3,-0.21181064985773781,0.09063687635223414,-0.6371613391861309,-0.536423705272512,1.9663871696386335,4,0,0,0
71004,17,0.45526642120930955,0.6613144166541197,9.0,1,5,1.0095020862333954,-0.5481942719911426,0.5175539908504123,0.2336286624682574,2.567644400025545,4,0,0,1
71004,18,0.8676990466547326,0.8579192841735322,9.0,2,2,1.3621239790577253,0.9035395175463657,1.1462903922730248,-0.536423705272512,-0.4386417519090147,4,0,0,1
71004,19,-0.49111015331521257,-0.20374700043129568,5.0,1,1,-0.456792061449748,-0.5982594794187984,-0.6371613391861309,-0.536423705272512,-0.4386417519090147,4,0,0,0
71004,20,-0.5478322442230489,-0.36103089444682573,6.0,2,3,-0.6488991066016293,-0.3921812927212919,-0.191298406321342,-0.536423705272512,-0.4386417519090147,4,0,0,1
71004,21,0.22031091575996098,0.5433514961424721,9.0,1,3,0.23766875859215886,0.6261032491989433,0.2545645265434469,1.0036810302090269,-0.4386417519090147,4,0,0,1
71004,22,0.13157235576192372,0.4253885756308246,9.0,1,3,0.4919197371092721,-0.025800106736580466,1.1462903922730248,-0.536423705272512,-0.4386417519090147,4,0,0,1
71004,23,-0.16691189150420152,0.15014176110364696,7.0,2,3,-0.33590934175299547,-0.18320565794923724,0.2545645265434469,-0.536423705272512,-0.4386417519090147,4,0,0,1
71004,24,-0.059013869688406245,0.2681046816152945,7.0,1,3,0.34890356169339587,0.33501079147690677,0.2545645265434469,-0.536423705272512,-0.4386417519090147,4,0,0,1
71004,25,-0.0701061896881609,0.307425655119177,8.0,2,3,-0.4225514162774284,-0.11097160362562078,0.7004274594082358,-0.536423705272512,-0.4386417519090147,4,0,0,1
71004,26,-0.007585840598634666,0.4647095491347071,9.0,2,4,0.11054326933360221,-0.5997306642938597,1.1462903922730248,-0.536423705272512,2.567644400025545,4,0,0,1
71004,27,-0.272793127865496,0.307425655119177,8.0,1,4,0.05757431547587029,-0.5040362649015189,0.7004274594082358,-0.536423705272512,-0.4386417519090147,4,0,1,0
71004,28,0.7678681666569408,0.8579192841735322,9.0,1,2,1.6451295325261786,0.6541343747573616,1.1462903922730248,-0.536423705272512,-0.4386417519090147,4,0,0,1
71004,29,-0.4961521169514647,-0.28238894743906073,6.0,2,3,-0.5093826656370676,-0.3362987283067527,-0.191298406321342,-0.536423705272512,-0.4386417519090147,4,0,0,1
71004,30,-0.35850650968178194,-0.04646310641576562,6.0,1,1,-0.5341645690490778,-0.5982594794187984,-0.191298406321342,-0.536423705272512,-0.4386417519090147,4,0,0,0
71004,31,-0.337330262409523,-0.16442602692741318,6.0,2,1,-0.42576738847593354,-0.44375137628068967,-0.191298406321342,-0.536423705272512,-0.4386417519090147,4,0,0,1
71004,32,-0.2354825969572303,0.307425655119177,9.0,2,3,-0.47533119529995416,-0.2566975191889366,1.1462903922730248,-0.536423705272512,-0.4386417519090147,4,0,0,1
71004,33,-0.4573289969523234,-0.28238894743906073,5.0,1,1,-0.6457777218207272,-0.595317109668676,-0.6371613391861309,-0.536423705272512,-0.4386417519090147,4,0,0,0
71004,34,-0.5894284442221288,-0.32170992094294326,7.0,2,3,-0.5621624446595933,-0.387689125163853,0.2545645265434469,-0.536423705272512,-0.4386417519090147,4,0,1,0
71005,1,-0.5364878260414816,-0.16442602692741318,6.0,2,1,-0.6395349522589231,-0.6085633887536738,-0.191298406321342,-0.536423705272512,-0.4386417519090147,4,0,0,1
71005,2,-0.29800294604675653,0.07149981409588194,6.0,1,1,-0.04760689289876883,-0.5850075851243539,-0.191298406321342,-0.536423705272512,-0.4386417519090147,4,0,0,1
71005,3,-0.118004844232556,0.4253885756308246,8.0,2,3,1.8433847598222608,-0.1803306707124764,0.2545645265434469,0.2336286624682574,1.9663871696386335,4,0,0,1
71006,1,-0.9902645533041721,-1.4816786393074775,2.0,1,1,-0.7238192229473914,-0.3362987283067527,-1.9747501377804977,-0.536423705272512,1.9663871696386335,1,0,0,0
71006,2,-0.5730420624043094,-0.28238894743906073,6.0,1,1,-0.36693401472680987,-0.5938459247936148,-0.191298406321342,-0.536423705272512,-0.4386417519090147,4,0,0,1
71006,3,-0.5453112624049228,-0.2430679739351782,7.0,1,4,-0.28634553492897485,-0.5600086726672068,0.2545645265434469,-0.536423705272512,-0.4386417519090147,4,0,0,1
71006,4,1.0108908139242927,1.29044999271624,12.0,1,4,1.681451100885766,-0.29658796709899343,1.1462903922730248,1.7737333979497962,-0.4386417519090147,4,0,0,1
71008,1,-0.4351443569528141,-0.28238894743906073,5.0,1,1,-0.47533119529995416,-0.6012018491689208,-0.6371613391861309,-0.536423705272512,-0.4386417519090147,1,0,0,0
71008,2,-0.08926565150591895,0.228783708111412,8.0,1,1,0.22858836650226194,-0.5879499548744763,0.2545645265434469,0.2336286624682574,-0.4386417519090147,4,0,0,1
71008,3,-0.25917982604761525,0.032178840591999415,8.0,1,1,-0.11873663093629457,-0.5894323701684311,0.2545645265434469,0.2336286624682574,-0.4386417519090147,4,0,0,1
71008,4,-0.10136636423292403,0.07149981409588194,6.0,2,4,0.0795185963597878,-0.6070922038786125,-0.191298406321342,-0.536423705272512,-0.4386417519090147,4,0,0,1
71008,5,-0.06909779696091048,0.307425655119177,9.0,1,3,-0.3419629364795934,0.3838855745018413,0.7004274594082358,0.2336286624682574,-0.4386417519090147,4,0,0,1
71008,6,-0.34993517150015335,-0.08578407991964813,6.0,2,4,-0.6705596252327376,-0.5379072082846077,-1.0830242720509198,1.0036810302090269,-0.4386417519090147,4,0,0,0
71008,7,0.07611075576315046,0.4647095491347071,6.0,1,1,0.11962366142349912,-0.5908923246245987,-0.191298406321342,0.2336286624682574,-0.4386417519090147,4,0,0,0
71008,8,0.4744258830270676,0.5433514961424721,6.0,1,4,0.22480486979813824,-0.49523161648893876,-0.191298406321342,-0.536423705272512,1.9663871696386335,4,0,0,0
71008,9,0.19005913394244828,0.3860676021269421,8.0,1,2,0.39279212346123094,0.14238664661392952,0.2545645265434469,0.2336286624682574,-0.4386417519090147,4,0,0,1
71008,10,-0.17195385514045364,0.11082078759976445,7.0,2,2,0.2005904908917465,-0.12714340683240058,0.2545645265434469,-0.536423705272512,-0.4386417519090147,4,0,0,1
71008,11,-0.7583342260365747,-0.7935616029895335,3.0,2,1,-0.7263662016185622,-0.6129811547859425,-1.5288872049157087,-0.536423705272512,-0.4386417519090147,1,0,0,0
71008,12,0.21325216666920802,0.5433514961424721,8.0,1,3,0.36782104521401443,0.44426030647381926,0.7004274594082358,-0.536423705272512,-0.4386417519090147,4,0,0,1
71008,13,-0.11447546968717952,0.34674662862305955,12.0,1,4,-0.5373805412475829,-0.5070010954894285,0.7004274594082358,2.543785765690566,-0.4386417519090147,4,0,0,1
71008,14,-0.680183789674667,-0.4789938149584733,6.0,2,3,-0.40703907979052123,-0.46576299731214,-0.191298406321342,-0.536423705272512,-0.4386417519090147,4,0,0,1
71008,15,-0.1699370696859528,0.11082078759976445,7.0,2,3,-0.17775917952062442,-0.028675093973341323,-0.191298406321342,0.2336286624682574,-0.4386417519090147,4,0,0,1
71008,16,-0.6574949533115324,-0.36103089444682573,7.0,1,3,-0.5466501081726861,-0.29353329315993504,0.2545645265434469,-0.536423705272512,-0.4386417519090147,4,0,0,1
71008,17,-0.6373270987665239,-0.4396728414545908,6.0,1,3,-0.549676905535985,-0.2435803899212152,-0.191298406321342,-0.536423705272512,-0.4386417519090147,4,0,0,1
71008,18,-0.4583373896795738,-0.08578407991964813,7.0,1,3,-0.2644012540450574,0.009777860318335108,0.2545645265434469,-0.536423705272512,-0.4386417519090147,4,0,0,1
71008,19,-0.7091750805831166,-0.7935616029895335,3.0,2,1,-0.6705596252327376,-0.6129811547859425,-1.5288872049157087,-0.536423705272512,-0.4386417519090147,1,0,0,0
71008,20,-0.550353226041175,-0.5576357619662383,4.0,0,1,-0.627144000552918,-0.6129811547859425,-1.0830242720509198,-0.536423705272512,-0.4386417519090147,4,0,0,0
71008,21,-0.3232127642280171,0.07149981409588194,7.0,2,4,-0.22126939161804707,-0.6070922038786125,-0.191298406321342,0.2336286624682574,-0.4386417519090147,4,0,0,1
71008,22,0.4683755266635651,0.5433514961424721,5.0,1,4,-0.001448233108459577,-0.5688133210797869,-0.6371613391861309,-0.536423705272512,-0.4386417519090147,4,0,0,0
71008,23,0.10232896667166146,0.34674662862305955,8.0,1,2,0.42078999907174636,0.18191772111939128,0.2545645265434469,0.2336286624682574,-0.4386417519090147,4,0,0,1
71008,24,0.4683755266635651,0.5040305226385896,9.0,2,3,0.2906377124498908,0.2746360595049288,-0.191298406321342,1.7737333979497962,-0.4386417519090147,4,0,0,1
71008,25,0.4250146393917969,0.9365612311812973,9.0,1,4,-0.032094556411861624,-0.4259623927532319,0.7004274594082358,0.2336286624682574,2.567644400025545,4,0,0,1
71008,26,0.46232517030006254,0.7006353901580022,10.0,1,3,0.08254539372308677,1.0027265772146152,1.5921533251378137,-0.536423705272512,-0.4386417519090147,4,0,0,1
71008,27,0.7456835266574314,0.8972402576774148,10.0,1,3,2.261082795957518,0.6591656024216931,1.1462903922730248,0.2336286624682574,-0.4386417519090147,4,0,0,1
71008,28,-0.5680000987680573,-0.32170992094294326,7.0,2,3,-0.7015370044977505,-0.45992317948746947,0.2545645265434469,-0.536423705272512,-0.4386417519090147,4,0,0,1
71008,29,0.6549281812048934,0.7399563636618847,10.0,1,3,0.05152072074927235,0.6469469066654595,0.7004274594082358,1.0036810302090269,1.9663871696386335,4,0,0,1
71008,30,-0.5894284442221288,-0.5183147884623558,5.0,2,3,-0.6953415286447479,-0.4643255036937596,-1.0830242720509198,0.2336286624682574,-0.4386417519090147,4,0,0,0
71008,31,-0.49867309876959076,-0.16442602692741318,6.0,1,1,-0.45981885881304696,-0.5982594794187984,-0.191298406321342,-0.536423705272512,-0.4386417519090147,4,0,0,1
71008,32,-0.25917982604761525,-0.12510505342353065,5.0,1,1,-0.2522940645918615,-0.5923747399185535,-1.0830242720509198,0.2336286624682574,-0.4386417519090147,1,0,0,0
71008,33,0.04283379576388649,0.6219934431502372,11.0,1,4,-0.18381277424722237,-0.4922667859010291,1.5921533251378137,0.2336286624682574,-0.4386417519090147,4,0,0,1
71008,34,-0.5314458624052295,-0.2430679739351782,6.0,2,3,-0.5063558682737686,-0.39954844751549157,-0.191298406321342,-0.536423705272512,-0.4386417519090147,4,0,0,1
71008,35,-0.1356517169594384,-0.08578407991964813,5.0,1,1,-0.2148374472210368,-0.5850075851243539,-0.6371613391861309,-0.536423705272512,-0.4386417519090147,4,0,0,0
71008,36,-0.4593457824068242,-0.20374700043129568,6.0,2,3,-0.4009854850639233,-0.3936187863396723,-0.191298406321342,-0.536423705272512,-0.4386417519090147,4,0,0,1
71008,37,0.1567821739431843,0.6219934431502372,8.0,1,5,0.10146287724370531,-0.5600086726672068,0.3851884326561781,0.2336286624682574,-0.4386417519090147,4,0,0,1
71008,38,0.475434275754318,0.7006353901580022,9.0,1,2,1.0125288835966946,0.5233224554847428,1.1462903922730248,-0.536423705272512,-0.4386417519090147,4,0,0,1
71008,39,2.67272202843299,1.4084129132278875,12.0,1,2,4.859588332349682,3.7124020478617203,0.7004274594082358,2.543785765690566,-0.4386417519090147,4,0,0,1
71008,40,-0.8652238551251196,-1.0294874440128285,3.0,2,1,-0.7325616774715649,-0.6129811547859425,-1.5288872049157087,-0.536423705272512,-0.4386417519090147,1,0,0,0
71008,41,-0.6549739714934063,-0.6755986824778859,5.0,1,1,-0.6705596252327376,-0.6041498341284901,-1.0830242720509198,0.2336286624682574,-0.4386417519090147,4,0,0,0
71008,42,2.4024727775298764,1.369091939724005,16.0,2,2,1.7132324732004052,2.7435313490733124,0.7004274594082358,5.623995236653643,1.9663871696386335,4,0,0,1
71008,43,-0.5453112624049228,-0.40035186795070826,5.0,2,2,-0.5248950021239748,-0.3848141379270922,-1.0830242720509198,0.2336286624682574,-0.4386417519090147,4,0,0,0
71008,44,-0.59825188058557,-0.5969567354701208,4.0,1,1,-0.6891933465005469,-0.6085633887536738,-1.0830242720509198,-0.536423705272512,-0.4386417519090147,4,0,0,0
71008,45,-0.6637974078568476,-0.6362777089740034,3.0,1,1,-0.627144000552918,-0.6085633887536738,-1.5288872049157087,-0.536423705272512,1.9663871696386335,4,0,0,0
71008,46,0.8384556575644704,1.13316609870071,8.0,2,4,-0.1872179212809337,-0.5246553139901631,0.7004274594082358,-0.536423705272512,-0.4386417519090147,4,0,0,1
71008,47,-0.6297641533121457,-0.6362777089740034,4.0,1,1,-0.6550472887458303,-0.6056210190035514,-1.0830242720509198,-0.536423705272512,-0.4386417519090147,4,0,0,0
71008,48,0.7618178102934382,1.29044999271624,10.0,1,4,0.5229444100830866,-0.40691560230969126,1.1462903922730248,0.2336286624682574,-0.4386417519090147,4,0,0,1
71008,49,0.5258539121168392,1.0152031781890622,9.0,1,4,0.867242610158344,-0.4422240393111605,0.7004274594082358,0.2336286624682574,2.567644400025545,4,0,0,1
71011,1,0.04081701030938564,0.5826724696463547,8.0,1,4,-0.29542592701887177,-0.4922667859010291,0.7004274594082358,-0.536423705272512,1.9663871696386335,4,0,0,0
71011,2,1.0955958030133284,1.1724870722045924,11.0,1,4,1.4468743052300963,-0.28023647718991607,1.5921533251378137,0.2336286624682574,-0.4386417519090147,4,0,0,1
71013,1,-0.0701061896881609,0.2681046816152945,6.0,1,1,-0.1398922522777363,-0.3362987283067527,-0.191298406321342,0.2336286624682574,-0.4386417519090147,4,0,0,0
71015,1,0.5097196284808324,0.7792773371657672,11.0,2,4,0.34587676433009695,0.36088567660775445,1.1462903922730248,1.0036810302090269,-0.4386417519090147,4,0,0,1
71015,2,3.2011198175122115,1.8802645952744776,14.0,2,4,2.895196843568652,2.916030583278964,1.1462903922730248,3.313838133431335,2.567644400025545,4,0,0,1
71015,3,0.6166092575693772,0.7792773371657672,9.0,2,4,0.7181728400158699,0.4615102298943844,0.7004274594082358,0.2336286624682574,-0.4386417519090147,4,0,0,1
71015,4,0.1477066393979305,0.5433514961424721,10.0,2,4,0.3708478425773134,0.016605955005642138,1.1462903922730248,0.2336286624682574,-0.4386417519090147,4,0,0,1
71015,5,1.3295429157354264,1.0938451251968273,12.0,1,3,1.4408207105034985,2.479032523291314,2.0380162580026027,0.2336286624682574,-0.4386417519090147,4,0,0,1
71015,6,-0.42707721513481073,-0.04646310641576562,7.0,1,4,-0.2678064010787687,-0.052034365272023264,0.2545645265434469,-0.536423705272512,-0.4386417519090147,4,0,0,1
71015,7,-0.16338251695882505,0.2681046816152945,9.0,2,4,-0.27385999580536663,-0.27879898357153565,0.7004274594082358,0.2336286624682574,-0.4386417519090147,4,0,0,1
71015,8,-0.5730420624043094,-0.28238894743906073,7.0,2,4,-0.6519259039649283,-0.6129811547859425,-0.191298406321342,0.2336286624682574,2.567644400025545,4,0,0,1
71015,9,-0.26674277150199344,0.11082078759976445,7.0,2,3,-0.3979586877006243,-0.3765485496214047,0.2545645265434469,-0.536423705272512,-0.4386417519090147,4,0,0,1
71015,10,0.04686736667288818,0.5433514961424721,9.0,2,3,0.11659686406020014,-0.07898737061665627,0.7004274594082358,0.2336286624682574,-0.4386417519090147,4,0,0,1
71015,11,0.22636127212346352,0.3860676021269421,9.0,1,3,-0.3483948808766037,0.6541343747573616,0.2545645265434469,1.0036810302090269,-0.4386417519090147,4,0,0,1
71015,12,-0.15481117877719644,0.2681046816152945,8.0,2,4,-0.10662944148309869,-0.2701740218612531,0.7004274594082358,-0.536423705272512,-0.4386417519090147,4,0,0,1
71015,13,0.3483767921207647,0.5826724696463547,11.0,1,2,0.011415655685561034,0.6483844002838399,1.5921533251378137,0.2336286624682574,-0.4386417519090147,4,0,0,1
71015,14,0.3080410830307478,0.6613144166541197,8.0,2,3,0.33376957487690107,0.1689802785539674,0.7004274594082358,-0.536423705272512,-0.4386417519090147,4,0,0,1
71015,15,0.9201354684717546,1.0545241516929449,6.0,2,3,0.01746925041215897,0.7504464471888502,-0.191298406321342,-0.536423705272512,-0.4386417519090147,4,0,0,1
71015,16,-0.39380025513554673,-0.12510505342353065,7.0,2,3,-0.47835799266325313,-0.49729801356536063,0.2545645265434469,-0.536423705272512,-0.4386417519090147,4,0,0,1
71015,17,0.055942901218141994,0.5040305226385896,8.0,2,3,0.2096708829816434,-0.07036240890637371,0.7004274594082358,-0.536423705272512,-0.4386417519090147,4,0,0,1
71015,18,-0.5077486333148445,-0.08578407991964813,8.0,2,3,-0.4535760892512428,-0.6054694083484877,0.7004274594082358,-0.536423705272512,-0.4386417519090147,4,0,0,1
71015,19,0.19812627576045166,0.6219934431502372,9.0,2,3,-0.026040961685263687,0.06476199122138646,1.1462903922730248,-0.536423705272512,-0.4386417519090147,4,0,0,1
71015,20,1.1661832939208578,1.13316609870071,9.0,1,3,1.4862226709529829,1.9069100631759037,0.7004274594082358,0.2336286624682574,-0.4386417519090147,4,0,0,1
71015,21,-0.40791775331705266,0.032178840591999415,9.0,2,3,-0.31093826350577897,-0.5105948295353796,0.2545645265434469,1.0036810302090269,-0.4386417519090147,4,0,0,1
71015,22,0.2424955557594703,0.5040305226385896,8.0,2,3,-0.07863156587258324,0.10644930615441885,0.7004274594082358,-0.536423705272512,-0.4386417519090147,4,0,0,1
71015,23,0.3393012575755109,0.6613144166541197,8.0,2,3,0.19075339946102485,0.19844889773076618,0.7004274594082358,-0.536423705272512,-0.4386417519090147,4,0,0,1
71015,24,0.7688765593841912,1.13316609870071,10.0,2,3,-0.2522940645918615,0.6066970853508076,1.5921533251378137,-0.536423705272512,-0.4386417519090147,4,0,0,1
71015,25,0.856606726654978,0.8972402576774148,13.0,1,2,0.7491975129896843,1.093288675172582,0.2545645265434469,4.083890501172104,-0.4386417519090147,4,0,0,1
71015,26,0.36350268302952105,0.8972402576774148,8.0,2,4,-0.007501827835057512,0.221448795624853,0.7004274594082358,-0.536423705272512,1.9663871696386335,4,0,0,1
71015,27,2.0959213884457477,1.8802645952744776,11.0,1,4,-0.29542592701887177,0.43635409157272687,2.0380162580026027,-0.536423705272512,-0.4386417519090147,4,0,0,1
71015,28,2.688856312068997,1.7229807012589475,14.0,1,3,1.7692282244214361,2.5624071531573787,0.2545645265434469,4.853942868912874,-0.4386417519090147,4,0,0,1
71015,29,-0.25161688059323706,0.228783708111412,9.0,2,3,-0.40401228242722226,-0.36217361343760046,0.7004274594082358,0.2336286624682574,-0.4386417519090147,4,0,0,1
71015,30,1.414247904824462,1.0545241516929449,12.0,2,3,0.9535063350123646,1.2197881135900597,1.1462903922730248,1.7737333979497962,2.567644400025545,4,0,0,1
71015,31,-0.025736909689142284,0.3860676021269421,12.0,2,3,-0.227322986344645,-0.14798706429891678,1.5921533251378137,1.0036810302090269,2.567644400025545,4,0,0,1
71015,32,-0.3978338260445484,0.032178840591999415,8.0,2,3,-0.6891933465005469,-0.5012511210159067,0.7004274594082358,-0.536423705272512,-0.4386417519090147,4,0,0,1
71015,33,-0.22388608059385043,0.1894627346075295,8.0,2,3,-0.3574752729665006,-0.3362987283067527,0.2545645265434469,0.2336286624682574,-0.4386417519090147,4,0,0,1
71015,34,-0.39027088059017023,-0.08578407991964813,8.0,2,3,-0.3760144068167068,-0.4940636529240046,0.2545645265434469,0.2336286624682574,-0.4386417519090147,4,0,0,1
71015,35,0.7608094175661878,0.9365612311812973,8.0,1,2,1.1336007781286532,0.4629477235127648,0.7004274594082358,-0.536423705272512,1.9663871696386335,4,0,0,1
71015,36,0.6176176502966277,0.8972402576774148,9.0,2,3,0.16956581791793207,0.4629477235127648,1.1462903922730248,-0.536423705272512,-0.4386417519090147,4,0,0,1
71015,37,-0.4290940005893116,0.032178840591999415,8.0,2,3,-0.36693401472680987,-0.5307197401927055,0.7004274594082358,-0.536423705272512,-0.4386417519090147,4,0,0,1
71015,38,3.043810552061146,1.4870548602356526,12.0,1,3,3.5005563162284457,4.6898977083604105,1.1462903922730248,1.7737333979497962,-0.4386417519090147,4,0,0,1
71015,39,1.7429839339081,1.4084129132278875,12.0,2,3,2.3655073049913327,1.5302867351602318,2.0380162580026027,0.2336286624682574,1.9663871696386335,4,0,0,1
71015,40,1.5211375339130069,1.526375833739535,11.0,2,3,1.1366275754919521,1.3204126668766896,1.5921533251378137,0.2336286624682574,-0.4386417519090147,4,0,0,1
71015,41,1.3315597011899274,1.29044999271624,12.0,2,3,1.1275471834020552,1.1421634581975166,1.5921533251378137,1.0036810302090269,-0.4386417519090147,4,0,0,1
71015,42,1.8902092720866617,1.3297709662201225,11.0,1,3,2.7499105701303015,2.343908123163554,1.5921533251378137,0.2336286624682574,1.9663871696386335,4,0,0,1
71015,43,0.7285408502941743,0.8579192841735322,11.0,1,3,1.2849406462936015,1.8379103694936434,0.7004274594082358,1.7737333979497962,-0.4386417519090147,4,0,0,1
71015,44,1.4908857520954941,1.369091939724005,11.0,2,3,1.4589814946832922,1.291662794509081,1.5921533251378137,0.2336286624682574,-0.4386417519090147,4,0,0,1
71015,45,1.5251711048220085,1.369091939724005,11.0,1,2,1.6103213628482405,1.1234760411585711,2.0380162580026027,-0.536423705272512,-0.4386417519090147,4,0,0,1
71018,1,-0.3448932078639012,0.07149981409588194,9.0,2,3,-0.5311377716857789,-0.45093884437259185,0.7004274594082358,0.2336286624682574,-0.4386417519090147,4,0,0,1
71019,1,-0.26422178968386734,0.15014176110364696,8.0,2,3,-0.6023620971409077,-0.3743923091938341,0.7004274594082358,-0.536423705272512,-0.4386417519090147,4,0,0,1
71019,2,1.571557170275528,1.3297709662201225,13.0,2,3,1.7283664600169002,1.369287449901624,0.2545645265434469,4.083890501172104,-0.4386417519090147,4,0,0,0
71019,3,2.0293674684472203,1.8802645952744776,16.0,1,4,0.779465486622674,0.5319474171950253,2.0380162580026027,3.313838133431335,2.567644400025545,4,0,0,1
71019,4,0.5601392648433535,0.8185983106696497,9.0,1,4,1.1245203860387563,-0.3612751799261127,0.2545645265434469,1.0036810302090269,-0.4386417519090147,4,0,0,1
71019,5,0.41997267575554476,0.7006353901580022,9.0,2,3,0.6220720237311277,0.275354806314119,0.7004274594082358,0.2336286624682574,-0.4386417519090147,4,0,0,1
71019,6,0.601483366660621,0.9758822046851798,12.0,2,3,-0.2367817281049543,0.4471352937105801,0.2545645265434469,3.313838133431335,-0.4386417519090147,4,0,0,1
71019,7,0.4865265957540727,0.7006353901580022,11.0,2,3,0.05757431547587029,0.33860452552285786,1.5921533251378137,0.2336286624682574,-0.4386417519090147,4,0,0,1
71019,8,0.46333356302731293,0.7006353901580022,9.0,2,3,0.20361728825504546,0.3163233744379612,1.1462903922730248,-0.536423705272512,-0.4386417519090147,4,0,0,1
71019,9,0.8092122684742081,0.7399563636618847,13.0,1,3,0.178646210007829,1.1795382922754079,0.2545645265434469,4.083890501172104,2.567644400025545,4,0,0,1
71019,10,-0.12304680786880812,0.5040305226385896,10.0,2,3,-0.4318209832025315,-0.23998665587526413,1.1462903922730248,0.2336286624682574,-0.4386417519090147,4,0,0,1
71019,11,-0.24556652422973455,0.15014176110364696,7.0,2,3,-0.5156254351988716,-0.35642363896407875,0.20579826826136063,0.2336286624682574,2.567644400025545,4,0,0,1
71019,12,-0.05498029877940455,0.6219934431502372,10.0,2,4,-0.4535760892512428,-0.1760181898573351,0.2545645265434469,1.7737333979497962,-0.4386417519090147,4,0,0,1
71019,13,-0.14674403695919305,0.1894627346075295,7.0,2,3,-0.1157098335729956,-0.262986553769351,0.2545645265434469,-0.536423705272512,-0.4386417519090147,4,0,0,1
71019,14,0.7668597739296903,1.0545241516929449,9.0,2,3,0.46089506413545767,0.605259591732427,1.1462903922730248,-0.536423705272512,-0.4386417519090147,4,0,0,1
71019,15,1.8176049957246312,1.4870548602356526,15.0,1,3,2.115796522519168,2.3194707316510863,0.2545645265434469,5.623995236653643,2.567644400025545,4,0,0,1
71019,16,1.2468547121008917,1.29044999271624,12.0,2,3,1.781335413874632,1.0616638155682128,1.5921533251378137,1.0036810302090269,-0.4386417519090147,4,0,0,1
71019,17,2.594067395707457,1.7623016747628302,12.0,1,2,3.924307947090301,2.3697830082944016,2.0380162580026027,0.2336286624682574,-0.4386417519090147,4,0,0,1
71019,18,0.09728700303540934,0.3860676021269421,10.0,2,3,-0.3760144068167068,-0.030831334400911962,0.7004274594082358,1.0036810302090269,-0.4386417519090147,4,0,0,1
71019,19,0.020649155764377182,0.4253885756308246,8.0,2,3,-0.24586212019485118,-0.10414350893831376,0.7004274594082358,-0.536423705272512,-0.4386417519090147,4,0,0,1
71019,20,-0.3564897242272811,0.2681046816152945,8.0,1,4,-0.5311377716857789,-0.5732381061238642,0.7004274594082358,-0.536423705272512,-0.4386417519090147,4,0,0,1
71019,21,1.1742504357388612,1.0938451251968273,11.0,1,3,1.0533906480012305,1.1551009007629405,1.1462903922730248,1.0036810302090269,-0.4386417519090147,4,0,0,1
71019,22,0.4401405303005532,0.9365612311812973,12.0,1,4,0.8581622180684472,-0.25238503833379533,0.2545645265434469,3.313838133431335,-0.4386417519090147,4,0,0,1
71019,23,0.5460217666618477,1.0938451251968273,11.0,1,4,-0.08165836323588221,-0.18464315156761768,1.5921533251378137,0.2336286624682574,-0.4386417519090147,4,0,0,1
71019,24,-0.15077760786819475,0.34674662862305955,10.0,2,4,-0.2678064010787687,-0.266580287815302,1.1462903922730248,0.2336286624682574,-0.4386417519090147,4,0,0,1
71019,25,0.4129139266647918,0.8579192841735322,9.0,2,4,-0.13424896742320178,0.2688860850314071,1.1462903922730248,-0.536423705272512,-0.4386417519090147,4,0,0,1
71019,26,1.9910485448117041,1.7229807012589475,11.0,1,4,1.186569731986385,-0.2671193479221947,1.5921533251378137,0.2336286624682574,-0.4386417519090147,4,0,0,1
71019,27,3.4794362102333283,1.8802645952744776,11.0,1,4,1.1547883596717459,3.384653502870983,0.7004274594082358,1.7737333979497962,2.567644400025545,4,0,0,1
71019,28,2.6646548866149864,1.44773388673177,12.0,1,4,1.8146301848709208,5.290770040843429,1.5921533251378137,1.0036810302090269,-0.4386417519090147,4,0,0,1
71019,29,0.21627734485095929,0.9365612311812973,10.0,1,4,0.665203886158138,-0.4290170666922903,0.7004274594082358,1.0036810302090269,-0.4386417519090147,4,0,0,1
71019,30,0.8455144066552234,1.29044999271624,12.0,1,4,0.15064833439731354,-0.3760094895145121,2.0380162580026027,0.2336286624682574,2.567644400025545,4,0,0,1
71019,31,2.174576021171281,1.0938451251968273,12.0,1,3,1.8085765901443227,4.735897504148585,0.7004274594082358,2.543785765690566,-0.4386417519090147,4,0,0,1
71019,32,0.64686103938689,1.0938451251968273,12.0,1,4,2.035586392391745,-0.29353329315993504,1.5921533251378137,1.0036810302090269,-0.4386417519090147,4,0,0,1
71019,33,0.03174147576413184,0.3860676021269421,9.0,2,3,-0.28634553492897485,-0.09336230680046055,1.1462903922730248,-0.536423705272512,2.567644400025545,4,0,0,1
71019,34,2.4286909884383876,1.4870548602356526,10.0,1,3,3.2493321350746314,2.338158148690032,1.1462903922730248,0.2336286624682574,-0.4386417519090147,4,0,0,1
71019,35,1.1439986539213487,1.2511290192123574,12.0,1,4,1.9508360662193742,-0.2288460803328158,0.7004274594082358,2.543785765690566,-0.4386417519090147,4,0,0,1
71019,36,-0.3095994624101364,-0.007142132911883102,8.0,2,3,-0.456792061449748,-0.4175171177452469,0.2545645265434469,0.2336286624682574,-0.4386417519090147,4,0,0,1
71019,37,-0.4018673969535501,-0.12510505342353065,6.0,2,3,-0.5156254351988716,-0.505204228466453,-0.191298406321342,-0.536423705272512,-0.4386417519090147,4,1,0,0
71019,38,0.0388002248548848,0.5040305226385896,8.0,2,4,-0.6550472887458303,-0.08689358551774863,0.7004274594082358,-0.536423705272512,-0.4386417519090147,4,0,0,1
71019,39,2.884484501155579,1.6443387542511827,13.0,1,3,2.1279037119723636,4.235649724952196,1.5921533251378137,1.7737333979497962,-0.4386417519090147,4,0,0,1
71019,40,2.0152499702657143,1.3297709662201225,13.0,1,3,3.8819327840041153,2.213096203890935,2.0380162580026027,1.0036810302090269,-0.4386417519090147,4,0,0,1
71019,41,-0.22035670604847396,0.3860676021269421,8.0,1,4,-0.36693401472680987,-0.5010714343136092,0.7004274594082358,-0.536423705272512,-0.4386417519090147,4,0,0,1
71019,42,2.1402906684447665,1.526375833739535,10.0,1,4,3.070751090639992,-0.013940784384941942,1.1462903922730248,0.2336286624682574,-0.4386417519090147,4,0,0,1
71019,43,1.702648224818083,1.6443387542511827,12.0,1,4,0.923238361379375,-0.20512743562953878,1.5921533251378137,1.0036810302090269,-0.4386417519090147,4,0,0,1
71019,44,1.2367707848283875,1.4084129132278875,11.0,1,4,2.453284428527003,-0.055268725913379224,1.5921533251378137,0.2336286624682574,-0.4386417519090147,4,0,0,1
71019,45,0.23140323575971564,0.5433514961424721,8.0,2,3,0.13854114494411765,0.09638685082575585,0.2545645265434469,0.2336286624682574,-0.4386417519090147,4,0,0,1
71020,1,0.6710624648409002,1.13316609870071,9.0,1,3,-0.12516857533330486,-0.23028357395119625,0.7004274594082358,0.2336286624682574,-0.4386417519090147,4,0,0,1
71020,2,0.7315660284759256,0.8185983106696497,7.0,2,4,0.011415655685561034,0.5707597448912969,-0.6371613391861309,1.0036810302090269,-0.4386417519090147,4,0,0,0
71020,3,0.15375699576143304,0.5433514961424721,6.0,2,3,-0.5063558682737686,0.022355929479163844,-0.191298406321342,-0.536423705272512,-0.4386417519090147,4,0,0,0
71020,4,0.7860192357474484,1.0152031781890622,10.0,2,3,0.6742842782480348,0.6225095151529922,1.5921533251378137,-0.536423705272512,-0.4386417519090147,4,0,0,1
71020,5,-0.04590476423415075,0.228783708111412,7.0,2,3,-0.053660487625366765,-0.16739322814705254,-0.6371613391861309,1.0036810302090269,-0.4386417519090147,4,0,0,0
71020,6,0.6972806757494111,0.8579192841735322,9.0,1,3,1.0806318242709212,0.9524143005713003,0.7004274594082358,0.2336286624682574,-0.4386417519090147,4,0,0,1
71020,7,0.6307267557508832,0.8972402576774148,10.0,2,4,0.3277159801503031,0.47588516607818865,0.2545645265434469,1.7737333979497962,-0.4386417519090147,4,0,0,1
71020,9,0.2646801957589796,0.5040305226385896,8.0,1,3,-0.4287941858392325,-0.007831436506825126,0.7004274594082358,-0.536423705272512,-0.4386417519090147,4,0,0,1
71020,10,1.662312515728066,1.0152031781890622,9.0,1,2,1.6284821470280342,0.5412911257144981,-0.6371613391861309,2.543785765690566,-0.4386417519090147,4,0,0,0
71020,11,-0.43060658968018717,-0.20374700043129568,6.0,2,3,-0.5899711454349026,-0.5321572338110859,-1.0830242720509198,1.0036810302090269,-0.4386417519090147,1,0,0,0
71020,12,-0.6070753169490113,-0.4396728414545908,4.0,2,3,-0.6736810100136396,-0.6129811547859425,-1.0830242720509198,-0.536423705272512,-0.4386417519090147,4,0,0,0
71020,13,0.823329766655714,1.211808045708475,10.0,1,4,0.342849966966798,0.009777860318335108,1.1462903922730248,0.2336286624682574,-0.4386417519090147,4,0,0,1
71020,14,1.045176166650807,0.9365612311812973,8.0,1,3,1.52405763799422,0.9121644792566483,0.2545645265434469,0.2336286624682574,-0.4386417519090147,4,0,1,0
71020,15,0.4865265957540727,0.4253885756308246,10.0,2,3,-0.4938703291501603,0.33860452552285786,0.7004274594082358,1.0036810302090269,-0.4386417519090147,4,0,0,0
71020,16,-0.6789232987656039,-0.6362777089740034,4.0,2,3,-0.6891933465005469,-0.6129811547859425,-1.0830242720509198,-0.536423705272512,-0.4386417519090147,4,0,0,0
71020,18,0.8697158321092335,1.1724870722045924,11.0,1,4,0.7552511077162822,-0.03442506844686303,1.5921533251378137,0.2336286624682574,-0.4386417519090147,4,0,0,1
71020,19,-0.009602626053135513,0.4647095491347071,9.0,1,3,0.10146287724370531,0.1359179253312176,1.1462903922730248,-0.536423705272512,2.567644400025545,4,0,0,1
71020,20,2.3722209957123637,1.29044999271624,12.0,1,3,4.490319054027208,2.8786557492010725,1.5921533251378137,1.0036810302090269,-0.4386417519090147,4,0,0,1
71020,21,-0.14573564423194263,0.307425655119177,9.0,2,3,-0.3760144068167068,-0.2615490601509705,0.7004274594082358,0.2336286624682574,-0.4386417519090147,4,0,0,1
71020,22,0.8021535193834551,0.9365612311812973,8.0,1,3,0.22480486979813824,0.7087591322558179,0.7004274594082358,-0.536423705272512,1.9663871696386335,4,0,0,1
71020,23,1.505003250277,1.526375833739535,12.0,2,3,2.2020602473731885,1.3060377306928854,2.0380162580026027,0.2336286624682574,-0.4386417519090147,4,0,0,1
71020,24,1.793403570270621,1.3297709662201225,12.0,1,3,2.822553706849477,2.287845872046717,1.5921533251378137,1.0036810302090269,-0.4386417519090147,4,0,0,1
71020,25,2.059619250264733,1.4084129132278875,15.0,1,3,3.5308242898614353,2.9850302769612242,0.7004274594082358,4.853942868912874,2.567644400025545,4,0,0,1
71020,26,1.1036629448313318,1.2511290192123574,12.0,1,3,2.69542821759092,-0.007831436506825126,2.0380162580026027,0.2336286624682574,-0.4386417519090147,4,0,0,1
71020,27,-0.5591766624046162,-0.5576357619662383,4.0,1,2,-0.5124094630003665,-0.2906583059231742,-1.0830242720509198,-0.536423705272512,-0.4386417519090147,1,0,0,0
71020,28,0.5772819412066108,0.7006353901580022,8.0,1,3,1.2879674436569004,0.19485516368481512,0.7004274594082358,-0.536423705272512,1.9663871696386335,4,0,0,1
71020,29,0.2505626975774737,0.5433514961424721,9.0,1,3,0.2838274183824681,0.8072274451148771,1.1462903922730248,-0.536423705272512,-0.4386417519090147,4,0,0,1
71020,30,2.251213868442313,1.44773388673177,13.0,1,3,3.082858280093188,3.6462773414162206,2.0380162580026027,1.0036810302090269,-0.4386417519090147,4,0,0,1
71020,31,1.2750897084639037,1.2511290192123574,13.0,1,4,1.1835429346230861,0.1143555210555112,1.1462903922730248,2.543785765690566,-0.4386417519090147,4,0,0,1
71020,32,0.3877041084835312,0.7399563636618847,11.0,2,3,-0.10019749708608838,0.24444869351893986,1.5921533251378137,0.2336286624682574,-0.4386417519090147,4,0,0,1
71020,33,0.3534187557570168,0.3860676021269421,7.0,1,2,1.2259180977092716,0.06404324441219623,-0.191298406321342,0.2336286624682574,-0.4386417519090147,4,0,0,0
71020,34,-0.26270920059299174,0.15014176110364696,8.0,2,3,-0.2522940645918615,-0.3729548155754536,0.7004274594082358,-0.536423705272512,-0.4386417519090147,4,0,0,1
71020,35,-0.04086280059789863,0.307425655119177,8.0,2,3,-0.35142167823990267,-0.16236200048272106,0.7004274594082358,-0.536423705272512,-0.4386417519090147,4,0,0,1
71020,36,-0.6108567896762003,-0.36103089444682573,4.0,2,3,-0.6860719617196448,-0.6129811547859425,-1.0830242720509198,-0.536423705272512,-0.4386417519090147,4,0,0,0
71020,37,1.757101432089606,1.44773388673177,10.0,2,2,2.1838994631933946,1.4167247393081783,1.5921533251378137,-0.536423705272512,-0.4386417519090147,4,0,0,1
71020,38,-0.19514688786721338,0.11082078759976445,8.0,2,2,-0.25834765931845943,-0.30898634955752463,-0.6371613391861309,1.7737333979497962,-0.4386417519090147,4,0,0,0
71020,39,0.3272005448485058,0.7006353901580022,9.0,2,4,0.18772660209772588,0.18694894878372276,0.2545645265434469,1.0036810302090269,-0.4386417519090147,4,0,0,1
71020,40,-0.28086026968349936,-0.12510505342353065,5.0,1,3,-0.27385999580536663,-0.11097160362562078,-0.6371613391861309,-0.536423705272512,-0.4386417519090147,4,0,0,0
71020,41,2.5839834684349525,1.6443387542511827,11.0,1,3,3.981817096992981,2.7176564639424647,1.5921533251378137,0.2336286624682574,-0.4386417519090147,4,0,0,1
71020,42,-0.7041331169468644,-0.7149196559817684,4.0,2,3,-0.7139752499125571,-0.6129811547859425,-1.0830242720509198,-0.536423705272512,-0.4386417519090147,4,0,0,0
71020,43,-0.09027404423316937,0.6219934431502372,7.0,2,4,-0.4287941858392325,-0.20908054308008495,0.2545645265434469,-0.536423705272512,-0.4386417519090147,4,0,1,0
71020,44,-0.3867415060447938,0.11082078759976445,7.0,2,4,-0.3048846687791811,-0.49082929228264865,0.2545645265434469,-0.536423705272512,-0.4386417519090147,4,0,0,1
71020,45,-0.291952589683254,0.07149981409588194,7.0,2,3,-0.5929979427982015,-0.40062656772927685,-0.191298406321342,0.2336286624682574,-0.4386417519090147,4,0,0,1
71020,46,-0.6486715169480912,-0.5183147884623558,6.0,2,3,-0.6178744336278149,-0.6129811547859425,-0.6371613391861309,0.2336286624682574,2.567644400025545,4,0,0,0
71020,47,-0.12052582605068206,0.307425655119177,8.0,2,3,-0.456792061449748,-0.23783041544769348,0.2545645265434469,0.2336286624682574,2.567644400025545,4,0,0,1
71020,48,0.7073646030219154,0.6613144166541197,8.0,1,3,0.6530966967049421,1.4512245861493085,0.7004274594082358,-0.536423705272512,-0.4386417519090147,4,0,0,1
71020,49,3.3624626538722793,1.4870548602356526,14.0,1,3,4.130130167794631,7.096262025529247,0.7004274594082358,4.083890501172104,-0.4386417519090147,4,0,0,1
71020,50,4.895219599292923,2.1555114098016555,13.0,1,3,4.1210497757047335,3.5341528391825476,2.0380162580026027,1.0036810302090269,2.567644400025545,4,0,0,1
71020,51,-0.6285036624030828,-0.4789938149584733,4.0,2,3,-0.6891933465005469,-0.6129811547859425,-1.0830242720509198,-0.536423705272512,-0.4386417519090147,4,0,0,0
71021,1,-0.30707848059201037,-0.04646310641576562,6.0,2,3,-0.5559196750977892,-0.41500150391308116,-0.6371613391861309,0.2336286624682574,-0.4386417519090147,4,0,1,0
71029,1,-0.4704381024065789,-0.28238894743906073,5.0,1,1,-0.6519259039649283,-0.5923747399185535,-0.6371613391861309,-0.536423705272512,-0.4386417519090147,4,0,0,0
71031,1,-0.15481117877719644,0.07149981409588194,5.0,2,1,-0.620995818408717,-0.2701740218612531,-0.6371613391861309,0.2336286624682574,-0.4386417519090147,4,0,0,0
71031,2,-0.44926185513432,-0.28238894743906073,6.0,1,2,-0.5373805412475829,-0.41572025072227137,-0.6371613391861309,0.2336286624682574,-0.4386417519090147,4,0,0,0
71031,3,-0.10287895332379965,0.15014176110364696,6.0,1,4,-0.3294773973559852,-0.5908923246245987,-0.6371613391861309,0.2336286624682574,2.567644400025545,4,0,0,0
71031,4,-0.28590223331975145,-0.007142132911883102,5.0,1,1,-0.3760144068167068,-0.5967882945437372,-0.6371613391861309,-0.536423705272512,-0.4386417519090147,4,0,0,0
71033,1,-1.055557982393637,-2.2877585961370692,1.0,0,1,-0.6044379514956162,-0.3362987283067527,0.21450652866887604,-0.536423705272512,-0.4386417519090147,4,0,0,1
71033,2,-0.7369058805825032,-0.6755986824778859,5.0,2,1,-0.7387571533245674,-0.6129811547859425,-0.6371613391861309,-0.536423705272512,-0.4386417519090147,4,0,0,0
71033,3,1.3839961230069493,1.29044999271624,12.0,1,4,2.9405988040181366,0.04068397311351429,1.1462903922730248,1.7737333979497962,-0.4386417519090147,4,0,0,1
71033,4,1.0794615193773216,1.1724870722045924,12.0,2,4,1.6451295325261786,0.9006645303096049,1.1462903922730248,1.7737333979497962,-0.4386417519090147,4,0,0,1
71033,5,1.1117300866493351,1.29044999271624,8.0,2,3,1.511950448541024,0.9322893899139743,0.7004274594082358,-0.536423705272512,-0.4386417519090147,4,0,0,1
71033,6,0.46333356302731293,0.6219934431502372,8.0,2,3,1.1336007781286532,0.3163233744379612,0.7004274594082358,-0.536423705272512,2.567644400025545,4,0,0,0
71033,7,-0.20724760059421846,0.15014176110364696,7.0,1,3,0.41700650236762266,-0.28922081230479374,-0.191298406321342,0.2336286624682574,-0.4386417519090147,4,0,0,0
71033,8,0.987697781197533,1.29044999271624,14.0,1,3,0.873296204884942,0.813696166397589,1.1462903922730248,3.313838133431335,-0.4386417519090147,4,0,0,1
71033,9,1.8781085593596567,1.7229807012589475,12.0,2,4,1.3681775737843231,1.6596611608144702,1.5921533251378137,1.0036810302090269,-0.4386417519090147,4,0,0,1
71033,10,1.0613104502868138,1.2511290192123574,12.0,2,3,1.195650124076282,0.8834146068890397,-0.191298406321342,4.083890501172104,-0.4386417519090147,4,0,0,1
71033,11,0.4643419557545634,0.7792773371657672,12.0,2,3,0.19075339946102485,0.3170421212471514,0.7004274594082358,2.543785765690566,-0.4386417519090147,4,0,0,1
71033,12,0.9634963557435229,1.211808045708475,11.0,2,3,1.0715514321810244,0.7906962685035022,0.7004274594082358,1.7737333979497962,-0.4386417519090147,4,0,0,1
71033,13,1.2932407775544112,1.44773388673177,11.0,2,3,1.7601478323315392,1.1047886241196256,1.1462903922730248,1.0036810302090269,-0.4386417519090147,4,0,0,1
71033,14,0.34131804303001173,0.7399563636618847,8.0,1,4,0.05757431547587029,-0.48489963110682943,0.7004274594082358,-0.536423705272512,1.9663871696386335,4,0,0,1
71033,15,1.5150871775495043,1.4870548602356526,10.0,1,4,2.009858614803704,-0.12426841959563974,1.1462903922730248,0.2336286624682574,2.567644400025545,4,0,0,1
71033,16,0.6357687193871353,0.9365612311812973,10.0,2,4,1.5891337813051476,0.48019764693332995,1.1462903922730248,0.2336286624682574,2.567644400025545,4,0,0,1
71033,17,0.17291645757919108,0.6613144166541197,8.0,1,3,0.18167300737112796,-0.04628439079850156,0.7004274594082358,-0.536423705272512,-0.4386417519090147,4,0,0,1
71033,18,0.23644519939596775,0.7399563636618847,10.0,2,4,0.32468918278700415,0.10069933168089713,0.7004274594082358,1.0036810302090269,-0.4386417519090147,4,0,0,1
71033,19,-0.20119724423071592,0.3860676021269421,9.0,2,4,-0.2644012540450574,-0.31473632403104634,0.7004274594082358,0.2336286624682574,2.567644400025545,4,0,0,1
71033,20,-0.3171624078645146,-0.04646310641576562,6.0,2,4,-0.552703702899284,-0.42470458583714904,-0.191298406321342,-0.536423705272512,-0.4386417519090147,4,0,0,0
71033,21,-0.22741545513922692,0.307425655119177,8.0,1,3,-0.17775917952062442,-0.45255602469326983,0.7004274594082358,-0.536423705272512,2.567644400025545,4,0,0,1
71033,22,1.0270250975602995,1.13316609870071,11.0,1,4,2.3231321419051474,-0.222736732454699,1.5921533251378137,0.2336286624682574,-0.4386417519090147,4,0,0,1
71033,23,0.37156982484752443,0.8185983106696497,9.0,2,3,0.11054326933360221,0.22935501052594537,0.2545645265434469,1.0036810302090269,-0.4386417519090147,4,0,0,1
71033,24,2.4428084866198936,2.0375484892900078,13.0,2,4,1.3787713645558695,2.194408786851989,0.2545645265434469,4.083890501172104,1.9663871696386335,4,0,0,1
71033,25,0.7527422757481844,1.0152031781890622,9.0,2,3,1.0397700598663853,0.5908846555486228,0.7004274594082358,0.2336286624682574,-0.4386417519090147,4,0,0,1
71033,26,-0.09934957877842318,0.2681046816152945,6.0,2,3,0.0795185963597878,-0.21770550479036752,-0.191298406321342,-0.536423705272512,1.9663871696386335,4,0,0,1
71033,27,1.1016461593768307,1.13316609870071,11.0,2,4,1.0034484915067976,0.9236644282036918,1.5921533251378137,0.2336286624682574,-0.4386417519090147,4,0,0,1
71033,28,-0.4583373896795738,-0.12510505342353065,7.0,2,4,-0.7914423449294901,-0.5587508657511239,-0.191298406321342,0.2336286624682574,-0.4386417519090147,4,0,0,0
71033,29,0.6670288939318985,1.13316609870071,10.0,1,4,0.19453689616514855,-0.31707225116091453,1.1462903922730248,0.2336286624682574,-0.4386417519090147,4,0,0,1
71033,30,-0.08019011696066514,0.228783708111412,7.0,2,3,-0.3760144068167068,-0.19973683456061217,0.2545645265434469,-0.536423705272512,-0.4386417519090147,4,0,0,1
71033,31,0.24652912666847196,0.34674662862305955,6.0,1,3,1.195650124076282,0.33501079147690677,-0.191298406321342,-0.536423705272512,-0.4386417519090147,4,0,0,0
71033,32,-0.7759810987634571,-0.7739011162375922,4.0,1,1,-0.7263662016185622,-0.5114034196957186,-1.0830242720509198,-0.536423705272512,-0.4386417519090147,4,0,0,0
71033,33,-0.7583342260365747,-0.7149196559817684,4.0,1,1,-0.7325616774715649,-0.6026730340439821,-1.0830242720509198,-0.536423705272512,-0.4386417519090147,4,0,0,0
71033,34,-1.0003484805766762,-1.6586230200749488,2.0,1,1,-0.6930119324578561,-0.3362987283067527,-1.9747501377804977,-0.536423705272512,-0.4386417519090147,4,0,0,0
71037,1,0.058968079399893264,0.6219934431502372,8.0,2,4,-0.5621624446595933,-0.06748742166961286,0.7004274594082358,-0.536423705272512,-0.4386417519090147,4,0,0,1
71037,2,-0.5097654187693454,-0.2430679739351782,8.0,1,4,-0.6116316640660108,-0.49523161648893876,-0.6371613391861309,1.7737333979497962,-0.4386417519090147,4,0,0,0
71037,3,-0.27077634241099513,-0.007142132911883102,5.0,2,4,-0.3419629364795934,-0.380861030476546,-0.6371613391861309,-0.536423705272512,-0.4386417519090147,4,0,0,0
71037,4,-0.272793127865496,0.032178840591999415,7.0,1,1,-0.5031398960752634,-0.5864900004183087,-0.191298406321342,0.2336286624682574,-0.4386417519090147,4,0,0,0
71037,5,-0.5415297896777337,-0.5183147884623558,5.0,2,3,-0.6426563370398252,-0.6129811547859425,-1.0830242720509198,0.2336286624682574,-0.4386417519090147,4,0,0,0
71038,1,-0.09934957877842318,0.228783708111412,7.0,2,4,0.25961303947607633,-0.21770550479036752,0.2545645265434469,-0.536423705272512,1.9663871696386335,4,0,0,1
71038,2,-0.12153421877793248,0.228783708111412,8.0,2,4,-0.35444847560320164,-0.2385491622568837,0.7004274594082358,-0.536423705272512,-0.4386417519090147,4,0,1,0
71038,3,0.8676990466547326,1.0545241516929449,12.0,2,4,0.715146042652571,0.7001341705455353,1.1462903922730248,1.7737333979497962,-0.4386417519090147,4,0,0,1
71038,4,1.9063435557226684,1.6050177807473,10.0,1,3,1.1366275754919521,1.311787705166407,1.5921533251378137,-0.536423705272512,1.9663871696386335,4,0,0,1
71038,5,0.9403033230167631,0.9365612311812973,8.0,2,4,1.3999589460989623,0.7691338642277958,0.7004274594082358,-0.536423705272512,-0.4386417519090147,4,0,0,1
71038,6,0.4482076721185566,0.6219934431502372,7.0,2,4,0.14762153703401457,0.30194843825415696,-0.191298406321342,0.2336286624682574,-0.4386417519090147,4,0,0,0
71038,7,0.4996357012083282,0.5826724696463547,8.0,2,4,0.8944837864280347,0.3508232212790915,-0.6371613391861309,1.7737333979497962,-0.4386417519090147,4,0,0,0
71038,8,1.494919323004496,1.369091939724005,12.0,1,3,2.7862321384898894,1.0544763474763106,1.1462903922730248,1.7737333979497962,-0.4386417519090147,4,0,0,1
71038,9,-0.3716156151360374,-0.08578407991964813,5.0,2,4,-0.5929979427982015,-0.4764543560988444,-0.6371613391861309,-0.536423705272512,-0.4386417519090147,4,0,0,0
71038,10,-0.2354825969572303,-0.007142132911883102,8.0,1,3,-0.4535760892512428,-0.26999433515895555,-0.6371613391861309,1.7737333979497962,2.567644400025545,4,0,0,0
71038,11,-0.15834055332257294,0.07149981409588194,5.0,2,3,-0.3328825443896965,-0.27376775590720415,-0.6371613391861309,-0.536423705272512,-0.4386417519090147,4,0,0,0
71038,12,0.42299785393729605,0.8579192841735322,10.0,2,4,0.17259261528123104,0.2782297935508799,1.1462903922730248,0.2336286624682574,-0.4386417519090147,4,0,0,1
71038,13,0.17291645757919108,0.5826724696463547,7.0,2,4,0.014442453048860002,0.0410433465181094,0.2545645265434469,-0.536423705272512,-0.4386417519090147,4,0,0,0
71038,14,0.21829413030546013,0.6219934431502372,9.0,2,4,0.22177807243483927,0.08344940826033201,1.1462903922730248,-0.536423705272512,-0.4386417519090147,4,0,0,1
71038,15,-0.5755630442224355,-0.4789938149584733,5.0,1,1,-0.6644114430885365,-0.5967882945437372,-0.6371613391861309,-0.536423705272512,-0.4386417519090147,4,0,0,0
70024,1,-0.40791775331705266,-0.08578407991964813,7.0,2,1,-0.5466501081726861,-0.6100373812334584,0.1326488808382312,-0.536423705272512,-0.4386417519090147,4,0,0,1
70024,2,0.24047877030496945,0.5826724696463547,7.0,1,2,0.507053723925767,-0.5379072082846077,0.2545645265434469,-0.536423705272512,-0.4386417519090147,4,0,0,1
70024,3,-0.30707848059201037,0.032178840591999415,7.0,1,1,-0.2148374472210368,-0.567330905785832,0.17793183495731132,-0.536423705272512,2.567644400025545,4,0,0,1
70024,4,-0.9348029533053988,-1.2064318247802999,3.0,2,1,-0.7286628330743437,-0.3362987283067527,-1.5288872049157087,-0.536423705272512,-0.4386417519090147,4,0,0,1
70024,5,-0.987743571486046,-1.4816786393074775,3.0,1,1,-0.7210888887840897,-0.3362987283067527,-1.5288872049157087,-0.536423705272512,-0.4386417519090147,4,0,0,1
70024,6,-1.0079114260310544,-1.5603205863152425,3.0,2,1,-0.7243855697288163,-0.3362987283067527,-1.5288872049157087,-0.536423705272512,-0.4386417519090147,4,0,0,1
70024,7,-0.682704771492793,-0.4789938149584733,6.0,2,1,-0.6798291921578407,-0.6100373812334584,-0.191298406321342,-0.536423705272512,-0.4386417519090147,4,0,0,1
70024,8,-0.9247190260328946,-1.1081293910205936,4.0,1,1,-0.74495262917757,-0.6129811547859425,-1.0830242720509198,-0.536423705272512,-0.4386417519090147,4,0,0,1
70024,9,-1.0558100805754496,-2.268098109385128,1.0,0,1,-0.6093475026311048,-0.3362987283067527,0.21450652866887604,-0.536423705272512,-0.4386417519090147,4,0,0,1
70024,10,-0.7810230623997092,-0.754240629485651,5.0,2,1,-0.6612900583076344,-0.6129811547859425,-0.6371613391861309,-0.536423705272512,-0.4386417519090147,4,0,0,1
70024,11,-0.8818623351247515,-0.9508454970050635,5.0,1,1,-0.7232448168376602,-0.6100373812334584,-0.6371613391861309,-0.536423705272512,-0.4386417519090147,4,0,0,1
70024,12,-1.0442135642120698,-1.9338698346021264,2.0,1,1,-0.6756087251388745,-0.3362987283067527,-1.9747501377804977,-0.536423705272512,-0.4386417519090147,4,0,0,1
70024,13,-1.0479950369392588,-1.973190808106009,2.0,0,1,-0.6704312071103521,-0.3362987283067527,-1.9747501377804977,-0.536423705272512,-0.4386417519090147,4,0,0,1
70024,14,-0.511278007860221,-0.20374700043129568,7.0,1,1,-0.4876275595883562,-0.595317109668676,0.08736592671915107,-0.536423705272512,-0.4386417519090147,4,0,0,1
70024,15,-0.10287895332379965,0.307425655119177,7.0,2,1,-0.5714320115846964,-0.6129811547859425,0.2545645265434469,0.2336286624682574,-0.4386417519090147,4,0,0,1
70024,16,-1.0570705714845126,-2.3467400563928926,1.0,0,1,-0.5921666080731743,-0.3362987283067527,-2.420613070645287,-0.536423705272512,-0.4386417519090147,4,0,0,1
70025,1,-0.9121141169422643,-1.0294874440128285,4.0,1,1,-0.7387571533245674,-0.6100373812334584,-1.0830242720509198,-0.536423705272512,-0.4386417519090147,4,0,0,1
70025,2,-0.5238829169508513,-0.2430679739351782,6.0,1,1,-0.14673450654681,-0.5835476306681863,-0.191298406321342,-0.536423705272512,2.567644400025545,4,0,0,1
70025,3,-0.6675788805840366,-0.4396728414545908,7.0,2,1,-0.4535760892512428,-0.6129811547859425,0.017699843459027805,-0.536423705272512,2.567644400025545,4,0,0,1
70025,4,-0.7482502987640705,-0.5969567354701208,6.0,2,1,-0.5807015785097994,-0.6129811547859425,-0.191298406321342,-0.536423705272512,2.567644400025545,4,0,0,1
70025,5,-0.8364846623984825,-0.8918640367492398,4.0,2,1,-0.7263662016185622,-0.6129811547859425,-1.0830242720509198,-0.536423705272512,-0.4386417519090147,4,0,0,1
70025,6,-0.4961521169514647,-0.12510505342353065,6.0,2,1,-0.40401228242722226,-0.6115085661085196,-0.191298406321342,-0.536423705272512,-0.4386417519090147,4,0,0,1
70025,7,-0.9322819714872728,-1.1867713380283587,3.0,2,1,-0.7305689912283059,-0.3362987283067527,-1.5288872049157087,-0.536423705272512,-0.4386417519090147,4,0,0,1
70025,8,-0.3574981169545315,0.07149981409588194,7.0,1,1,-0.5124094630003665,-0.5820652153742314,0.15529035789777126,-0.536423705272512,1.9663871696386335,4,0,0,1
70025,9,-0.10640832786917613,0.2681046816152945,8.0,2,2,0.48208264567855047,-0.3567830123686738,0.7004274594082358,-0.536423705272512,-0.4386417519090147,4,0,0,1
70025,10,-0.9993400878494259,-1.4030366922997124,3.0,2,1,-0.7521945707083317,-0.3362987283067527,-1.5288872049157087,-0.536423705272512,-0.4386417519090147,4,0,0,1
70025,11,-1.0255582987579368,-1.7372649670827138,2.0,1,1,-0.7017693625533955,-0.3362987283067527,-1.9747501377804977,-0.536423705272512,-0.4386417519090147,4,0,0,1
70026,1,-0.6083358078580743,-0.32170992094294326,5.0,1,1,-0.4846007622250572,-0.5967882945437372,-0.6371613391861309,-0.536423705272512,1.9663871696386335,4,0,0,1
70026,2,-0.5692605896771203,-0.40035186795070826,6.0,1,1,-0.35444847560320164,-0.595317109668676,-0.191298406321342,-0.536423705272512,-0.4386417519090147,4,0,0,1
70026,3,-0.42304364422580903,-0.16442602692741318,7.0,1,1,-0.21181064985773781,-0.5806052609180637,0.12568227251221886,-0.536423705272512,2.567644400025545,4,0,0,1
70026,4,-0.9335424623963358,-1.1081293910205936,4.0,2,1,-0.7573435808835751,-0.6129811547859425,-1.0830242720509198,-0.536423705272512,-0.4386417519090147,4,0,0,1
70026,5,0.07106879212689834,0.34674662862305955,7.0,2,2,0.12567725615009706,-0.5600086726672068,0.2545645265434469,-0.536423705272512,-0.4386417519090147,4,0,0,1
70026,6,-0.8490895714891128,-0.9311850102531223,4.0,1,1,-0.7232448168376602,-0.6085633887536738,-1.0830242720509198,-0.536423705272512,-0.4386417519090147,4,0,0,1
70026,7,-0.3272463351370188,0.032178840591999415,7.0,2,1,-0.06917282411227398,-0.6100373812334584,0.16922357454979592,-0.536423705272512,-0.4386417519090147,4,0,0,1
70026,8,0.011573621219123375,0.4253885756308246,8.0,1,4,0.05152072074927235,-0.5364247929906528,0.2545645265434469,0.2336286624682574,-0.4386417519090147,4,0,0,1
70026,9,-0.9713571896682266,-1.3047342585400061,3.0,1,1,-0.7450702861337926,-0.3362987283067527,-1.5288872049157087,-0.536423705272512,-0.4386417519090147,4,0,0,1
70026,10,-0.7684181533090789,-0.7149196559817684,5.0,1,1,-0.6333867701147221,-0.6056210190035514,-0.6371613391861309,-0.536423705272512,-0.4386417519090147,4,0,0,1
70026,11,-0.9902645533041721,-1.442357665803595,3.0,1,1,-0.7330922537671822,-0.3362987283067527,-1.5288872049157087,-0.536423705272512,-0.4386417519090147,4,0,0,1
70026,12,1.087528661195325,1.0545241516929449,9.0,1,2,1.527084435357519,-0.09623729403722141,0.7979599759724084,0.2336286624682574,2.567644400025545,4,0,0,1
70034,1,-0.5730420624043094,-0.32170992094294326,6.0,2,1,-0.37904120418000575,-0.6100373812334584,-0.191298406321342,-0.536423705272512,2.567644400025545,4,0,0,1
70034,2,0.08316950485390343,0.4253885756308246,7.0,1,4,0.5569958804201999,-0.5437919477848525,0.2545645265434469,-0.536423705272512,-0.4386417519090147,4,0,0,1
70034,3,-0.30707848059201037,0.032178840591999415,6.0,2,1,-0.552703702899284,-0.6100373812334584,-0.191298406321342,-0.536423705272512,-0.4386417519090147,4,0,0,1
70034,4,-0.7469898078550075,-0.6362777089740034,6.0,1,1,-0.6829505769387427,-0.6056210190035514,-0.191298406321342,-0.536423705272512,-0.4386417519090147,4,0,0,1
70034,5,-0.3701030260451618,-0.04646310641576562,7.0,1,1,-0.25532086195516046,-0.5908923246245987,0.15006540165326201,-0.536423705272512,-0.4386417519090147,4,0,0,1
70034,6,-0.7974094442175286,-0.7935616029895335,5.0,1,1,-0.5807015785097994,-0.6070922038786125,-0.6371613391861309,-0.536423705272512,-0.4386417519090147,4,0,0,1
70034,7,-0.7293429351281251,-0.5183147884623558,6.0,1,1,-0.6891933465005469,-0.6085633887536738,-0.191298406321342,-0.536423705272512,2.567644400025545,4,0,0,1
70034,8,-0.9234585351238315,-1.147450364524476,4.0,1,1,-0.7294402926906628,-0.6085633887536738,-1.0830242720509198,-0.536423705272512,-0.4386417519090147,4,0,1,0
70034,9,-0.946147371486966,-1.2654132850361237,4.0,1,1,-0.727039836764778,-0.3362987283067527,-1.0830242720509198,-0.536423705272512,2.567644400025545,4,0,0,1
70034,10,-0.9700966987591636,-1.36371571879583,3.0,2,1,-0.7297955497298244,-0.3362987283067527,-1.5288872049157087,-0.536423705272512,1.9663871696386335,4,0,0,1
70034,11,-1.0104324078491804,-1.599641559819125,3.0,2,1,-0.7178428961649586,-0.3362987283067527,-1.5288872049157087,-0.536423705272512,-0.4386417519090147,4,0,0,1
70034,12,-1.0336254405759402,-1.8159069140904789,2.0,1,1,-0.6919603864012217,-0.3362987283067527,-1.9747501377804977,-0.536423705272512,-0.4386417519090147,4,0,0,1
70039,1,-0.43060658968018717,-0.2430679739351782,6.0,1,1,0.02957643986535484,-0.5908923246245987,-0.191298406321342,-0.536423705272512,-0.4386417519090147,4,0,0,1
70039,2,-0.8528710442163019,-1.0098269572608873,4.0,1,1,-0.5807015785097994,-0.6070922038786125,-1.0830242720509198,-0.536423705272512,-0.4386417519090147,4,0,0,1
70039,3,-0.8629549714888061,-0.911524523501181,4.0,1,1,-0.7356357685436653,-0.6070922038786125,-1.0830242720509198,-0.536423705272512,1.9663871696386335,4,0,0,1
70039,4,-0.8049723896719068,-0.754240629485651,4.0,1,1,-0.7232448168376602,-0.6100373812334584,-1.0830242720509198,-0.536423705272512,1.9663871696386335,4,0,0,1
70039,5,-0.9486683533050921,-1.36371571879583,4.0,2,1,-0.706587593878603,-0.3362987283067527,-1.0830242720509198,-0.536423705272512,-0.4386417519090147,4,0,0,1
70039,6,-0.947407862396029,-1.285073771788065,3.0,2,1,-0.7237685115291648,-0.3362987283067527,-1.5288872049157087,-0.536423705272512,2.567644400025545,4,0,0,1
70039,7,-1.0066509351219914,-1.5603205863152425,3.0,1,1,-0.7230204026471654,-0.3362987283067527,-1.5288872049157087,-0.536423705272512,-0.4386417519090147,4,0,0,1
70039,8,-1.033121244212315,-1.7765859405865962,2.0,2,1,-0.7006873573161414,-0.3362987283067527,-1.9747501377804977,-0.536423705272512,-0.4386417519090147,4,0,0,1
70039,9,-1.0568184733027,-2.30741908288901,1.0,0,1,-0.6011666031673717,-0.3362987283067527,0.21450652866887604,-0.536423705272512,-0.4386417519090147,4,0,0,1
70039,10,-1.0570705714845126,-2.3467400563928926,1.0,0,1,-0.5921666080731743,-0.3362987283067527,0.21450652866887604,-0.536423705272512,-0.4386417519090147,4,0,0,1
70039,11,-0.39279186240829633,-0.007142132911883102,7.0,1,1,-0.1652736403970162,-0.5923747399185535,0.13961548916424352,-0.536423705272512,-0.4386417519090147,4,0,0,1
70039,12,-0.6045543351308852,-0.40035186795070826,6.0,1,1,-0.41025505198902634,-0.6026730340439821,-0.191298406321342,-0.536423705272512,2.567644400025545,4,0,0,1
70039,13,-1.0532890987573236,-2.130474702121539,1.0,0,1,-0.6390727878833862,-0.3362987283067527,-2.420613070645287,-0.536423705272512,-0.4386417519090147,4,0,0,1
70039,14,-0.02472851696189186,0.2681046816152945,8.0,1,1,-0.09111710499619148,-0.579122845624109,0.3033307848255332,0.2336286624682574,-0.4386417519090147,4,0,0,1
70056,1,-0.7495107896731336,-0.7149196559817684,6.0,1,1,-0.4412797249628408,-0.6056210190035514,-0.191298406321342,-0.536423705272512,-0.4386417519090147,4,0,0,1
70056,2,-0.5818654987677506,-0.16442602692741318,5.0,1,1,-0.6644114430885365,-0.5938459247936148,-0.6371613391861309,-0.536423705272512,1.9663871696386335,4,0,0,1
70056,3,-0.8024514078537808,-0.7935616029895335,5.0,2,1,-0.5992407123600056,-0.6115085661085196,-0.6371613391861309,-0.536423705272512,-0.4386417519090147,4,0,0,1
70056,4,-0.8957277351244449,-1.0491479307647698,5.0,2,1,-0.6922201438638458,-0.6129811547859425,-0.6371613391861309,-0.536423705272512,-0.4386417519090147,4,0,0,1
70056,5,-0.9385844260325878,-1.226092311532241,5.0,1,1,-0.7281218189094009,-0.3362987283067527,-0.6371613391861309,-0.536423705272512,-0.4386417519090147,4,0,0,1
70056,6,-1.0003484805766762,-1.52099961281136,3.0,2,1,-0.7254675749660704,-0.3362987283067527,-1.5288872049157087,-0.536423705272512,2.567644400025545,4,0,0,1
70056,7,-1.0116928987582436,-1.599641559819125,2.0,2,1,-0.7192080632466095,-0.3362987283067527,-1.9747501377804977,-0.536423705272512,1.9663871696386335,4,0,0,1
70056,8,-0.6625369169477845,-0.4396728414545908,6.0,1,1,-0.6550472887458303,-0.5967882945437372,-0.191298406321342,-0.536423705272512,-0.4386417519090147,4,0,0,1
70056,9,-0.5329584514961051,-0.2430679739351782,6.0,1,1,-0.4815739648617583,-0.5850075851243539,-0.191298406321342,-0.536423705272512,-0.4386417519090147,4,0,0,1
70056,10,-1.0303481642123764,-1.7765859405865962,2.0,1,1,-0.6976839643346151,-0.3362987283067527,-1.9747501377804977,-0.536423705272512,-0.4386417519090147,4,0,0,1
70056,11,-0.0701061896881609,0.34674662862305955,9.0,1,1,0.6220720237311277,-0.6026730340439821,0.2841726119289993,0.2336286624682574,1.9663871696386335,4,0,0,1
70056,12,-0.3448932078639012,0.15014176110364696,6.0,2,1,-0.6581686735267324,-0.6100373812334584,-0.191298406321342,-0.536423705272512,-0.4386417519090147,4,0,0,1
70056,13,-1.0522807060300732,-2.0911537286176567,1.0,0,1,-0.6472536873471193,-0.3362987283067527,0.21450652866887604,-0.536423705272512,-0.4386417519090147,4,0,0,1
70056,14,-1.0565663751208874,-2.3467400563928926,1.0,0,1,-0.5916205366219878,-0.3362987283067527,0.21450652866887604,-0.536423705272512,-0.4386417519090147,4,0,0,1
70056,15,-1.0548016878481992,-2.209116649129304,1.0,0,1,-0.6221649175047334,-0.3362987283067527,0.21450652866887604,-0.536423705272512,-0.4386417519090147,4,0,0,1
70056,16,0.3040075121217461,0.6613144166541197,8.0,1,4,-0.10019749708608838,-0.562928581579542,0.2545645265434469,0.2336286624682574,1.9663871696386335,4,0,0,1
70056,17,-0.10136636423292403,0.4253885756308246,9.0,1,4,-0.5682160393861913,-0.5806052609180637,0.7004274594082358,0.2336286624682574,2.567644400025545,4,0,0,1
70068,1,-0.9763991533044787,-1.4030366922997124,3.0,2,1,-0.7273484005035507,-0.3362987283067527,-1.5288872049157087,-0.536423705272512,-0.4386417519090147,4,0,0,1
70068,2,-0.9234585351238315,-1.1867713380283587,4.0,1,1,-0.7210127754714872,-0.3362987283067527,-1.0830242720509198,-0.536423705272512,-0.4386417519090147,4,0,0,1
70068,3,-1.0016089714857392,-1.5603205863152425,3.0,1,1,-0.7175597112279306,-0.3362987283067527,-1.5288872049157087,-0.536423705272512,-0.4386417519090147,4,0,0,1
70068,4,-1.033121244212315,-1.8159069140904789,2.0,2,1,-0.691414314950035,-0.3362987283067527,-1.9747501377804977,-0.536423705272512,-0.4386417519090147,4,0,0,1
70068,5,-1.0469866442120084,-1.9928512948579502,2.0,0,1,-0.6647025487980835,-0.3362987283067527,-1.9747501377804977,-0.536423705272512,-0.4386417519090147,4,0,0,1
70068,6,-1.0540453933027614,-2.15013518887348,1.0,0,1,-0.6352553681039551,-0.3362987283067527,0.21450652866887604,-0.536423705272512,-0.4386417519090147,4,0,0,1
70068,7,-1.0570705714845126,-2.3467400563928926,1.0,0,1,-0.5921666080731743,-0.3362987283067527,0.21450652866887604,-0.536423705272512,-0.4386417519090147,4,0,0,1
70124,1,-0.9360634442144617,-1.1867713380283587,4.0,1,1,-0.7346645155658899,-0.3362987283067527,-1.0830242720509198,-0.536423705272512,-0.4386417519090147,4,0,0,1
70124,2,-1.031860753303252,-1.7765859405865962,2.0,2,1,-0.6993221671418592,-0.3362987283067527,-1.9747501377804977,-0.536423705272512,-0.4386417519090147,4,0,0,1
70124,3,-0.7671576624000159,-0.7149196559817684,4.0,2,1,-0.6829505769387427,-0.6115085661085196,-1.0830242720509198,-0.536423705272512,-0.4386417519090147,4,0,0,1
70124,4,-0.20371822604884196,0.1894627346075295,9.0,2,2,-0.3574752729665006,-0.16415886750569658,1.1462903922730248,-0.536423705272512,2.567644400025545,4,0,0,1
70124,5,0.19610949030595082,0.4647095491347071,9.0,2,1,0.38976532609793196,-0.6129811547859425,0.7004274594082358,0.2336286624682574,-0.4386417519090147,4,0,0,1
70124,6,-1.0142138805763696,-1.6389625333230076,3.0,1,1,-0.7126653665901206,-0.3362987283067527,-1.5288872049157087,-0.536423705272512,-0.4386417519090147,4,0,0,1
70124,7,-1.0462303496665706,-1.9535303213540676,2.0,0,1,-0.6731564839874099,-0.3362987283067527,-1.9747501377804977,-0.536423705272512,-0.4386417519090147,4,0,0,1
70124,8,0.24652912666847196,0.6219934431502372,8.0,1,4,-0.13424896742320178,-0.5732381061238642,0.7004274594082358,-0.536423705272512,1.9663871696386335,4,0,0,1
70124,9,-0.11548386241442994,0.228783708111412,8.0,1,2,-0.1872179212809337,-0.2450178835395956,0.2545645265434469,0.2336286624682574,-0.4386417519090147,4,0,0,1
70124,10,-0.9196770623966424,-1.1277898777725348,3.0,1,1,-0.7511481050305725,-0.6100373812334584,-1.5288872049157087,-0.536423705272512,-0.4386417519090147,4,0,0,1
70124,11,-1.055557982393637,-2.2287771358812454,1.0,0,1,-0.6183475092716179,-0.3362987283067527,0.21450652866887604,-0.536423705272512,-0.4386417519090147,4,0,0,1
70155,1,-0.4795136369518327,-0.20374700043129568,8.0,1,2,-0.36693401472680987,-0.3303690671309335,0.7004274594082358,-0.536423705272512,-0.4386417519090147,4,0,0,1
70155,2,0.5187951630260862,0.7006353901580022,10.0,1,2,0.2406955559554578,-0.05347185889040369,1.1462903922730248,0.2336286624682574,-0.4386417519090147,4,0,0,1
70155,3,-0.6978306624015493,-0.5969567354701208,4.0,2,1,-0.5807015785097994,-0.6100373812334584,-1.0830242720509198,-0.536423705272512,-0.4386417519090147,4,0,0,1
70155,4,-0.8289217169441043,-0.7935616029895335,4.0,2,1,-0.624117203189619,-0.6115085661085196,-1.0830242720509198,-0.536423705272512,-0.4386417519090147,4,0,0,1
70155,5,-0.9322819714872728,-1.2064318247802999,4.0,1,1,-0.7259324758184106,-0.3362987283067527,-1.0830242720509198,-0.536423705272512,-0.4386417519090147,4,0,1,0
70155,6,-1.0308523605760016,-1.6979439935788314,2.0,2,1,-0.71677613206433,-0.3362987283067527,-1.9747501377804977,-0.536423705272512,-0.4386417519090147,4,0,0,1
70155,7,-1.0424488769393814,-1.894548861098244,2.0,1,1,-0.6829705174258277,-0.3362987283067527,-1.9747501377804977,-0.536423705272512,-0.4386417519090147,4,0,0,1
70155,8,-0.9990879896676133,-1.4620181525555362,4.0,1,1,-0.7380119772067368,-0.3362987283067527,-1.0830242720509198,-0.536423705272512,2.567644400025545,4,0,1,0
70155,9,-0.36859043695428617,-0.007142132911883102,6.0,2,2,-0.391526743303614,-0.23459605480633752,-0.191298406321342,-0.536423705272512,1.9663871696386335,4,0,0,1
70155,10,0.7950947702927021,0.9758822046851798,10.0,1,5,1.3348828027880346,-0.5658934121674516,1.5921533251378137,-0.536423705272512,-0.4386417519090147,4,0,0,1
70155,11,-0.8843833169428776,-0.990166470508946,4.0,2,1,-0.7232448168376602,-0.6115085661085196,-1.0830242720509198,-0.536423705272512,-0.4386417519090147,4,0,0,1
70155,12,-1.0490034296665092,-2.051832755113774,1.0,0,1,-0.6529772768268283,-0.3362987283067527,0.21450652866887604,-0.536423705272512,-0.4386417519090147,4,0,0,1
70155,13,-1.0565663751208874,-2.2877585961370692,1.0,0,1,-0.6055300943979894,-0.3362987283067527,0.21450652866887604,-0.536423705272512,-0.4386417519090147,4,0,0,1
70315,1,-0.42354784058943423,-0.08578407991964813,6.0,1,1,-0.5929979427982015,-0.5938459247936148,-0.191298406321342,-0.536423705272512,-0.4386417519090147,4,0,0,1
70315,2,-0.9176602769421416,-1.1081293910205936,3.0,1,1,-0.766636794663079,-0.6129811547859425,-1.5288872049157087,-0.536423705272512,1.9663871696386335,4,0,0,1
70315,3,-0.13464332423218797,0.307425655119177,7.0,2,1,-0.4876275595883562,-0.6085633887536738,0.2545645265434469,0.2336286624682574,-0.4386417519090147,4,0,0,1
70315,4,-1.0220289242125604,-1.67828350682689,2.0,2,1,-0.7118564317174065,-0.3362987283067527,-1.9747501377804977,-0.536423705272512,-0.4386417519090147,4,0,0,1
70315,5,1.085511875740824,0.8972402576774148,12.0,2,2,0.8702694075216431,0.3098546531552493,0.7004274594082358,2.543785765690566,-0.4386417519090147,4,0,0,1
70315,6,-0.7416957460369428,-0.5576357619662383,5.0,1,1,-0.7356357685436653,-0.6056210190035514,-0.6371613391861309,-0.536423705272512,-0.4386417519090147,4,0,0,1
70315,7,-0.32472535331889274,0.032178840591999415,6.0,2,1,-0.6054834819218098,-0.6129811547859425,-0.191298406321342,-0.536423705272512,-0.4386417519090147,4,0,0,1
70315,8,-1.0462303496665706,-1.9928512948579502,2.0,0,1,-0.6638834531676192,-0.3362987283067527,-1.9747501377804977,-0.536423705272512,-0.4386417519090147,4,0,0,1
70315,9,-1.0326170478486898,-1.7765859405865962,2.0,2,1,-0.7001412858649548,-0.3362987283067527,-1.9747501377804977,-0.536423705272512,-0.4386417519090147,4,0,0,1
70315,10,-0.7679139569454537,-0.7149196559817684,5.0,1,1,-0.7356357685436653,-0.6056210190035514,-0.6371613391861309,-0.536423705272512,-0.4386417519090147,4,0,0,1
70315,11,-0.8742993896703734,-0.9311850102531223,4.0,2,1,-0.6798291921578407,-0.6129811547859425,-1.0830242720509198,-0.536423705272512,-0.4386417519090147,4,0,0,1
70315,12,-0.9529540223959064,-1.2654132850361237,4.0,1,1,-0.7344117898094816,-0.3362987283067527,-1.0830242720509198,-0.536423705272512,-0.4386417519090147,4,0,0,1
70315,13,-0.6282515642212702,-0.36103089444682573,5.0,1,1,-0.6426563370398252,-0.6026730340439821,-0.6371613391861309,-0.536423705272512,-0.4386417519090147,4,0,0,1
70315,14,-1.0553058842118244,-2.2484376226331864,1.0,0,1,-0.6134379465898135,-0.3362987283067527,-2.420613070645287,-0.536423705272512,-0.4386417519090147,4,0,0,1
70315,15,-1.0570705714845126,-2.366400543144834,1.0,0,1,-0.5875300695706477,-0.3362987283067527,-2.420613070645287,-0.536423705272512,-0.4386417519090147,4,0,0,1
70322,1,-0.9695925023955384,-1.285073771788065,3.0,1,1,-0.7477955861034817,-0.3362987283067527,-1.5288872049157087,-0.536423705272512,-0.4386417519090147,4,0,0,1
70322,2,-0.9751386623954157,-1.3833762055477712,3.0,1,1,-0.730619748831795,-0.3362987283067527,-1.5288872049157087,-0.536423705272512,-0.4386417519090147,4,0,0,1
70322,3,-0.9302651860327719,-1.1081293910205936,3.0,1,1,-0.7573435808835751,-0.6100373812334584,-1.5288872049157087,-0.536423705272512,-0.4386417519090147,4,0,0,1
70322,4,-0.32119597877351624,0.032178840591999415,6.0,1,2,-0.14673450654681,-0.5084385891078089,-0.191298406321342,-0.536423705272512,-0.4386417519090147,4,0,0,1
70322,5,-0.11245868423267867,0.228783708111412,7.0,2,2,-0.4318209832025315,-0.10522162915209907,0.2545645265434469,-0.536423705272512,2.567644400025545,4,0,0,1
70322,6,-0.558672466040991,-0.20374700043129568,7.0,2,1,-0.388499945940315,-0.6100373812334584,0.0664661017411141,-0.536423705272512,-0.4386417519090147,4,0,0,1
70322,7,-0.6015291569491339,-0.40035186795070826,7.0,1,2,-0.456792061449748,-0.5320224687843628,0.2545645265434469,-0.536423705272512,-0.4386417519090147,4,0,0,1
70322,8,-0.47648845877008145,-0.04646310641576562,6.0,1,1,-0.3328825443896965,-0.5850075851243539,-0.191298406321342,-0.536423705272512,-0.4386417519090147,4,0,0,1
70322,9,-0.8526189460344893,-0.8328825764934159,4.0,2,1,-0.7170493409846577,-0.6100373812334584,-1.0830242720509198,-0.536423705272512,-0.4386417519090147,4,0,0,1
70322,10,-0.7285866405826872,-0.5969567354701208,5.0,2,1,-0.5373805412475829,-0.6115085661085196,-0.6371613391861309,-0.536423705272512,-0.4386417519090147,4,0,0,1
70322,11,-1.0124491933036814,-1.599641559819125,2.0,2,1,-0.7200271819697049,-0.3362987283067527,-1.9747501377804977,-0.536423705272512,-0.4386417519090147,4,0,0,1
70350,1,-0.08220690241516598,0.3860676021269421,9.0,2,2,-0.40703907979052123,-0.5938459247936148,0.2789476556844901,0.2336286624682574,-0.4386417519090147,4,0,0,1
70350,2,-0.8788371569430002,-0.911524523501181,4.0,2,1,-0.7480503671040712,-0.6129811547859425,-1.0830242720509198,-0.536423705272512,-0.4386417519090147,4,0,0,1
70350,3,-0.44573248058894355,-0.12510505342353065,7.0,2,2,-0.5744588089479953,-0.28472864474735493,0.2545645265434469,-0.536423705272512,-0.4386417519090147,4,0,0,1
70350,4,-0.6685872733112871,-0.5183147884623558,7.0,1,1,-0.5682160393861913,-0.5982594794187984,0.017699843459027805,-0.536423705272512,-0.4386417519090147,4,0,0,1
70350,5,-0.3217001751371415,0.11082078759976445,7.0,1,1,-0.5311377716857789,-0.579122845624109,0.170965226631299,-0.536423705272512,-0.4386417519090147,4,0,0,1
70350,6,-0.9595085751230341,-1.2457527982841823,3.0,2,1,-0.7461472109921715,-0.3362987283067527,-1.5288872049157087,-0.536423705272512,-0.4386417519090147,4,0,0,1
70350,7,-1.0311044587578142,-1.7962464273385377,2.0,2,1,-0.693866544555184,-0.3362987283067527,-1.9747501377804977,-0.536423705272512,-0.4386417519090147,4,0,0,1
70350,8,-0.5556472878592397,-0.32170992094294326,7.0,2,2,-0.63026538533382,-0.3819391506903313,0.2545645265434469,-0.536423705272512,2.567644400025545,4,0,0,1
70350,9,-0.7356453896734402,-0.6755986824778859,4.0,2,1,-0.6116316640660108,-0.6129811547859425,-1.0830242720509198,-0.536423705272512,-0.4386417519090147,4,0,0,1
70350,10,0.19207591939694912,0.6613144166541197,9.0,1,5,-0.04760689289876883,-0.5408720388725173,-0.191298406321342,1.7737333979497962,2.567644400025545,4,0,0,1
70350,11,-0.9146350987603903,-1.068808417516711,4.0,1,1,-0.7604413188100764,-0.6129811547859425,-1.0830242720509198,-0.536423705272512,-0.4386417519090147,4,0,0,1
70354,1,-0.000527091507881704,0.4647095491347071,9.0,2,1,-0.2678064010787687,-0.6026730340439821,0.3137806973145517,0.2336286624682574,-0.4386417519090147,4,0,0,1
70354,2,-0.196659476958089,0.1894627346075295,7.0,1,1,-0.5341645690490778,-0.5879499548744763,0.2266980932393976,-0.536423705272512,-0.4386417519090147,4,0,0,1
70354,3,-0.256154647865864,0.2681046816152945,8.0,2,1,-0.6023620971409077,-0.6070922038786125,0.20057331201685138,-0.536423705272512,-0.4386417519090147,4,0,0,1
70354,4,-0.4527912296796965,-0.12510505342353065,7.0,1,1,-0.4535760892512428,-0.5879499548744763,0.1134907079416973,-0.536423705272512,-0.4386417519090147,4,0,0,1
70354,5,0.2001430612149525,0.7399563636618847,9.0,1,1,-0.2367817281049543,-0.5644109968734968,0.40434660555271196,0.2336286624682574,-0.4386417519090147,4,0,0,1
70354,6,-0.5919494260402549,-0.20374700043129568,8.0,2,1,-0.7356357685436653,-0.6100373812334584,0.05079123300758636,-0.536423705272512,2.567644400025545,4,0,0,1
70354,7,-0.7442167278550688,-0.7149196559817684,4.0,1,1,-0.6147530488469128,-0.6085633887536738,-1.0830242720509198,-0.536423705272512,-0.4386417519090147,4,0,0,1
70354,8,-0.9610211642139098,-1.285073771788065,3.0,1,1,-0.7385123945259406,-0.3362987283067527,-1.5288872049157087,-0.536423705272512,-0.4386417519090147,4,0,0,1
70354,9,-0.7084187860376787,-0.5183147884623558,6.0,1,1,-0.6860719617196448,-0.6012018491689208,-0.191298406321342,-0.536423705272512,-0.4386417519090147,4,0,0,1
70354,10,-0.9912729460314225,-1.4226971790516536,3.0,2,1,-0.7388209120794508,-0.3362987283067527,-1.5288872049157087,-0.536423705272512,-0.4386417519090147,4,0,0,1
70354,11,-1.013961782394557,-1.6193020465710664,2.0,1,1,-0.7170288809133695,-0.3362987283067527,-1.9747501377804977,-0.536423705272512,-0.4386417519090147,4,0,0,1
70354,12,-0.840014036943859,-0.8918640367492398,5.0,1,1,-0.7418312443966679,-0.6100373812334584,-0.6371613391861309,-0.536423705272512,-0.4386417519090147,4,0,0,1
70354,13,-0.9121141169422643,-1.068808417516711,4.0,1,1,-0.7697463560167807,-0.6115085661085196,-1.0830242720509198,-0.536423705272512,-0.4386417519090147,4,0,0,1
70357,1,-0.1139712733235543,0.228783708111412,8.0,2,2,0.23464196122885989,-0.14044022280241955,-0.191298406321342,1.0036810302090269,-0.4386417519090147,4,0,0,1
70357,2,-0.518336756950974,-0.2430679739351782,7.0,2,2,-0.5063558682737686,-0.22597109309605495,0.2545645265434469,-0.536423705272512,-0.4386417519090147,4,0,0,1
70357,3,-0.6499320078571542,-0.5183147884623558,6.0,2,2,-0.6705596252327376,-0.46136067310584994,-0.6371613391861309,0.2336286624682574,-0.4386417519090147,4,0,0,1
70357,4,-0.47598426240645625,-0.08578407991964813,7.0,2,2,-0.5186522325621706,-0.32587689957349464,0.2545645265434469,-0.536423705272512,-0.4386417519090147,4,0,0,1
70357,5,-0.41144712786242915,0.032178840591999415,6.0,2,1,-0.552703702899284,-0.6070922038786125,-0.191298406321342,-0.536423705272512,2.567644400025545,4,0,0,1
70357,6,-0.9559792005776576,-1.226092311532241,4.0,2,1,-0.7469612493363919,-0.3362987283067527,-1.0830242720509198,-0.536423705272512,-0.4386417519090147,4,0,0,1
70357,7,-0.8460643933073615,-0.8328825764934159,5.0,1,1,-0.7418312443966679,-0.6100373812334584,-0.6371613391861309,-0.536423705272512,-0.4386417519090147,4,0,0,1
70357,8,-0.7477461024004453,-0.5969567354701208,5.0,1,1,-0.6953415286447479,-0.6070922038786125,-0.6371613391861309,-0.536423705272512,-0.4386417519090147,4,0,0,1
70357,9,-0.9932897314859234,-1.4226971790516536,3.0,2,1,-0.7410051978841972,-0.3362987283067527,-1.5288872049157087,-0.536423705272512,-0.4386417519090147,4,0,0,1
70357,10,-0.8939630478517566,-0.990166470508946,4.0,2,1,-0.6705596252327376,-0.6115085661085196,-1.0830242720509198,-0.536423705272512,-0.4386417519090147,4,0,0,1
70360,1,4.056236850220571,2.07686946279389,13.0,1,2,1.8433847598222608,0.813696166397589,1.1462903922730248,2.543785765690566,2.567644400025545,4,0,0,1
70360,2,-0.6610243278569089,-0.40035186795070826,5.0,2,1,-0.5373805412475829,-0.6129811547859425,-0.6371613391861309,-0.536423705272512,1.9663871696386335,4,0,0,1
70360,3,-0.475480066042831,-0.12510505342353065,7.0,1,1,-0.6054834819218098,-0.5908923246245987,0.10304079545267882,-0.536423705272512,-0.4386417519090147,4,0,0,1
70360,4,-1.042700975121194,-1.9142093478501852,2.0,2,1,-0.6786070377415256,-0.3362987283067527,-1.9747501377804977,-0.536423705272512,-0.4386417519090147,4,0,0,1
70360,5,-0.932786167850898,-1.1277898777725348,3.0,1,1,-0.7604413188100764,-0.6115085661085196,-1.5288872049157087,-0.536423705272512,-0.4386417519090147,4,0,0,1
70360,6,-0.24153295332073285,0.2681046816152945,7.0,2,4,-0.46908842573815,-0.6129811547859425,0.2545645265434469,-0.536423705272512,-0.4386417519090147,4,0,0,1
70360,7,-0.9443826842142778,-1.1867713380283587,4.0,2,1,-0.7436746598715219,-0.3362987283067527,-1.0830242720509198,-0.536423705272512,-0.4386417519090147,4,0,0,1
70360,8,-0.5526221096774884,-0.20374700043129568,6.0,2,1,-0.710853865131655,-0.6129811547859425,-0.191298406321342,-0.536423705272512,-0.4386417519090147,4,0,0,1
70360,9,-0.4820346187699588,0.11082078759976445,8.0,2,1,-0.5621624446595933,-0.6129811547859425,0.2545645265434469,0.2336286624682574,2.567644400025545,4,0,0,1
70360,10,0.14064789030717753,0.4253885756308246,7.0,1,1,0.9746939165554573,-0.5585262573732519,0.2545645265434469,0.2336286624682574,-0.4386417519090147,4,0,0,1
70360,11,-0.98522258966792,-1.3833762055477712,3.0,1,1,-0.7415411316702647,-0.3362987283067527,-1.5288872049157087,-0.536423705272512,-0.4386417519090147,4,0,0,1
70360,12,-1.0537932951209488,-2.15013518887348,1.0,0,1,-0.6349823323783618,-0.3362987283067527,0.21450652866887604,-0.536423705272512,-0.4386417519090147,4,0,0,1
70360,13,0.3040075121217461,0.8579192841735322,9.0,1,1,-0.42576738847593354,-0.567330905785832,0.4496295596717921,0.2336286624682574,-0.4386417519090147,4,0,0,1
70360,14,-0.8143000223989733,-0.754240629485651,4.0,1,1,-0.7418312443966679,-0.6100373812334584,-1.0830242720509198,-0.536423705272512,-0.4386417519090147,4,0,0,1
70369,1,-0.2264070624119765,0.2681046816152945,7.0,1,1,-0.4876275595883562,-0.5850075851243539,0.21450652866887604,0.2336286624682574,-0.4386417519090147,4,0,0,1
70369,2,-0.7210236951283091,-0.5969567354701208,5.0,2,1,-0.6798291921578407,-0.6129811547859425,-0.6371613391861309,-0.536423705272512,-0.4386417519090147,4,0,0,1
70369,3,-0.33934704786402387,-0.12510505342353065,8.0,2,2,-0.46908842573815,-0.3201269250999729,0.2545645265434469,0.2336286624682574,-0.4386417519090147,4,0,0,1
70369,4,0.1174548575804178,0.4647095491347071,9.0,2,4,-0.07219962147557293,-0.5908923246245987,0.7004274594082358,0.2336286624682574,-0.4386417519090147,4,0,0,1
70369,5,-1.030600262394189,-1.7372649670827138,2.0,1,1,-0.7072300539726303,-0.3362987283067527,-1.9747501377804977,-0.536423705272512,-0.4386417519090147,4,0,0,1
70369,6,-1.0316086551214394,-1.7962464273385377,2.0,2,1,-0.6944126160063706,-0.3362987283067527,-1.9747501377804977,-0.536423705272512,-0.4386417519090147,4,0,0,1
70369,7,-1.0058946405765536,-1.52099961281136,3.0,1,1,-0.7314743378364917,-0.3362987283067527,-1.5288872049157087,-0.536423705272512,-0.4386417519090147,4,0,0,1
70369,8,-0.9469036660324038,-1.226092311532241,4.0,2,1,-0.7371319863076643,-0.3362987283067527,-1.0830242720509198,-0.536423705272512,-0.4386417519090147,4,0,0,1
70369,9,0.8707242248364839,1.1724870722045924,12.0,2,4,-0.4815739648617583,-0.5938459247936148,1.1462903922730248,1.7737333979497962,-0.4386417519090147,4,0,0,1
70370,1,-0.31262464059188766,0.07149981409588194,7.0,1,1,-0.44430652232613976,-0.5820652153742314,0.17619018287580823,-0.536423705272512,-0.4386417519090147,4,0,0,1
70370,2,-0.6842173605836687,-0.5183147884623558,5.0,2,1,-0.6550472887458303,-0.6129811547859425,-0.6371613391861309,-0.536423705272512,-0.4386417519090147,4,0,0,1
70370,3,-0.8556441242162406,-0.8918640367492398,4.0,2,1,-0.7294402926906628,-0.6129811547859425,-1.0830242720509198,-0.536423705272512,-0.4386417519090147,4,0,0,1
70370,4,-0.704385215128677,-0.5969567354701208,5.0,2,1,-0.6922201438638458,-0.6129811547859425,-0.6371613391861309,-0.536423705272512,-0.4386417519090147,4,0,0,1
70370,5,-0.5647228224044935,-0.36103089444682573,6.0,1,1,-0.45054929188794385,-0.5967882945437372,-0.191298406321342,-0.536423705272512,-0.4386417519090147,4,0,0,1
70370,6,-0.492118546042463,-0.08578407991964813,7.0,1,1,-0.5682160393861913,-0.5908923246245987,0.09607418712666649,-0.536423705272512,-0.4386417519090147,4,0,0,1
70370,7,-0.98522258966792,-1.442357665803595,3.0,2,1,-0.7276315623479473,-0.3362987283067527,-1.5288872049157087,-0.536423705272512,-0.4386417519090147,4,0,0,1
70370,8,-0.8954756369426322,-0.990166470508946,4.0,1,1,-0.7542458429570739,-0.6100373812334584,-1.0830242720509198,-0.536423705272512,-0.4386417519090147,4,0,0,1
70370,9,-1.0568184733027,-2.3467400563928926,1.0,0,1,-0.5918935608012654,-0.3362987283067527,0.21450652866887604,-0.536423705272512,-0.4386417519090147,4,0,0,1
70370,10,-1.0406841896666932,-1.8552278875943613,2.0,1,1,-0.6903323212590966,-0.3362987283067527,-1.9747501377804977,-0.536423705272512,-0.4386417519090147,4,0,0,1
70370,11,-1.0563142769390748,-2.2877585961370692,1.0,0,1,-0.6052570586723961,-0.3362987283067527,0.21450652866887604,-0.536423705272512,-0.4386417519090147,4,0,0,1
70370,12,-0.9463994696687786,-1.2654132850361237,3.0,2,1,-0.7273128840366869,-0.3362987283067527,-1.5288872049157087,-0.536423705272512,-0.4386417519090147,4,0,0,1
70370,13,0.18501717030619616,0.6219934431502372,7.0,2,1,0.3738746399406124,-0.6115085661085196,0.2545645265434469,0.2336286624682574,-0.4386417519090147,4,0,0,1
70370,14,-0.18102938968570745,0.228783708111412,7.0,2,1,-0.2768867931686656,-0.6129811547859425,0.23366470156540994,0.2336286624682574,1.9663871696386335,4,0,0,1
70370,15,-1.0492555278483218,-2.0714932418657153,1.0,0,1,-0.6486137855962106,-0.3362987283067527,0.21450652866887604,-0.536423705272512,-0.4386417519090147,4,0,0,1
70423,1,-0.7376621751279411,-0.6755986824778859,6.0,2,1,-0.549676905535985,-0.6129811547859425,-0.191298406321342,-0.536423705272512,2.567644400025545,2,0,0,1
70423,2,-0.8238797533078522,-0.8918640367492398,5.0,2,1,-0.6488991066016293,-0.6129811547859425,-0.6371613391861309,-0.536423705272512,-0.4386417519090147,4,0,0,1
70423,3,-0.9761470551226661,-1.4030366922997124,4.0,1,1,-0.7270753532316417,-0.3362987283067527,-1.0830242720509198,-0.536423705272512,-0.4386417519090147,4,0,0,1
70423,4,-1.0285834769396882,-1.7962464273385377,2.0,2,1,-0.6911361988455665,-0.3362987283067527,-1.9747501377804977,-0.536423705272512,-0.4386417519090147,4,0,0,1
70423,5,-0.9156434914876407,-1.1867713380283587,4.0,2,1,-0.7125487026170417,-0.3362987283067527,-1.0830242720509198,-0.536423705272512,-0.4386417519090147,4,0,0,1
70423,6,-1.0502639205755722,-2.0911537286176567,2.0,0,1,-0.6450694015423728,-0.3362987283067527,-1.9747501377804977,-0.536423705272512,-0.4386417519090147,4,0,0,1
70425,1,-0.6847215569472939,-0.754240629485651,4.0,1,1,-0.6984629134256499,-0.6100373812334584,-1.0830242720509198,-0.536423705272512,-0.4386417519090147,4,0,0,1
70425,2,-1.019003746030809,-1.67828350682689,2.0,1,1,-0.708580003010287,-0.3362987283067527,-1.9747501377804977,-0.536423705272512,-0.4386417519090147,4,0,0,1
70425,3,-0.9499288442141551,-1.2654132850361237,3.0,2,1,-0.731135361102362,-0.3362987283067527,-1.5288872049157087,-0.536423705272512,-0.4386417519090147,4,0,0,1
70425,4,-0.816316807853474,-0.8132220897414747,5.0,1,1,-0.6488991066016293,-0.5467567783727622,-0.6371613391861309,-0.536423705272512,-0.4386417519090147,4,0,0,1
70425,5,-0.6443858478572769,-0.4396728414545908,5.0,2,1,-0.5929979427982015,-0.6129811547859425,-0.6371613391861309,-0.536423705272512,-0.4386417519090147,4,0,0,1
70425,6,-0.4890933678607117,-0.2430679739351782,6.0,1,5,-0.42576738847593354,-0.5997306642938597,-0.191298406321342,-0.536423705272512,-0.4386417519090147,4,0,0,1
70425,7,-0.4820346187699588,-0.12510505342353065,7.0,2,1,-0.549676905535985,-0.6129811547859425,0.09955749128967264,-0.536423705272512,-0.4386417519090147,4,0,0,1
70425,8,0.5077028430263316,0.7792773371657672,8.0,1,4,-0.15922004567041825,-0.5393896235785625,0.7004274594082358,-0.536423705272512,-0.4386417519090147,4,0,0,1
70425,9,-0.8173252005807244,-0.9705059837570048,4.0,2,1,-0.6798291921578407,-0.6129811547859425,-1.0830242720509198,-0.536423705272512,-0.4386417519090147,4,0,0,1
70425,1,-1.0563142769390748,-2.30741908288901,1.0,0,1,-0.6006205317161851,-0.3362987283067527,0.21450652866887604,-0.536423705272512,-0.4386417519090147,4,0,0,1
70443,1,-0.18960072786733606,0.228783708111412,8.0,2,5,-0.4876275595883562,-0.3032363750840029,0.2301813974024038,0.2336286624682574,2.567644400025545,4,0,0,1
70443,3,-0.05145092423402808,0.4647095491347071,8.0,2,1,-0.4938703291501603,-0.17242445581138405,0.2928808723365147,0.2336286624682574,-0.4386417519090147,4,0,0,1
70443,4,-0.8153084151262237,-0.754240629485651,5.0,2,1,-0.7294402926906628,-0.6129811547859425,-0.6371613391861309,-0.536423705272512,-0.4386417519090147,4,0,1,0
70443,5,-0.8369888587621077,-0.8328825764934159,4.0,2,1,-0.7759418318697833,-0.6129811547859425,-1.0830242720509198,-0.536423705272512,-0.4386417519090147,4,0,1,0
70443,6,-0.6176634405851407,-0.36103089444682573,5.0,2,1,-0.7356357685436653,-0.6129811547859425,-0.6371613391861309,-0.536423705272512,-0.4386417519090147,4,0,0,1
70443,7,-0.6892593242199208,-0.40035186795070826,6.0,1,1,-0.6984629134256499,-0.5997306642938597,-0.191298406321342,-0.536423705272512,-0.4386417519090147,4,0,0,1
70443,8,0.5329126612075922,0.8185983106696497,9.0,1,2,0.5411051942628803,0.036012118853777905,1.1462903922730248,-0.536423705272512,-0.4386417519090147,4,0,0,1
70443,9,-0.44119471331631666,0.032178840591999415,8.0,2,2,-0.45054929188794385,-0.4996339406952288,0.7004274594082358,-0.536423705272512,-0.4386417519090147,4,0,0,1
70443,10,-0.9519456296686559,-1.2654132850361237,4.0,1,1,-0.7333196469071084,-0.3362987283067527,-1.0830242720509198,-0.536423705272512,-0.4386417519090147,4,0,0,1
70443,11,-0.4885891714970865,-0.12510505342353065,5.0,1,1,-0.4876275595883562,-0.5997306642938597,-0.6371613391861309,-0.536423705272512,-0.4386417519090147,4,0,0,1
70443,12,1.1359315121033453,1.0938451251968273,9.0,1,2,1.4090393381888593,0.3421982595688089,0.7004274594082358,0.2336286624682574,-0.4386417519090147,4,0,0,1
70443,13,-1.0507681169391974,-2.0714932418657153,2.0,0,1,-0.6502519884034548,-0.3362987283067527,-1.9747501377804977,-0.536423705272512,-0.4386417519090147,4,0,0,1
70449,1,-0.6489236151299038,-0.40035186795070826,5.0,2,1,-0.6674382404518355,-0.6115085661085196,-0.6371613391861309,-0.536423705272512,-0.4386417519090147,4,0,0,1
70471,1,-0.363548473318034,0.07149981409588194,7.0,2,1,-0.6054834819218098,-0.6129811547859425,0.15354870581626817,-0.536423705272512,-0.4386417519090147,4,0,0,1
70471,2,-0.8490895714891128,-0.8132220897414747,5.0,1,1,-0.7356357685436653,-0.6085633887536738,-0.6371613391861309,-0.536423705272512,1.9663871696386335,4,0,0,1
70471,3,-0.8122832369444724,-0.754240629485651,4.0,1,1,-0.7232448168376602,-0.6085633887536738,-1.0830242720509198,-0.536423705272512,-0.4386417519090147,4,0,0,1
70471,4,-1.028079280576063,-1.67828350682689,3.0,2,1,-0.7184092660390146,-0.3362987283067527,-1.5288872049157087,-0.536423705272512,-0.4386417519090147,4,0,0,1
70471,5,-1.0341296369395654,-1.756925453834655,2.0,2,1,-0.7064160156284099,-0.3362987283067527,-1.9747501377804977,-0.536423705272512,-0.4386417519090147,4,0,0,1
70471,6,-0.7311076224008133,-0.5183147884623558,5.0,2,1,-0.7480503671040712,-0.6129811547859425,-0.6371613391861309,-0.536423705272512,-0.4386417519090147,4,0,0,1
70471,7,-0.5122864005874714,-0.16442602692741318,7.0,1,1,-0.6922201438638458,-0.5967882945437372,0.08736592671915107,-0.536423705272512,-0.4386417519090147,4,0,0,1
70471,8,0.1517402103069322,0.4253885756308246,9.0,1,2,0.5100805212890659,-0.17278382921597915,0.2545645265434469,1.0036810302090269,-0.4386417519090147,4,0,0,1
70471,9,-0.5001856878604664,-0.32170992094294326,7.0,2,1,-0.6488991066016293,-0.6129811547859425,0.09259088296366032,-0.536423705272512,-0.4386417519090147,4,0,0,1
70471,10,0.22636127212346352,0.6219934431502372,8.0,1,2,0.25582954277195263,-0.3760094895145121,0.7004274594082358,-0.536423705272512,-0.4386417519090147,4,0,0,1
70471,11,-1.0492555278483218,-2.032172268361833,2.0,0,1,-0.6578868279623169,-0.3362987283067527,-1.9747501377804977,-0.536423705272512,-0.4386417519090147,4,0,0,1
70471,12,-1.0548016878481992,-2.209116649129304,1.0,0,1,-0.6221649175047334,-0.3362987283067527,0.21450652866887604,-0.536423705272512,-0.4386417519090147,4,0,0,1
70499,1,-0.37716177513591476,-0.007142132911883102,7.0,2,2,-0.4876275595883562,-0.5585262573732519,-0.6371613391861309,1.0036810302090269,-0.4386417519090147,4,0,0,1
70499,2,-0.5889242478585036,-0.28238894743906073,6.0,2,1,-0.6178744336278149,-0.6129811547859425,-0.191298406321342,-0.536423705272512,-0.4386417519090147,4,0,0,1
70499,3,-0.7674097605818285,-0.6755986824778859,4.0,1,1,-0.7356357685436653,-0.6056210190035514,-1.0830242720509198,-0.536423705272512,-0.4386417519090147,4,0,0,1
70499,4,-0.8248881460351026,-0.8525430632453572,1.0,1,1,-0.6984629134256499,-0.6100373812334584,0.21450652866887604,-0.536423705272512,1.9663871696386335,4,0,0,1
70508,1,-0.20876018968509408,0.228783708111412,8.0,1,1,0.0885989884496847,-0.5879499548744763,0.22147313699488838,0.2336286624682574,-0.4386417519090147,4,0,0,1
70508,2,-0.41598489513505604,0.032178840591999415,7.0,1,2,-0.2893723322922738,-0.43189205392905117,0.2545645265434469,-0.536423705272512,-0.4386417519090147,4,0,0,1
70508,3,-0.8420308223983598,-0.8722035499972984,4.0,2,1,-0.7480503671040712,-0.6129811547859425,-1.0830242720509198,-0.536423705272512,-0.4386417519090147,4,0,0,1
70517,2,-0.7215278914919343,-0.5969567354701208,4.0,1,1,-0.6488991066016293,-0.6100373812334584,-1.0830242720509198,-0.536423705272512,-0.4386417519090147,4,0,0,1
71003,1,3.1002805447871693,1.6443387542511827,14.0,1,2,4.402541930491537,3.815901588385111,1.1462903922730248,3.313838133431335,2.567644400025545,4,0,0,1
71003,2,0.7083729957491658,0.5433514961424721,9.0,1,1,0.01746925041215897,0.7087591322558179,1.1462903922730248,-0.536423705272512,-0.4386417519090147,4,0,0,1
71003,3,0.1567821739431843,0.11082078759976445,7.0,2,3,-0.35444847560320164,0.0252309167159247,-0.6371613391861309,1.0036810302090269,-0.4386417519090147,4,0,0,0
71003,4,-0.09027404423316937,0.1894627346075295,7.0,1,5,-0.3264505999926862,-0.20908054308008495,0.2545645265434469,0.2336286624682574,-0.4386417519090147,4,0,1,0
71003,5,-0.4936311351333386,-0.5576357619662383,4.0,1,1,-0.552703702899284,-0.5921725923784688,-1.0830242720509198,-0.536423705272512,1.9663871696386335,4,0,1,0
71003,6,1.5473557448215178,0.8579192841735322,10.0,2,3,0.6001277428472102,1.3462875520075372,1.1462903922730248,0.2336286624682574,1.9663871696386335,4,0,0,1
71003,7,-0.03733342605252215,0.11082078759976445,7.0,1,3,-0.36996081209010884,0.06871509867193262,-0.191298406321342,0.2336286624682574,-0.4386417519090147,4,0,0,1
71003,8,0.1567821739431843,0.34674662862305955,8.0,1,4,-0.09111710499619148,-0.5776628911679413,0.7004274594082358,-0.536423705272512,-0.4386417519090147,4,0,0,1
71003,9,2.957088777517609,1.5656968072434176,11.0,1,2,1.521030840630921,2.438782701976662,0.7004274594082358,1.7737333979497962,-0.4386417519090147,4,0,0,1
71003,10,1.5937418102750374,1.0152031781890622,9.0,1,3,1.1668955491249418,2.075096816526414,1.1462903922730248,-0.536423705272512,-0.4386417519090147,4,0,0,1
71003,11,2.253230653896814,1.526375833739535,10.0,2,3,2.622785080871745,2.0161595781728163,1.1462903922730248,0.2336286624682574,-0.4386417519090147,4,0,0,1
71005,1,-0.09279502605129543,0.228783708111412,7.0,2,3,-0.4009854850639233,-0.03442506844686303,0.2545645265434469,-0.536423705272512,-0.4386417519090147,4,0,0,1
71005,2,-0.34237222604577516,0.032178840591999415,7.0,2,3,-0.27083319844206766,-0.17134633559759874,0.2545645265434469,-0.536423705272512,-0.4386417519090147,4,0,0,1
71005,3,-0.20371822604884196,0.228783708111412,7.0,1,2,-0.04458009553546986,-0.2994629543357543,0.2545645265434469,-0.536423705272512,-0.4386417519090147,4,0,0,1
71005,4,0.8031619121107055,0.8972402576774148,10.0,2,3,-0.004475030471758544,1.1536634071445602,1.1462903922730248,0.2336286624682574,-0.4386417519090147,4,0,0,1
71005,5,-0.3272463351370188,-0.007142132911883102,7.0,1,2,-0.42576738847593354,-0.06101870038690094,0.2545645265434469,-0.536423705272512,-0.4386417519090147,4,0,0,1
71005,6,-0.05498029877940455,0.307425655119177,8.0,2,3,-0.39455354066691295,-0.17889317709409597,-0.191298406321342,1.0036810302090269,-0.4386417519090147,4,0,0,1
71005,7,-0.5604371533136792,-0.2430679739351782,7.0,2,3,-0.5962139149967066,-0.3641501671628735,0.2545645265434469,-0.536423705272512,-0.4386417519090147,4,0,0,1
71005,8,0.05090093758188988,0.4647095491347071,9.0,2,3,-0.09414390235949045,-0.20836179627089474,0.7004274594082358,0.2336286624682574,-0.4386417519090147,4,0,0,1
71006,1,-0.482538815133584,-0.16442602692741318,6.0,2,3,-0.27083319844206766,-0.5817507636452107,-0.191298406321342,-0.536423705272512,1.9663871696386335,4,0,0,1
71006,2,-0.45430381877057213,-0.20374700043129568,7.0,2,3,-0.4938703291501603,-0.5547977583005776,0.2545645265434469,-0.536423705272512,-0.4386417519090147,4,0,0,1
71006,3,-0.43716114240731496,-0.08578407991964813,8.0,2,3,-0.4164978215508305,-0.5386259550937978,-0.191298406321342,1.0036810302090269,-0.4386417519090147,4,0,0,1
71006,4,-0.5629581351318053,-0.32170992094294326,4.0,1,1,-0.6054834819218098,-0.6129811547859425,-1.0830242720509198,-0.536423705272512,-0.4386417519090147,4,0,0,0
71006,5,-0.5314458624052295,-0.40035186795070826,4.0,1,1,-0.627144000552918,-0.6129811547859425,-1.0830242720509198,-0.536423705272512,-0.4386417519090147,4,0,0,0
71006,6,-0.10439154241467528,0.2681046816152945,8.0,1,3,-0.1652736403970162,0.0022310188218378642,0.7004274594082358,-0.536423705272512,-0.4386417519090147,4,0,0,1
71006,7,-0.3146414260463885,-0.12510505342353065,8.0,2,3,-0.5992407123600056,-0.4221889720049833,-0.191298406321342,1.0036810302090269,2.567644400025545,4,0,0,1
71006,8,-0.20724760059421846,0.307425655119177,8.0,1,4,-0.5434341359741809,-0.32048629850456806,0.2545645265434469,0.2336286624682574,1.9663871696386335,4,0,0,1
71006,9,-0.03733342605252215,0.3860676021269421,8.0,1,2,0.13248755021751973,-0.11528408448076206,0.2545645265434469,0.2336286624682574,-0.4386417519090147,4,0,0,1
71008,1,0.7113981739309171,0.6613144166541197,6.0,1,2,1.0776050269076223,0.32494833614824375,-0.191298406321342,-0.536423705272512,-0.4386417519090147,4,1,0,0
71008,2,1.2488714975553925,0.9758822046851798,10.0,2,3,0.776438689259375,0.695821689690394,0.7004274594082358,1.0036810302090269,-0.4386417519090147,4,1,0,0
71008,3,0.030733083036881416,0.307425655119177,8.0,2,2,0.11962366142349912,-0.016815771621702797,0.7004274594082358,-0.536423705272512,-0.4386417519090147,4,0,0,1
71008,4,0.6408106830233874,0.8185983106696497,9.0,1,2,0.7734118918960761,0.7209778280120515,0.7004274594082358,0.2336286624682574,-0.4386417519090147,4,0,0,1
71008,5,0.7648429884751895,0.8185983106696497,9.0,1,4,0.7393604215589626,-0.5379072082846077,0.7004274594082358,0.2336286624682574,-0.4386417519090147,4,0,0,1
71008,6,-0.6297641533121457,-0.40035186795070826,6.0,2,3,-0.6612900583076344,-0.3612751799261127,-0.191298406321342,-0.536423705272512,-0.4386417519090147,4,0,0,1
71008,7,-0.46085837149769987,-0.16442602692741318,6.0,1,2,-0.2148374472210368,-0.34941585757447413,-0.191298406321342,-0.536423705272512,-0.4386417519090147,4,0,0,1
71008,8,0.07106879212689834,0.4253885756308246,8.0,2,3,0.020496047775457937,0.23941746585460835,0.7004274594082358,-0.536423705272512,-0.4386417519090147,4,0,0,1
71012,1,0.6145924721148764,0.6613144166541197,6.0,1,4,0.5781834619632926,-0.5158057439020086,-0.6371613391861309,0.2336286624682574,-0.4386417519090147,4,0,0,0
71012,2,-0.04741735332502638,0.1894627346075295,7.0,2,3,-0.2893723322922738,-0.06101870038690094,-0.191298406321342,0.2336286624682574,-0.4386417519090147,4,0,0,0
71012,3,-0.37766597149953995,-0.007142132911883102,7.0,1,2,-0.46908842573815,-0.16559636112407702,0.2545645265434469,-0.536423705272512,-0.4386417519090147,4,0,0,1
71012,4,-0.1255677896869342,0.15014176110364696,7.0,1,2,-0.2799135905319646,-0.2980254607173739,0.2545645265434469,-0.536423705272512,-0.4386417519090147,4,0,0,1
71012,5,-0.5591766624046162,-0.20374700043129568,7.0,2,3,-0.63026538533382,-0.5099659260773381,0.2545645265434469,-0.536423705272512,2.567644400025545,4,0,0,1
71012,6,-0.4785052442245823,-0.40035186795070826,4.0,2,1,-0.4938703291501603,-0.5777976561946645,-1.0830242720509198,-0.536423705272512,-0.4386417519090147,4,0,0,0
71012,7,0.3150998321215007,0.7399563636618847,10.0,1,3,-0.06311922938567603,0.21282383391457046,1.5921533251378137,-0.536423705272512,-0.4386417519090147,4,0,0,1
71012,8,0.13157235576192372,0.5433514961424721,8.0,1,4,0.22177807243483927,-0.4922667859010291,0.7004274594082358,-0.536423705272512,-0.4386417519090147,4,0,0,1
71012,9,0.11947164303491865,0.6219934431502372,7.0,2,3,-0.5373805412475829,-0.43925920872325086,0.2545645265434469,-0.536423705272512,-0.4386417519090147,4,0,0,1
71012,11,0.4522412430275583,0.6219934431502372,10.0,2,3,0.19453689616514855,0.4629477235127648,0.2545645265434469,1.7737333979497962,-0.4386417519090147,4,0,0,1
71012,12,-0.25917982604761525,0.34674662862305955,7.0,2,3,-0.456792061449748,-0.28616613836573535,0.2545645265434469,-0.536423705272512,-0.4386417519090147,4,0,0,1
71012,13,0.030733083036881416,0.4253885756308246,5.0,2,3,-0.1807859768839234,-0.11528408448076206,-0.6371613391861309,-0.536423705272512,-0.4386417519090147,4,0,0,0
71012,14,0.0004813012193687192,0.1894627346075295,6.0,1,2,0.3829550320305093,-0.28185365751059405,-0.191298406321342,-0.536423705272512,-0.4386417519090147,4,0,0,0
71013,1,-0.47346328058833015,-0.4789938149584733,5.0,2,5,-0.46606162837485104,-0.6070922038786125,-1.0830242720509198,0.2336286624682574,-0.4386417519090147,4,0,0,0
71013,2,-0.43413596422556366,-0.20374700043129568,6.0,2,2,-0.6426563370398252,-0.5290576381964531,-0.191298406321342,-0.536423705272512,-0.4386417519090147,4,0,1,0
71013,3,0.036783439400383956,0.307425655119177,7.0,1,3,-0.40703907979052123,0.3587294361801838,0.2545645265434469,-0.536423705272512,-0.4386417519090147,4,0,0,1
71013,4,0.10132057394441103,0.3860676021269421,8.0,2,3,0.05152072074927235,-0.027237600354960895,0.7004274594082358,-0.536423705272512,-0.4386417519090147,4,0,0,1
71013,5,-0.5047234551330932,-0.16442602692741318,7.0,2,3,-0.552703702899284,-0.6025944211117269,0.2545645265434469,-0.536423705272512,-0.4386417519090147,4,0,0,1
71013,6,-0.3398512442276491,-0.08578407991964813,5.0,1,1,-0.49084353178686135,-0.595317109668676,-0.6371613391861309,-0.536423705272512,-0.4386417519090147,4,0,0,0
71015,1,0.48047623939057016,0.8972402576774148,9.0,2,3,-0.29542592701887177,0.33285455104933614,1.1462903922730248,-0.536423705272512,-0.4386417519090147,4,0,0,1
71015,2,0.4945937375720761,0.7399563636618847,8.0,2,3,0.33376957487690107,0.3465107404239502,0.2545645265434469,0.2336286624682574,-0.4386417519090147,4,1,0,0
71015,3,-0.3131288369555129,0.032178840591999415,5.0,1,4,-0.6674382404518355,-0.5908923246245987,-0.6371613391861309,-0.536423705272512,-0.4386417519090147,4,0,0,0
71015,4,0.3725782175747749,0.5040305226385896,7.0,2,3,-0.23980852546825326,0.23007375733513558,0.2545645265434469,-0.536423705272512,1.9663871696386335,4,0,0,0
71015,5,0.9836642102885313,0.8185983106696497,11.0,1,3,0.5940741481206122,2.1081591697491637,1.1462903922730248,1.0036810302090269,2.567644400025545,4,0,0,1
71015,6,-0.19111331695821168,0.07149981409588194,5.0,2,3,-0.5186522325621706,-0.30467386870238333,-0.6371613391861309,-0.536423705272512,-0.4386417519090147,4,0,0,0
71015,7,1.585674668457034,1.1724870722045924,10.0,2,3,1.0776050269076223,1.3807873988486676,1.1462903922730248,0.2336286624682574,-0.4386417519090147,4,0,0,1
71015,8,0.32820893757575625,0.34674662862305955,6.0,1,3,-0.10662944148309869,0.6821655003157799,-0.191298406321342,-0.536423705272512,-0.4386417519090147,4,0,0,0
71015,9,3.669014042956408,1.6836597277550651,12.0,1,3,3.612547818670507,3.683652175494112,2.0380162580026027,0.2336286624682574,-0.4386417519090147,4,0,0,1
71015,11,0.22434448666896267,0.6613144166541197,8.0,2,4,-0.25834765931845943,0.08919938273385371,0.7004274594082358,-0.536423705272512,-0.4386417519090147,4,0,0,1
71015,12,1.6441614466375585,1.0938451251968273,11.0,2,3,1.3590971816944262,1.4382871435838847,1.5921533251378137,0.2336286624682574,-0.4386417519090147,4,0,0,1
71015,13,2.957088777517609,1.526375833739535,11.0,1,3,4.012085070625971,5.216020372687647,1.5921533251378137,0.2336286624682574,-0.4386417519090147,4,0,0,1
71015,14,3.0680119775151558,2.1555114098016555,10.0,1,3,1.6511831272527764,2.418657791319336,1.5921533251378137,-0.536423705272512,1.9663871696386335,4,0,1,0
71015,15,2.932887352063599,1.6050177807473,11.0,1,3,1.3288292080614366,4.244274686662479,0.7004274594082358,1.7737333979497962,-0.4386417519090147,4,0,0,1
71015,16,1.466684326641484,1.369091939724005,12.0,2,3,0.8702694075216431,1.2686628966149942,1.5921533251378137,1.0036810302090269,2.567644400025545,4,0,0,1
71015,17,2.2189453011702995,1.3297709662201225,12.0,1,3,4.069594220528652,2.190096305996848,1.1462903922730248,1.7737333979497962,-0.4386417519090147,4,0,0,1
71015,19,0.3685446466657732,0.4647095491347071,6.0,1,3,0.6841213696787565,-0.05670621953175965,-0.191298406321342,-0.536423705272512,-0.4386417519090147,4,1,0,0
71015,20,-0.5248913096781017,-0.40035186795070826,4.0,2,3,-0.624117203189619,-0.6129811547859425,-1.0830242720509198,-0.536423705272512,-0.4386417519090147,4,0,0,0
71016,1,0.23342002121421648,0.8185983106696497,10.0,1,4,-0.17775917952062442,-0.4583958425179403,1.1462903922730248,0.2336286624682574,-0.4386417519090147,4,0,0,1
71016,2,0.7315660284759256,0.8579192841735322,11.0,1,4,1.781335413874632,0.028824650761875768,1.5921533251378137,0.2336286624682574,1.9663871696386335,4,0,0,1
71016,3,0.7466919193846818,1.1724870722045924,9.0,2,4,-0.038148151138459555,-0.4171577443406518,1.1462903922730248,-0.536423705272512,1.9663871696386335,4,0,0,1
71016,4,-0.21632313513947227,0.2681046816152945,8.0,2,3,-0.1157098335729956,-0.39074379910291146,0.7004274594082358,-0.536423705272512,-0.4386417519090147,4,0,0,1
71016,5,0.008548443037372105,0.5433514961424721,10.0,2,3,-0.4132818493523253,-0.4083530959280717,1.5921533251378137,-0.536423705272512,2.567644400025545,4,0,0,1
71016,6,-0.1659034987769511,0.3860676021269421,12.0,2,3,-0.5992407123600056,-0.47753247631262974,1.1462903922730248,1.7737333979497962,-0.4386417519090147,4,0,0,1
71016,7,-1.0525328042118858,-2.1697956756254215,1.0,0,1,-0.6289806498868156,-0.3362987283067527,0.21450652866887604,-0.536423705272512,-0.4386417519090147,4,0,0,1
71017,1,0.968538319379775,1.4084129132278875,10.0,1,4,-0.3328825443896965,-0.4054781086913108,0.2545645265434469,1.7737333979497962,-0.4386417519090147,4,0,0,1
71021,1,2.083820675718743,1.6443387542511827,12.0,1,2,0.776438689259375,1.678348577853416,1.2438229088371973,-0.536423705272512,1.9663871696386335,4,0,0,1
71021,2,-0.334809280591397,0.07149981409588194,7.0,2,2,-0.22429618898134604,-0.46576299731214,0.2545645265434469,-0.536423705272512,-0.4386417519090147,4,0,0,1
71022,1,0.7113981739309171,1.1724870722045924,10.0,2,4,0.2096708829816434,0.5520723278523513,1.1462903922730248,0.2336286624682574,1.9663871696386335,4,0,0,1
71022,2,-0.08523208059691725,0.307425655119177,7.0,1,3,0.3027449019030866,0.0022310188218378642,0.2545645265434469,-0.536423705272512,1.9663871696386335,4,0,0,1
71022,3,-0.291952589683254,0.228783708111412,6.0,2,3,-0.5279217994872737,-0.40062656772927685,-0.191298406321342,-0.536423705272512,1.9663871696386335,4,0,1,0
71022,4,-0.43312757149831327,-0.007142132911883102,7.0,1,3,-0.22126939161804707,-0.25526002557055616,0.2545645265434469,-0.536423705272512,-0.4386417519090147,4,0,0,1
71022,5,-0.25161688059323706,0.032178840591999415,6.0,1,3,0.12946075285422076,0.16538654450801635,-0.191298406321342,-0.536423705272512,-0.4386417519090147,4,0,0,1
71022,6,-0.37363240059053826,0.07149981409588194,7.0,2,4,-0.40401228242722226,-0.47825122312181995,0.2545645265434469,-0.536423705272512,-0.4386417519090147,4,0,0,1
71022,7,-0.42052266240768293,-0.08578407991964813,7.0,1,3,-0.2644012540450574,-0.04628439079850156,0.2545645265434469,-0.536423705272512,1.9663871696386335,4,0,0,1
71022,8,0.8555983339277276,1.1724870722045924,9.0,1,3,0.9595599297389625,0.8280711025813933,1.1462903922730248,-0.536423705272512,1.9663871696386335,4,0,0,1
71022,9,0.5631644430251048,0.8185983106696497,11.0,2,3,0.15064833439731354,0.4111979532510694,0.2545645265434469,2.543785765690566,-0.4386417519090147,4,0,0,1
71022,10,0.8475311921097242,1.0152031781890622,9.0,1,2,0.29366450981318976,0.4924163426895636,1.1462903922730248,-0.536423705272512,-0.4386417519090147,4,0,0,1
71022,11,1.2851736357364079,1.3297709662201225,11.0,2,3,0.612234932300406,1.096163662409343,1.5921533251378137,0.2336286624682574,1.9663871696386335,4,0,0,1
71024,1,-0.4169932878623065,-0.007142132911883102,7.0,2,3,-0.24283532283155224,-0.5192197912456621,0.2545645265434469,-0.536423705272512,-0.4386417519090147,4,0,0,1
71024,2,0.08115271939940258,0.6219934431502372,7.0,2,3,-0.38547314857701603,-0.04664376420309666,0.2545645265434469,-0.536423705272512,-0.4386417519090147,4,0,0,1
71024,3,-0.2828770551380002,0.15014176110364696,7.0,2,3,0.11962366142349912,-0.39236097942358944,0.2545645265434469,-0.536423705272512,-0.4386417519090147,4,0,0,1
71024,4,1.0270250975602995,1.1724870722045924,9.0,1,3,0.01746925041215897,0.14382414023230994,1.1462903922730248,-0.536423705272512,-0.4386417519090147,4,0,0,1
71024,5,1.256938639373396,1.13316609870071,11.0,2,3,1.2410520845257664,1.0702887772784953,1.5921533251378137,0.2336286624682574,-0.4386417519090147,4,0,0,1
71024,6,-0.4406905169526914,-0.20374700043129568,7.0,1,3,-0.42994470691340764,-0.11240909724400121,0.2545645265434469,-0.536423705272512,-0.4386417519090147,4,0,0,1
71024,7,-0.49463952786058907,-0.2430679739351782,7.0,2,3,-0.3294773973559852,-0.5932507125922541,0.2545645265434469,-0.536423705272512,-0.4386417519090147,4,0,0,1
71024,8,1.269039352100401,1.369091939724005,11.0,2,3,1.3167220186082407,1.0817887262255388,1.5921533251378137,0.2336286624682574,-0.4386417519090147,4,0,0,1
71024,9,0.8465227993824738,0.9365612311812973,12.0,2,3,0.31182529399298353,0.6800092598882093,1.5921533251378137,1.0036810302090269,-0.4386417519090147,4,0,0,1
71024,10,-0.13817269877756447,0.2681046816152945,7.0,2,3,-0.4846007622250572,-0.2543615920590684,0.2545645265434469,-0.536423705272512,-0.4386417519090147,4,0,0,1
71024,11,0.9967733157427868,1.0938451251968273,12.0,2,3,0.8854033943381379,0.8223211281078716,1.5921533251378137,1.0036810302090269,-0.4386417519090147,4,0,0,1
71024,12,0.16384092303393727,0.4253885756308246,8.0,2,4,-0.227322986344645,0.032418384807826835,0.7004274594082358,-0.536423705272512,-0.4386417519090147,4,0,0,1
71024,13,-0.11296288059630388,0.307425655119177,8.0,2,3,-0.5001130987119644,-0.23064294735579136,0.7004274594082358,-0.536423705272512,-0.4386417519090147,4,0,0,1
71024,14,0.26770537394073085,0.7006353901580022,11.0,1,3,0.4359239858882412,0.46582271074952564,1.1462903922730248,1.0036810302090269,2.567644400025545,4,0,0,1
71024,15,-0.09279502605129543,0.07149981409588194,8.0,2,3,0.05152072074927235,-0.2112367835076556,0.2545645265434469,0.2336286624682574,-0.4386417519090147,4,0,0,1
71024,16,0.47341749029981717,0.7399563636618847,7.0,1,3,0.712119245289272,0.12585547000255462,0.2545645265434469,-0.536423705272512,-0.4386417519090147,4,1,0,0
71024,17,0.7527422757481844,1.0152031781890622,9.0,2,3,-0.3483948808766037,0.5908846555486228,1.1462903922730248,-0.536423705272512,-0.4386417519090147,4,0,0,1
71024,18,0.9796306393795297,1.13316609870071,8.0,2,3,0.40489931291442677,0.8065086983056869,-0.191298406321342,1.0036810302090269,1.9663871696386335,4,1,0,0
71024,19,0.5429965884800964,0.6613144166541197,9.0,1,3,0.7393604215589626,0.4996038107814657,1.1462903922730248,-0.536423705272512,-0.4386417519090147,4,0,0,1
71024,20,0.5692147993886074,0.5433514961424721,7.0,2,3,0.7272532321057669,0.4169479277245911,0.2545645265434469,-0.536423705272512,-0.4386417519090147,4,0,1,0
71024,21,0.2172857375782097,0.4647095491347071,12.0,2,3,-0.1872179212809337,0.08273066145114179,0.7004274594082358,2.543785765690566,-0.4386417519090147,4,0,0,1
71024,22,0.187033955760697,0.2681046816152945,6.0,1,2,0.6402328079109215,-0.30377543519089556,-0.191298406321342,-0.536423705272512,-0.4386417519090147,4,0,0,0
71024,23,3.3382612284182693,1.6443387542511827,9.0,1,3,2.792285733216487,5.290770040843429,-0.191298406321342,1.7737333979497962,-0.4386417519090147,4,0,0,0
71024,24,1.9970989011752065,1.3297709662201225,13.0,1,3,1.5482720169006117,3.1402795877463103,0.7004274594082358,3.313838133431335,-0.4386417519090147,4,0,0,1
71024,25,0.2838396575767376,0.5433514961424721,8.0,2,3,-0.18381277424722237,0.1459803806598806,0.7004274594082358,-0.536423705272512,-0.4386417519090147,4,0,0,1
71031,1,0.45022445757305746,0.6613144166541197,8.0,2,3,-0.2678064010787687,0.3041046786817276,0.7004274594082358,-0.536423705272512,-0.4386417519090147,4,0,0,1
71031,2,-0.4255646260439351,-0.12510505342353065,5.0,2,4,-0.6829505769387427,-0.5274853795513496,-0.6371613391861309,-0.536423705272512,-0.4386417519090147,4,0,0,1
71031,3,-0.3524561533182794,-0.04646310641576562,5.0,2,3,-0.4225514162774284,-0.458126312464494,-0.6371613391861309,-0.536423705272512,-0.4386417519090147,4,0,0,0
71031,4,-0.35497713513640544,-0.28238894743906073,4.0,2,3,-0.6365081548956242,-0.46064192629665973,-1.0830242720509198,-0.536423705272512,-0.4386417519090147,4,0,0,0
71031,5,-0.08775306241504331,0.4253885756308246,8.0,1,4,-0.04760689289876883,-0.49082929228264865,0.7004274594082358,-0.536423705272512,-0.4386417519090147,4,0,0,1
71031,6,-0.1406936805956905,0.2681046816152945,6.0,2,4,-0.5776747811465005,-0.25723657929582927,-0.6371613391861309,0.2336286624682574,-0.4386417519090147,4,0,0,0
71031,7,0.47240909757256677,0.5826724696463547,6.0,1,3,-0.4380637527643356,0.33932327233204806,-0.191298406321342,-0.536423705272512,-0.4386417519090147,4,0,0,0
71031,8,-0.44573248058894355,-0.20374700043129568,6.0,2,3,-0.6395349522589231,-0.5465321699948902,-1.0830242720509198,1.0036810302090269,-0.4386417519090147,4,0,0,0
71031,9,0.02266594121887803,0.5433514961424721,7.0,2,3,-0.27385999580536663,-0.1019872685107431,0.2545645265434469,-0.536423705272512,-0.4386417519090147,4,1,0,0
71031,10,-0.07766913514253908,0.1894627346075295,6.0,2,3,-0.5466501081726861,-0.1968618473238513,-1.0830242720509198,1.0036810302090269,-0.4386417519090147,4,0,0,0
71031,11,-0.00556905514413382,0.34674662862305955,8.0,2,3,0.04244032865937545,-0.12858090045078102,0.7004274594082358,-0.536423705272512,-0.4386417519090147,4,0,0,1
71031,12,-0.42707721513481073,-0.20374700043129568,6.0,1,4,-0.5869443480716036,-0.4937941228705583,-0.191298406321342,-0.536423705272512,-0.4386417519090147,4,0,0,0
71031,13,-0.1785084078675814,0.34674662862305955,9.0,2,4,-0.29542592701887177,-0.29317391975533996,0.2545645265434469,1.0036810302090269,-0.4386417519090147,4,0,0,1
71031,14,-0.4976647060423403,-0.36103089444682573,5.0,1,3,-0.3729876094534078,-0.26118968674637544,-0.6371613391861309,-0.536423705272512,-0.4386417519090147,4,0,0,0
71031,16,-0.3262379424097684,0.032178840591999415,6.0,2,3,-0.5899711454349026,-0.4333295475474316,-0.191298406321342,-0.536423705272512,-0.4386417519090147,4,0,0,0
71031,17,-0.5188409533145992,-0.28238894743906073,4.0,2,3,-0.6488991066016293,-0.6129811547859425,-1.0830242720509198,-0.536423705272512,1.9663871696386335,4,0,0,0
71031,18,0.42400624666454645,0.8972402576774148,9.0,2,3,0.08557219108638574,0.2789485403600701,0.7004274594082358,0.2336286624682574,2.567644400025545,4,0,0,1
71031,19,-0.43413596422556366,-0.007142132911883102,8.0,2,4,-0.4225514162774284,-0.535750967857037,0.2545645265434469,0.2336286624682574,-0.4386417519090147,4,0,0,1
71031,20,0.26770537394073085,0.6613144166541197,9.0,2,3,-0.15278810127340794,0.1308866976668861,0.2545645265434469,1.0036810302090269,-0.4386417519090147,4,0,0,1
71031,21,1.9849981884482015,1.4870548602356526,12.0,1,3,1.5058968538144262,0.7957274961678337,0.7004274594082358,2.543785765690566,-0.4386417519090147,4,0,0,1
71031,1,-0.015652982416638053,0.3860676021269421,7.0,2,3,-0.5093826656370676,-0.138643355779444,0.2545645265434469,-0.536423705272512,-0.4386417519090147,4,0,1,0
71031,2,-0.26775116422924383,0.032178840591999415,5.0,2,4,-0.627144000552918,-0.37798604323978513,-1.0830242720509198,0.2336286624682574,1.9663871696386335,4,0,0,0
71031,3,-0.2526252733204875,0.11082078759976445,6.0,2,3,-0.472115223101449,-0.3636111070559809,-0.191298406321342,-0.536423705272512,-0.4386417519090147,4,0,1,0
71031,4,-0.38018695331766605,-0.04646310641576562,7.0,2,4,-0.5682160393861913,-0.48436057099993673,-0.191298406321342,0.2336286624682574,-0.4386417519090147,4,0,1,0
71031,5,-0.33833865513677347,-0.08578407991964813,7.0,2,3,-0.40401228242722226,-0.444829496494475,-0.191298406321342,0.2336286624682574,-0.4386417519090147,4,0,0,1
71031,6,0.12249682121666992,0.228783708111412,6.0,1,3,-0.40401228242722226,0.8101024323516379,-0.191298406321342,-0.536423705272512,-0.4386417519090147,4,1,0,0
71031,7,-0.3978338260445484,-0.12510505342353065,5.0,2,3,-0.5869443480716036,-0.5012511210159067,-0.6371613391861309,-0.536423705272512,-0.4386417519090147,4,0,1,0
71031,8,-0.6486715169480912,-0.5969567354701208,5.0,2,3,-0.6054834819218098,-0.6129811547859425,-1.0830242720509198,0.2336286624682574,-0.4386417519090147,4,0,0,0
71031,9,0.35442714848426726,0.7399563636618847,9.0,2,4,0.10146287724370531,0.21282383391457046,1.1462903922730248,-0.536423705272512,-0.4386417519090147,4,0,0,1
71031,10,-0.12304680786880812,0.228783708111412,6.0,1,3,-0.5621624446595933,-0.28922081230479374,-0.6371613391861309,0.2336286624682574,-0.4386417519090147,4,0,0,0
71031,11,-0.42304364422580903,0.07149981409588194,7.0,2,4,-0.5744588089479953,-0.5249697657191839,0.2545645265434469,-0.536423705272512,-0.4386417519090147,4,0,0,1
71031,12,-0.20876018968509408,0.3860676021269421,10.0,2,4,-0.5869443480716036,-0.32192379212294847,0.7004274594082358,1.0036810302090269,2.567644400025545,4,0,0,1
71031,13,-0.06254324423378273,0.2681046816152945,8.0,2,4,-0.14068091182021208,-0.18320565794923724,0.2545645265434469,0.2336286624682574,-0.4386417519090147,4,0,0,1
71031,14,0.17594163576094235,0.6613144166541197,8.0,2,4,-0.35444847560320164,0.043918333754870253,0.7004274594082358,-0.536423705272512,-0.4386417519090147,4,0,0,1
71031,15,0.20115145394220293,0.4647095491347071,8.0,2,3,-0.3203970052660883,0.0676369784581473,0.2545645265434469,0.2336286624682574,2.567644400025545,4,0,1,0
71031,16,0.5097196284808324,0.5040305226385896,6.0,1,3,0.9973948967801997,0.8762271387971377,-0.191298406321342,-0.536423705272512,-0.4386417519090147,4,1,0,0
71031,17,-0.4255646260439351,-0.28238894743906073,4.0,2,3,-0.6086048667027119,-0.5274853795513496,-1.0830242720509198,-0.536423705272512,-0.4386417519090147,4,0,0,0
71031,18,-0.1003579715056736,0.032178840591999415,6.0,1,3,-0.5899711454349026,0.19198017644805426,-0.6371613391861309,0.2336286624682574,-0.4386417519090147,4,1,0,0
71031,19,-0.40287578968080057,0.032178840591999415,7.0,1,3,-0.17170558479402648,-0.5084385891078089,0.2545645265434469,-0.536423705272512,-0.4386417519090147,4,0,0,1
71031,20,0.45929999211831124,0.8579192841735322,9.0,2,4,0.12567725615009706,0.3127296403920101,1.1462903922730248,-0.536423705272512,-0.4386417519090147,4,0,0,1
71031,21,-0.46842131695207806,-0.36103089444682573,5.0,2,4,-0.6705596252327376,-0.5680945742705966,-0.6371613391861309,-0.536423705272512,-0.4386417519090147,4,0,0,0
71031,22,0.40182160666503713,0.7399563636618847,10.0,2,4,-0.09717069972278942,0.25810488289355393,1.5921533251378137,-0.536423705272512,-0.4386417519090147,4,0,0,1
71031,23,1.7147489375450882,1.5656968072434176,12.0,1,3,0.24372235331875677,1.1436009518158972,1.0766243090129015,-0.536423705272512,-0.4386417519090147,4,0,0,1
71032,1,0.49257695211757524,0.8185983106696497,7.0,2,2,-0.04760689289876883,-0.24789287077635647,0.2545645265434469,-0.536423705272512,1.9663871696386335,4,0,1,0
71032,2,0.2001430612149525,0.228783708111412,7.0,1,3,-0.3574752729665006,0.48235388736090057,-0.191298406321342,0.2336286624682574,-0.4386417519090147,4,0,0,1
71032,3,-0.09027404423316937,0.3860676021269421,11.0,2,2,-0.19327151600753165,-0.1965024739192562,0.7004274594082358,1.7737333979497962,-0.4386417519090147,4,0,0,1
71032,4,-0.009602626053135513,0.5433514961424721,10.0,2,3,-0.39455354066691295,-0.4583958425179403,0.2545645265434469,1.7737333979497962,-0.4386417519090147,4,0,0,1
71032,5,3.7254840356824315,1.7229807012589475,12.0,1,3,3.200903377261848,5.745018024251644,0.2545645265434469,3.313838133431335,1.9663871696386335,4,1,0,0
71032,6,0.6337519339326345,0.8579192841735322,7.0,2,3,-0.09717069972278942,-0.09336230680046055,-0.6371613391861309,1.0036810302090269,-0.4386417519090147,1,0,0,0
71032,7,-0.6776628078565409,-0.5183147884623558,5.0,2,3,-0.6705596252327376,-0.5761804758739866,-0.6371613391861309,-0.536423705272512,1.9663871696386335,4,1,0,0
71032,8,-0.6499320078571542,-0.32170992094294326,7.0,2,4,-0.63026538533382,-0.5732381061238642,0.2545645265434469,-0.536423705272512,2.567644400025545,4,0,0,1
71032,9,-0.15077760786819475,0.032178840591999415,6.0,2,4,-0.4473333196894387,-0.5820652153742314,-0.6371613391861309,0.2336286624682574,-0.4386417519090147,4,0,0,0
71032,10,0.43913213757330277,0.8579192841735322,10.0,2,4,-0.24586212019485118,-0.4643255036937596,1.5921533251378137,-0.536423705272512,2.567644400025545,4,0,0,1
71032,11,-0.42052266240768293,-0.20374700043129568,5.0,2,4,-0.6365081548956242,-0.567330905785832,-0.6371613391861309,-0.536423705272512,-0.4386417519090147,4,0,0,0
71032,12,-0.17094546241320321,0.07149981409588194,5.0,2,4,-0.06917282411227398,-0.5423095324908977,-0.6371613391861309,-0.536423705272512,1.9663871696386335,4,0,0,0
71032,14,-0.2995155351376322,-0.007142132911883102,8.0,1,3,-0.28331873756567594,-0.004956449270064272,0.2545645265434469,0.2336286624682574,-0.4386417519090147,4,0,0,1
71032,15,2.7574270175220255,1.6836597277550651,14.0,1,3,1.9508360662193742,2.8010310938085294,2.0380162580026027,1.7737333979497962,-0.4386417519090147,4,0,0,1
71032,16,-0.1734664442313293,0.15014176110364696,8.0,1,3,-0.04458009553546986,0.01840282202861767,0.7004274594082358,-0.536423705272512,-0.4386417519090147,4,0,0,1
71032,17,0.16384092303393727,0.4647095491347071,8.0,1,3,-0.32342380262938725,0.18623020197453255,0.7004274594082358,-0.536423705272512,-0.4386417519090147,4,0,0,1
71032,18,2.091887817536746,1.5656968072434176,15.0,1,3,1.8961268516705854,3.008030174855311,2.0380162580026027,2.543785765690566,-0.4386417519090147,4,0,0,1
71032,19,0.534929446662093,0.8185983106696497,14.0,1,3,0.19075339946102485,0.7267278024855732,1.1462903922730248,3.313838133431335,-0.4386417519090147,4,0,0,1
71032,20,0.8727410102909847,0.7399563636618847,9.0,1,3,-0.032094556411861624,0.621790768343802,1.1462903922730248,-0.536423705272512,-0.4386417519090147,4,0,0,1
71032,21,0.005523264855620835,0.307425655119177,9.0,2,3,-0.038148151138459555,-0.037300055683623885,1.1462903922730248,-0.536423705272512,-0.4386417519090147,4,0,0,1
71034,1,0.7124065666581675,0.9365612311812973,12.0,2,4,0.16351222319133416,0.5535098214707317,2.0380162580026027,0.2336286624682574,2.567644400025545,4,0,0,1
71034,2,0.11039610848966484,0.5826724696463547,8.0,2,4,0.34890356169339587,-0.018612638644678332,0.7004274594082358,-0.536423705272512,-0.4386417519090147,4,0,0,1
71034,3,0.5228287339350879,0.9758822046851798,11.0,2,4,-0.12516857533330486,0.37238562555479787,2.0380162580026027,-0.536423705272512,2.567644400025545,4,0,0,1
71034,4,2.2169285157157987,1.4870548602356526,10.0,1,3,1.828250773005766,2.5106573828956833,1.1462903922730248,0.2336286624682574,-0.4386417519090147,4,0,0,1
71034,5,-0.1961552805944638,0.11082078759976445,6.0,2,3,-0.5776747811465005,-0.30970509636671484,-1.0830242720509198,1.0036810302090269,-0.4386417519090147,4,0,0,0
71034,6,2.904652355700587,1.9982275157861253,13.0,2,4,0.9913413020536017,2.6342818340764,2.0380162580026027,1.0036810302090269,-0.4386417519090147,4,0,0,1
71034,7,0.3534187557570168,0.7399563636618847,9.0,2,3,-0.3824463512137171,0.21210508710538023,0.7004274594082358,0.2336286624682574,-0.4386417519090147,4,0,0,1
71034,8,2.5537316866174398,1.526375833739535,13.0,1,3,4.012085070625971,3.2581540644535054,2.0380162580026027,1.0036810302090269,2.567644400025545,4,0,0,1
71034,9,2.4952449084369155,1.369091939724005,15.0,1,3,3.5005563162284457,2.7032815277586604,1.5921533251378137,3.313838133431335,1.9663871696386335,4,0,0,1
71034,10,0.5369462321165939,1.1724870722045924,11.0,2,4,-0.17473238215732545,0.3867605617386021,1.1462903922730248,1.0036810302090269,-0.4386417519090147,4,0,0,1
71034,11,-0.017669767871138897,0.307425655119177,7.0,2,4,-0.10965623884639766,-0.14008084939782442,0.2545645265434469,-0.536423705272512,1.9663871696386335,4,0,0,1
71034,12,0.07611075576315046,0.5433514961424721,9.0,2,4,0.2717202289292722,-0.050956245058237946,0.2545645265434469,1.0036810302090269,-0.4386417519090147,4,0,0,1
71034,13,1.216602930283379,1.0152031781890622,11.0,1,2,1.5028700564511273,1.402349803124374,1.1462903922730248,1.0036810302090269,-0.4386417519090147,4,0,0,1
71034,14,1.507020035731501,1.44773388673177,14.0,1,4,1.7662014270581372,-0.1594870132459602,2.0380162580026027,1.7737333979497962,2.567644400025545,4,0,0,1
71034,15,3.0075084138801302,1.4084129132278875,12.0,1,3,2.6742406360478275,4.862396942566062,0.7004274594082358,2.543785765690566,-0.4386417519090147,4,0,0,1
71034,16,1.519120748458506,1.5656968072434176,12.0,1,4,1.46503508940989,0.23366749138108664,1.5921533251378137,1.0036810302090269,1.9663871696386335,4,0,0,1
71034,17,0.2505626975774737,0.3860676021269421,6.0,1,3,-0.23980852546825326,0.47660391288737886,-0.191298406321342,-0.536423705272512,-0.4386417519090147,4,0,0,0
71034,18,0.6781212139316531,1.0152031781890622,10.0,1,3,0.27777382365587017,0.03169963799863662,1.1462903922730248,0.2336286624682574,-0.4386417519090147,4,0,0,1
71034,19,0.13358914121642457,0.6219934431502372,8.0,2,4,-0.3574752729665006,0.003668512440218291,0.7004274594082358,-0.536423705272512,-0.4386417519090147,4,0,0,1
71034,20,2.668688457523988,1.369091939724005,12.0,1,3,0.8884301917014368,3.6261524307588946,0.2545645265434469,3.313838133431335,1.9663871696386335,4,0,0,1
71034,21,0.2303948430324652,0.6219934431502372,10.0,2,4,-0.29845272438217074,0.09494935720737542,1.1462903922730248,0.2336286624682574,-0.4386417519090147,4,0,0,1
71034,22,1.9103771266316703,1.3297709662201225,13.0,1,3,2.7862321384898894,2.732031400126269,1.5921533251378137,1.7737333979497962,-0.4386417519090147,4,0,0,1
71034,23,0.5298874830258409,0.8579192841735322,9.0,2,3,-0.2678064010787687,0.3795730936467,1.1462903922730248,-0.536423705272512,-0.4386417519090147,4,0,0,1
71034,24,1.0229915266512979,1.3297709662201225,12.0,2,4,0.5320248021729834,0.8481960132387193,1.1462903922730248,1.7737333979497962,-0.4386417519090147,4,0,0,1
71034,25,0.1436730684889288,0.5040305226385896,9.0,1,3,0.712119245289272,0.06404324441219623,0.7004274594082358,0.2336286624682574,2.567644400025545,4,0,0,1
71034,26,-0.07514815332441302,0.5040305226385896,10.0,2,3,-0.3729876094534078,-0.19470560689628066,1.1462903922730248,0.2336286624682574,-0.4386417519090147,4,0,0,1
71034,27,0.2878732284857393,0.7399563636618847,7.0,2,4,-0.22126939161804707,0.14957411470583165,0.2545645265434469,-0.536423705272512,-0.4386417519090147,4,1,0,0
71034,28,0.40182160666503713,0.8579192841735322,8.0,1,3,0.32090568608288045,-0.11528408448076206,0.7004274594082358,-0.536423705272512,-0.4386417519090147,4,0,0,1
71034,29,-0.39027088059017023,-0.20374700043129568,5.0,2,3,-0.6086048667027119,-0.4940636529240046,-0.6371613391861309,-0.536423705272512,-0.4386417519090147,4,0,0,0
71034,30,-0.4709422987702041,-0.08578407991964813,7.0,2,4,-0.391526743303614,-0.5706101881027624,-0.191298406321342,0.2336286624682574,-0.4386417519090147,4,0,0,1
71034,31,1.0008068866517885,1.13316609870071,11.0,1,3,1.5331380300841169,1.311787705166407,0.2545645265434469,2.543785765690566,-0.4386417519090147,4,0,0,1
71034,32,1.8841589157231593,1.6836597277550651,12.0,1,3,0.8233540483905091,1.9759097568581643,2.0380162580026027,0.2336286624682574,2.567644400025545,4,0,0,1
71034,33,0.9029927921084975,1.13316609870071,12.0,1,3,1.781335413874632,0.43635409157272687,1.5921533251378137,1.0036810302090269,-0.4386417519090147,4,0,0,1
71034,34,0.36350268302952105,0.7006353901580022,7.0,1,3,0.07043820426989089,0.36735439789046637,0.2545645265434469,-0.536423705272512,-0.4386417519090147,4,0,0,1
71034,35,-0.3398512442276491,0.1894627346075295,8.0,2,3,-0.46908842573815,-0.4462669901128554,0.7004274594082358,-0.536423705272512,-0.4386417519090147,4,0,0,1
71034,36,-0.5264038987689774,-0.12510505342353065,7.0,2,4,-0.7046583892786524,-0.6129811547859425,0.2545645265434469,-0.536423705272512,-0.4386417519090147,4,0,0,1
71034,37,-0.08523208059691725,0.307425655119177,7.0,2,4,-0.06009243202237707,-0.20404931541575344,-0.191298406321342,0.2336286624682574,-0.4386417519090147,4,0,0,1
71034,38,-0.20119724423071592,0.11082078759976445,6.0,2,3,-0.29542592701887177,-0.31473632403104634,-0.191298406321342,-0.536423705272512,-0.4386417519090147,4,0,1,0
71034,39,0.0256911194006293,0.5433514961424721,7.0,2,4,-0.41952461891412945,-0.09911228127398225,0.2545645265434469,-0.536423705272512,-0.4386417519090147,4,0,0,1
71034,40,2.4004559920753756,1.6050177807473,13.0,1,3,4.01511186798927,2.818281017229095,2.0380162580026027,1.0036810302090269,1.9663871696386335,4,0,0,1
71034,41,-0.1659034987769511,0.15014176110364696,7.0,1,4,-0.3979586877006243,-0.526137729284118,0.2545645265434469,-0.536423705272512,-0.4386417519090147,4,0,1,0
71034,42,2.0717199629917378,1.7623016747628302,14.0,2,3,1.790415805964529,1.843660343967165,1.236856300511185,1.0036810302090269,1.3651299392517213,4,0,0,1
71034,43,0.14972342485243134,0.34674662862305955,10.0,2,3,-0.22126939161804707,0.018762195433212777,-0.191298406321342,2.543785765690566,-0.4386417519090147,4,1,0,0
71034,44,-0.4936311351333386,-0.08578407991964813,7.0,1,4,-0.456792061449748,-0.5335048840783176,0.2545645265434469,-0.536423705272512,-0.4386417519090147,4,0,0,0
71034,45,-0.5490927351321119,-0.04646310641576562,7.0,2,4,-0.5559196750977892,-0.6129811547859425,0.2545645265434469,-0.536423705272512,1.9663871696386335,4,1,0,0
71034,46,-0.47346328058833015,-0.04646310641576562,6.0,2,4,-0.4815739648617583,-0.5731258019349281,-0.191298406321342,-0.536423705272512,-0.4386417519090147,4,0,0,1
71034,47,2.7352423775225163,1.6443387542511827,12.0,1,3,2.710562204407415,1.921284999359708,1.5921533251378137,1.0036810302090269,1.9663871696386335,4,0,0,1
71034,48,2.832048079338557,1.6836597277550651,10.0,2,3,1.4060125408255602,2.5652821403941393,0.7004274594082358,1.0036810302090269,-0.4386417519090147,4,1,0,0
71034,49,1.5513893157305196,1.29044999271624,9.0,1,3,0.49797333183587006,2.243283569876924,1.1462903922730248,-0.536423705272512,-0.4386417519090147,4,0,0,1
71034,50,2.709024166614005,1.9589065422822427,10.0,1,3,3.1797157957187547,3.580152634970721,1.1462903922730248,0.2336286624682574,-0.4386417519090147,4,0,0,1
71034,51,-0.20876018968509408,0.15014176110364696,6.0,2,3,-0.4164978215508305,-0.32192379212294847,-0.191298406321342,-0.536423705272512,-0.4386417519090147,4,0,0,0
71034,52,-0.63984808058465,-0.5576357619662383,5.0,2,3,-0.7325616774715649,-0.6129811547859425,-0.6371613391861309,-0.536423705272512,-0.4386417519090147,4,0,0,0
71034,53,0.0256911194006293,0.34674662862305955,13.0,2,3,-0.35444847560320164,-0.09911228127398225,-0.6371613391861309,5.623995236653643,-0.4386417519090147,4,0,0,1
71034,54,-0.6171592442215155,-0.6362777089740034,3.0,2,3,-0.627144000552918,-0.6129811547859425,-1.5288872049157087,-0.536423705272512,-0.4386417519090147,4,0,0,0
71034,55,0.5530805157526006,0.8972402576774148,10.0,2,4,-0.5031398960752634,0.40113549792240644,0.7004274594082358,1.0036810302090269,-0.4386417519090147,4,0,0,1
71034,56,2.0071828284477107,1.8802645952744776,12.0,1,4,1.6390759377995805,0.08021504761897605,1.5921533251378137,1.0036810302090269,-0.4386417519090147,4,0,0,1
71034,57,2.4508756284378967,1.9589065422822427,14.0,1,3,2.2550292012309203,2.343908123163554,1.5921533251378137,2.543785765690566,2.567644400025545,4,0,0,1
71034,58,2.9107027120640896,2.3914372508249504,12.0,1,4,1.9977514253505082,0.019840315646998098,0.7004274594082358,2.543785765690566,1.9663871696386335,4,0,0,1
71034,59,3.640779046593396,2.352116277321068,16.0,2,4,1.7662014270581372,3.332903732609288,1.9335171331124177,2.543785765690566,1.3651299392517213,4,0,0,1
71034,60,3.035743410243142,2.1555114098016555,11.0,1,3,1.0776050269076223,0.8122586727792086,1.5921533251378137,0.2336286624682574,-0.4386417519090147,4,0,0,1
71034,61,4.766145330204869,2.2341533568094203,12.0,1,3,4.635208134208045,5.5667688155724715,1.5921533251378137,1.0036810302090269,2.567644400025545,4,0,0,1
71034,62,4.161109693854614,2.4700791978327152,14.0,1,3,0.8445416299336018,2.772281221440921,1.5921533251378137,2.543785765690566,1.9663871696386335,4,0,0,1
71034,1,3.092213402969166,1.6836597277550651,12.0,1,3,2.4502576311637037,4.626647989151672,1.5921533251378137,1.0036810302090269,1.9663871696386335,4,0,0,1
71034,2,0.9483704648347665,1.0545241516929449,12.0,2,3,0.3708478425773134,0.7763213323196979,1.5921533251378137,1.0036810302090269,-0.4386417519090147,4,0,0,1
71034,3,0.33325090121200834,0.5433514961424721,12.0,2,3,0.05152072074927235,0.19269892325724447,0.2545645265434469,3.313838133431335,-0.4386417519090147,4,0,0,1
71034,4,0.39375446484703375,0.6613144166541197,14.0,2,4,0.29366450981318976,0.25019866799246154,0.2545645265434469,4.853942868912874,-0.4386417519090147,4,0,0,1
71034,5,1.230720428464885,1.369091939724005,14.0,1,4,0.882376596974839,-0.14475270365756082,1.1462903922730248,3.313838133431335,-0.4386417519090147,4,0,0,1
71034,6,2.6908730975234976,1.4084129132278875,13.0,1,3,3.8486380130078266,4.390899035737282,1.1462903922730248,2.543785765690566,-0.4386417519090147,4,0,0,1
71034,7,1.874074988450655,1.13316609870071,12.0,1,3,3.1252334431793733,3.7440269074660897,0.7004274594082358,2.543785765690566,-0.4386417519090147,4,0,0,1
71034,8,0.02871629758238057,0.34674662862305955,9.0,2,4,0.19453689616514855,-0.06964366209718349,1.1462903922730248,-0.536423705272512,-0.4386417519090147,4,0,0,1
71034,9,0.923160646653506,1.13316609870071,12.0,1,3,1.0533906480012305,0.8208836344894912,0.7004274594082358,2.543785765690566,-0.4386417519090147,4,0,0,1
71034,10,2.753393446613024,1.4084129132278875,14.0,1,3,3.2463053377113322,4.155150082322892,0.2545645265434469,4.853942868912874,-0.4386417519090147,4,0,0,1
71034,11,1.9910485448117041,1.4084129132278875,14.0,1,3,2.159685084287003,2.1987212677071306,0.7004274594082358,4.083890501172104,-0.4386417519090147,4,0,0,1
71034,12,2.136257097535765,1.7623016747628302,12.0,1,3,2.097635738339374,1.9428474036354144,1.5921533251378137,1.0036810302090269,1.9663871696386335,4,0,0,1
71034,13,0.2303948430324652,0.6613144166541197,9.0,2,4,-0.12516857533330486,-0.5246553139901631,1.1462903922730248,-0.536423705272512,-0.4386417519090147,4,0,0,1
71034,14,0.2777893012132351,0.5826724696463547,9.0,2,3,-0.4473333196894387,-0.28185365751059405,0.7004274594082358,0.2336286624682574,-0.4386417519090147,4,0,0,1
71034,15,-0.3701030260451618,0.11082078759976445,7.0,2,4,-0.6488991066016293,-0.5570438420792971,0.2545645265434469,-0.536423705272512,-0.4386417519090147,4,0,0,1
71034,16,0.02266594121887803,0.34674662862305955,7.0,2,3,-0.09414390235949045,-0.5864900004183087,0.2545645265434469,-0.536423705272512,-0.4386417519090147,4,0,0,1
71034,17,0.7749269157476937,1.0545241516929449,9.0,2,3,0.16956581791793207,-0.3156347575425341,0.7004274594082358,0.2336286624682574,-0.4386417519090147,4,0,0,1
71034,18,-0.1659034987769511,0.1894627346075295,8.0,2,3,-0.6023620971409077,-0.4569583488995599,0.7004274594082358,-0.536423705272512,-0.4386417519090147,4,0,0,1
71034,19,-0.029770480598143977,0.5040305226385896,9.0,1,4,0.06362791020246822,-0.47169265848795927,0.2545645265434469,1.0036810302090269,-0.4386417519090147,4,0,0,1
71034,20,0.11947164303491865,0.34674662862305955,8.0,2,3,-0.38547314857701603,-0.1965024739192562,0.7004274594082358,-0.536423705272512,-0.4386417519090147,4,0,0,1
71034,21,-0.18607135332195957,0.307425655119177,9.0,2,3,-0.3979586877006243,-0.49523161648893876,1.1462903922730248,-0.536423705272512,-0.4386417519090147,4,0,0,1
71034,22,0.6508946102958917,0.8972402576774148,11.0,2,3,-0.2893723322922738,-0.12570591321402017,1.5921533251378137,0.2336286624682574,-0.4386417519090147,4,0,0,1
71034,23,0.9463536793802656,1.0152031781890622,12.0,2,3,1.2017037188028799,-0.3436658831009524,0.7004274594082358,2.543785765690566,-0.4386417519090147,4,0,0,1
71034,24,1.137948297557846,1.44773388673177,10.0,1,4,0.15064833439731354,-0.3362987283067527,1.5921533251378137,-0.536423705272512,-0.4386417519090147,4,0,0,1
71040,5,-0.7885860078540874,-0.8525430632453572,4.0,1,3,-0.7325616774715649,-0.49523161648893876,-1.0830242720509198,-0.536423705272512,1.9663871696386335,4,0,0,0
71040,6,0.318125010303252,0.6219934431502372,6.0,2,4,0.25961303947607633,0.1783239870734402,-0.191298406321342,-0.536423705272512,-0.4386417519090147,4,0,0,0
71040,7,-0.03481244423439609,0.228783708111412,7.0,2,3,0.2096708829816434,-0.15661202600919935,0.2545645265434469,-0.536423705272512,1.9663871696386335,4,0,0,1
71040,8,-0.20623920786696803,0.1894627346075295,5.0,2,3,-0.4380637527643356,-0.31904880488618764,-0.6371613391861309,-0.536423705272512,-0.4386417519090147,4,1,0,0
