serialno,weight,length,age,sex,stage,liverweight,gonadweight,spawningage,spawningzones,readability,otolithedge,otolithtype_2,otolithtype_4,otolithtype_5
70029,-0.5541346987683641,-0.28238894743906073,-0.308775112667343,2,1.0,-0.6426563234649633,-0.6115085661085196,-0.191298406321342,-0.536423705272512,1.3651299392517213,4.0,0,0,1
70029,-0.9058116623969491,-1.1081293910205936,-1.2656596370776863,1,1.0,-0.7511480907533696,-0.6100373812334584,-1.5288872049157087,-0.536423705272512,-0.4386417519090147,4.0,0,0,1
70029,-0.856652516943491,-0.911524523501181,-0.9466981289409051,2,1.0,-0.7573435665662647,-0.6115085661085196,-1.0830242720509198,-0.536423705272512,-0.4386417519090147,4.0,0,0,1
70029,-1.0548016878481992,-2.2484376226331864,-1.9035826533512483,0,,-0.6128919194880283,-0.3362987283067527,0.21450652866887604,-0.536423705272512,-0.4386417519090147,4.0,0,0,1
70029,-1.0091719169401174,-1.6586230200749488,-1.2656596370776863,1,1.0,-0.7025682150761718,-0.3362987283067527,-1.5288872049157087,-0.536423705272512,-0.4386417519090147,4.0,0,0,1
70029,-0.8074933714900329,-0.7149196559817684,-0.9466981289409051,2,1.0,-0.7294402785539893,-0.6115085661085196,-1.0830242720509198,-0.536423705272512,-0.4386417519090147,4.0,0,0,1
70029,-1.0381632078485672,-1.8748883743463027,-1.5846211452144674,1,1.0,-0.6829654924890357,-0.3362987283067527,-1.9747501377804977,-0.536423705272512,-0.4386417519090147,4.0,0,0,1
70029,-1.0104324078491804,-1.5406600995633013,-1.5846211452144674,2,1.0,-0.7317524975208963,-0.3362987283067527,-1.9747501377804977,-0.536423705272512,-0.4386417519090147,4.0,0,0,1
70029,0.17291645757919108,0.6219934431502372,0.6481094117430003,2,4.0,-0.2678063899305651,-0.6085633887536738,1.1462903922730248,-0.536423705272512,-0.4386417519090147,4.0,0,0,1
70029,-0.11145029150542825,0.228783708111412,0.6481094117430003,2,2.0,0.05454752717395898,-0.10054977489236268,0.7004274594082358,0.2336286624682574,-0.4386417519090147,4.0,0,0,1
70038,0.5228287339350879,0.7399563636618847,0.010186395469438104,1,2.0,0.6992553613830071,0.050746428442177284,0.2545645265434469,-0.536423705272512,-0.4386417519090147,4.0,0,0,1
70038,1.8539071339056465,1.44773388673177,0.6481094117430003,1,2.0,4.414649100780221,0.22432378286161386,0.7004274594082358,0.2336286624682574,1.9663871696386335,4.0,0,0,1
70038,-0.014644589689387628,0.1894627346075295,0.010186395469438104,2,2.0,0.09843608865767352,-0.06964366209718349,0.2545645265434469,-0.536423705272512,-0.4386417519090147,4.0,0,0,1
70038,1.545338959367017,1.13316609870071,1.2860324280165625,2,2.0,1.7813354117573486,2.2849708848099564,0.7004274594082358,1.7737333979497962,-0.4386417519090147,4.0,0,0,1
70038,0.8797997593817377,0.8185983106696497,0.3291479036062192,1,2.0,2.2459488040159816,-0.038737549302004314,0.7004274594082358,-0.536423705272512,-0.4386417519090147,4.0,0,0,1
70038,-0.27430571695637157,-0.007142132911883102,-0.6277366208041241,1,1.0,-0.15278809086979595,-0.5761804758739866,-0.6371613391861309,-0.536423705272512,1.9663871696386335,4.0,0,0,1
70038,0.13157235576192372,0.228783708111412,0.3291479036062192,2,2.0,-0.3669340029368859,0.09063687635223414,0.7004274594082358,-0.536423705272512,-0.4386417519090147,4.0,0,0,1
70038,0.6277015775691319,0.5433514961424721,-0.308775112667343,1,2.0,1.0745782320023591,0.2422924530913692,-0.191298406321342,0.2336286624682574,-0.4386417519090147,4.0,0,0,0
70038,1.6481950175465603,1.369091939724005,0.9670709198797813,1,2.0,3.5156902896999993,1.0199765006351804,0.7004274594082358,1.0036810302090269,1.9663871696386335,4.0,0,0,1
70038,3.2535562393292334,1.9589065422822427,1.9239554442901246,1,2.0,3.673083751572631,2.343908123163554,1.1462903922730248,2.543785765690566,-0.4386417519090147,4.0,0,0,1
70071,-0.42052266240768293,0.032178840591999415,0.010186395469438104,2,2.0,-0.44127971269162647,-0.3731345022777512,0.2545645265434469,-0.536423705272512,-0.4386417519090147,4.0,0,0,1
70071,0.6075337230241235,0.6219934431502372,0.3291479036062192,1,2.0,1.3000746341083407,-0.17709631007112042,0.7004274594082358,-0.536423705272512,1.9663871696386335,4.0,0,0,1
70071,-0.63984808058465,-0.4789938149584733,-0.308775112667343,1,1.0,-0.5466500952193377,-0.6026730340439821,-0.191298406321342,-0.536423705272512,-0.4386417519090147,4.0,0,0,1
70071,-0.47346328058833015,-0.16442602692741318,-0.6277366208041241,1,1.0,-0.49708628871617727,-0.5997306642938597,-0.6371613391861309,-0.536423705272512,1.9663871696386335,4.0,1,0,0
70071,1.0754279484683198,0.9758822046851798,0.9670709198797813,2,2.0,0.5539690888851935,0.8352585706732955,1.1462903922730248,0.2336286624682574,-0.4386417519090147,4.0,0,0,1
70071,1.5614732430030238,1.0545241516929449,0.6481094117430003,1,2.0,1.3318560062172375,0.8906020749809419,1.1462903922730248,-0.536423705272512,-0.4386417519090147,4.0,0,0,1
70071,-0.029770480598143977,0.3860676021269421,0.3291479036062192,2,2.0,-0.18721791065443408,-0.06101870038690094,0.7004274594082358,-0.536423705272512,-0.4386417519090147,4.0,0,0,1
70089,-0.14573564423194263,0.2681046816152945,0.010186395469438104,2,1.0,-0.3048846573909446,-0.6070922038786125,0.2493395702989377,0.2336286624682574,-0.4386417519090147,4.0,0,0,1
70089,-0.22892804423010255,0.15014176110364696,0.010186395469438104,2,1.0,-0.2984527130355727,-0.6085633887536738,0.21276487658737298,-0.536423705272512,-0.4386417519090147,4.0,0,0,1
70089,0.48955177393582394,0.7006353901580022,0.6481094117430003,2,2.0,-0.1592200352251679,0.11723050829227204,0.2545645265434469,1.0036810302090269,-0.4386417519090147,4.0,0,0,1
70089,-0.4961521169514647,-0.28238894743906073,-0.9466981289409051,2,1.0,-0.3790411923117037,-0.6100373812334584,-1.0830242720509198,-0.536423705272512,1.9663871696386335,4.0,0,0,1
70089,-0.8894252805791297,-1.1081293910205936,-1.2656596370776863,1,1.0,-0.6768023809986291,-0.6100373812334584,-1.5288872049157087,-0.536423705272512,-0.4386417519090147,4.0,0,0,1
70089,0.23745359212321818,0.5433514961424721,0.9670709198797813,1,2.0,0.23161517178066937,0.06116825717543538,1.5921533251378137,-0.536423705272512,2.567644400025545,4.0,0,0,1
70089,-0.687746735129045,-0.5183147884623558,-0.6277366208041241,1,1.0,-0.5776747679923083,-0.595317109668676,-0.6371613391861309,-0.536423705272512,-0.4386417519090147,4.0,0,0,1
70089,-0.7911069896722135,-0.754240629485651,-0.6277366208041241,2,1.0,-0.6365081413605636,-0.6115085661085196,-0.6371613391861309,-0.536423705272512,-0.4386417519090147,4.0,0,0,1
70093,-0.32472535331889274,0.07149981409588194,-0.308775112667343,1,1.0,-0.22732297545851807,-0.5820652153742314,-0.191298406321342,-0.536423705272512,-0.4386417519090147,4.0,0,0,1
70093,-0.5037150624058429,-0.20374700043129568,0.010186395469438104,2,1.0,-0.4040122703972654,-0.6115085661085196,-0.191298406321342,0.2336286624682574,-0.4386417519090147,4.0,0,0,1
70093,-0.21027277877596973,0.228783708111412,-0.308775112667343,2,4.0,-0.4690884132869111,-0.5997306642938597,-0.6371613391861309,0.2336286624682574,1.9663871696386335,4.0,0,0,1
70093,-1.0535411969391362,-2.1697956756254215,-1.9035826533512483,0,,-0.6300728254810508,-0.3362987283067527,0.21450652866887604,-0.536423705272512,-0.4386417519090147,4.0,0,0,1
70093,-0.7999304260356547,-0.7149196559817684,-0.6277366208041241,1,1.0,-0.7201707116888945,-0.5997306642938597,-0.6371613391861309,-0.536423705272512,-0.4386417519090147,4.0,0,0,1
70093,-0.4321191787710628,-0.08578407991964813,-0.308775112667343,2,1.0,-0.5341645561765568,-0.6115085661085196,-0.191298406321342,-0.536423705272512,-0.4386417519090147,4.0,0,0,1
70093,-0.9663152260319745,-1.3440552320438888,-1.2656596370776863,1,1.0,-0.7303365959375536,-0.3362987283067527,-1.5288872049157087,-0.536423705272512,-0.4386417519090147,4.0,0,0,1
70097,-0.8604339896706801,-0.990166470508946,-0.9466981289409051,1,1.0,-0.6705596114772386,-0.6115085661085196,-1.0830242720509198,-0.536423705272512,-0.4386417519090147,4.0,0,0,1
70097,-0.68144428058373,-0.4396728414545908,-0.6277366208041241,1,1.0,-0.6147530354526878,-0.5997306642938597,-0.6371613391861309,-0.536423705272512,-0.4386417519090147,4.0,0,0,1
70097,-0.9978274987585503,-1.5406600995633013,-1.2656596370776863,2,1.0,-0.7181007575148707,-0.3362987283067527,-1.5288872049157087,-0.536423705272512,-0.4386417519090147,4.0,0,0,1
70097,-1.0507681169391974,-2.0714932418657153,-1.9035826533512483,0,,-0.6502520440573143,-0.3362987283067527,0.21450652866887604,-0.536423705272512,-0.4386417519090147,4.0,0,0,1
70097,-1.055557982393637,-2.2484376226331864,-1.9035826533512483,0,,-0.6137110266595056,-0.3362987283067527,0.21450652866887604,-0.536423705272512,-0.4386417519090147,4.0,0,0,1
70097,-0.5299332733143539,-0.2430679739351782,-0.308775112667343,1,1.0,-0.3109382520783535,-0.595317109668676,-0.191298406321342,-0.536423705272512,-0.4386417519090147,4.0,0,0,1
70097,0.2878732284857393,0.5826724696463547,0.010186395469438104,1,5.0,0.7961128763815496,-0.5644109968734968,0.2545645265434469,0.2336286624682574,1.9663871696386335,4.0,0,0,1
70097,-1.036398520575879,-1.8748883743463027,-1.5846211452144674,2,1.0,-0.681054253968571,-0.3362987283067527,-1.9747501377804977,-0.536423705272512,-0.4386417519090147,4.0,0,0,1
70097,-0.12052582605068206,0.1894627346075295,0.010186395469438104,1,1.0,-0.6333867565998683,-0.5820652153742314,0.2545645265434469,0.2336286624682574,-0.4386417519090147,4.0,0,0,1
70097,-0.9297609896691467,-1.2064318247802999,-1.2656596370776863,2,1.0,-0.7232021737440814,-0.3362987283067527,-1.5288872049157087,-0.536423705272512,-0.4386417519090147,4.0,0,0,1
70097,-0.987743571486046,-1.599641559819125,-1.2656596370776863,2,1.0,-0.6932697939685158,-0.3362987283067527,-1.5288872049157087,-0.536423705272512,-0.4386417519090147,4.0,0,0,1
70097,0.07106879212689834,0.34674662862305955,0.3291479036062192,2,2.0,0.2868542233032756,-0.06964366209718349,0.2545645265434469,0.2336286624682574,1.9663871696386335,4.0,0,0,1
70097,-0.770939135127205,-0.8132220897414747,-0.6277366208041241,2,1.0,-0.5434341230416517,-0.6129811547859425,-0.6371613391861309,-0.536423705272512,-0.4386417519090147,4.0,0,0,1
70100,-0.7406873533096923,-0.6362777089740034,-0.6277366208041241,2,1.0,-0.5992406990662025,-0.6115085661085196,-0.6371613391861309,-0.536423705272512,-0.4386417519090147,4.0,0,0,1
70100,-0.8213587714897261,-0.8132220897414747,-0.6277366208041241,2,1.0,-0.6333867565998683,-0.6129811547859425,-0.6371613391861309,-0.536423705272512,-0.4386417519090147,4.0,0,0,1
70100,-0.5541346987683641,-0.40035186795070826,-0.308775112667343,1,1.0,-0.3760143949679992,-0.5864900004183087,-0.191298406321342,-0.536423705272512,-0.4386417519090147,4.0,0,0,1
70100,0.10737093030791357,0.34674662862305955,0.3291479036062192,2,5.0,-0.39152673135448457,-0.6056210190035514,0.36254695559663797,0.2336286624682574,2.567644400025545,4.0,0,0,1
70100,-0.4290940005893116,-0.12510505342353065,-0.308775112667343,2,1.0,-0.4225514041274552,-0.6115085661085196,-0.191298406321342,-0.536423705272512,-0.4386417519090147,4.0,0,0,1
70100,-1.0232894151216234,-1.7176044803307726,-1.5846211452144674,2,1.0,-0.7039486001928807,-0.3362987283067527,-1.9747501377804977,-0.536423705272512,1.9663871696386335,4.0,0,0,1
70100,-0.9915250442132351,-1.5013391260594187,-1.2656596370776863,2,1.0,-0.7205479298179335,-0.3362987283067527,-1.5288872049157087,-0.536423705272512,-0.4386417519090147,4.0,0,0,1
70100,-0.9247190260328946,-1.1277898777725348,-0.9466981289409051,2,1.0,-0.6891933326244192,-0.6115085661085196,-1.0830242720509198,-0.536423705272512,-0.4386417519090147,4.0,0,0,1
70100,-0.9272400078510206,-1.2064318247802999,-0.9466981289409051,1,1.0,-0.7204718395984548,-0.3362987283067527,-1.0830242720509198,-0.536423705272512,-0.4386417519090147,4.0,0,0,1
70100,-1.0537932951209488,-2.189456162377363,-1.9035826533512483,0,,-0.625709334278681,-0.3362987283067527,0.21450652866887604,-0.536423705272512,-0.4386417519090147,4.0,0,0,1
70100,-1.048499233302884,-2.032172268361833,-1.9035826533512483,0,,-0.6570677648489581,-0.3362987283067527,0.21450652866887604,-0.536423705272512,-0.4386417519090147,4.0,0,0,1
70100,-1.0391716005758176,-1.8748883743463027,-1.5846211452144674,2,1.0,-0.6840576353843387,-0.3362987283067527,-1.9747501377804977,-0.536423705272512,-0.4386417519090147,4.0,0,0,1
70109,-0.6146382624033894,-0.32170992094294326,-0.308775112667343,2,1.0,-0.6705596114772386,-0.6100373812334584,-0.191298406321342,-0.536423705272512,1.9663871696386335,4.0,0,0,1
70109,-0.44573248058894355,-0.08578407991964813,0.010186395469438104,2,1.0,-0.39152673135448457,-0.6115085661085196,0.11697401210470347,-0.536423705272512,-0.4386417519090147,4.0,0,0,1
70109,-0.6196802260396416,-0.40035186795070826,0.010186395469438104,2,5.0,-0.43503694317023606,-0.6129811547859425,0.038599668437064784,-0.536423705272512,-0.4386417519090147,4.0,0,0,1
70109,-0.680183789674667,-0.6362777089740034,-0.308775112667343,2,2.0,-0.5404073256979472,-0.6115085661085196,-0.191298406321342,-0.536423705272512,-0.4386417519090147,4.0,0,0,1
70109,-0.24657491695698497,0.032178840591999415,-0.308775112667343,2,1.0,0.06362791920507233,-0.6100373812334584,-0.191298406321342,-0.536423705272512,-0.4386417519090147,4.0,0,0,1
70109,-0.8037118987628438,-0.7739011162375922,-0.6277366208041241,1,1.0,-0.5869443348574032,-0.6070922038786125,-0.6371613391861309,-0.536423705272512,-0.4386417519090147,4.0,0,0,1
70109,-0.90203018966976,-1.1081293910205936,-1.2656596370776863,2,1.0,-0.7387571391275796,-0.6115085661085196,-1.5288872049157087,-0.536423705272512,-0.4386417519090147,4.0,0,0,1
70109,-0.9743823678499779,-1.36371571879583,-1.2656596370776863,1,1.0,-0.7344372006274668,-0.3362987283067527,-1.5288872049157087,-0.536423705272512,-0.4386417519090147,4.0,0,0,1
70109,-0.15077760786819475,0.228783708111412,0.010186395469438104,1,1.0,0.11962367006360468,-0.5761804758739866,0.2475979182174346,0.2336286624682574,-0.4386417519090147,4.0,0,0,1
70109,-1.0371548151213168,-1.83556740084242,-1.5846211452144674,1,1.0,-0.6911463918998083,-0.3362987283067527,-1.9747501377804977,-0.536423705272512,-0.4386417519090147,4.0,0,0,1
70109,-0.9398449169416508,-1.226092311532241,-1.2656596370776863,2,1.0,-0.7294870642246004,-0.3362987283067527,-1.5288872049157087,-0.536423705272512,-0.4386417519090147,4.0,0,0,1
70109,-1.0200121387580596,-1.6389625333230076,-1.2656596370776863,2,1.0,-0.7189452319416128,-0.3362987283067527,-1.5288872049157087,-0.536423705272512,-0.4386417519090147,4.0,0,0,1
70123,-0.2188441169575983,0.15014176110364696,0.010186395469438104,1,1.0,-0.12516856510849284,-0.5850075851243539,0.2545645265434469,-0.536423705272512,2.567644400025545,4.0,0,0,1
70123,-0.4089261460443031,-0.12510505342353065,0.010186395469438104,2,1.0,-0.558946459428137,-0.6115085661085196,0.1326488808382312,-0.536423705272512,-0.4386417519090147,4.0,0,0,1
70123,-0.9486683533050921,-1.3440552320438888,-1.5846211452144674,1,1.0,-0.711224164547644,-0.3362987283067527,-1.9747501377804977,-0.536423705272512,-0.4386417519090147,4.0,1,0,0
70123,-0.550353226041175,-0.32170992094294326,-0.308775112667343,1,1.0,-0.47533118280830156,-0.6012018491689208,-0.191298406321342,-0.536423705272512,-0.4386417519090147,4.0,0,0,1
70123,-0.596991389676507,-0.40035186795070826,-0.308775112667343,1,1.0,-0.3669340029368859,-0.6012018491689208,-0.191298406321342,-0.536423705272512,-0.4386417519090147,4.0,0,0,1
70123,0.22837805757796437,0.5826724696463547,0.6481094117430003,2,4.0,0.31787889607624625,-0.5908923246245987,-0.191298406321342,1.7737333979497962,-0.4386417519090147,4.0,0,0,1
70123,-0.7079145896740535,-0.6755986824778859,-0.6277366208041241,2,1.0,-0.6302653718391732,-0.6115085661085196,-0.6371613391861309,-0.536423705272512,-0.4386417519090147,4.0,0,0,1
70123,0.09930378848991019,0.3860676021269421,0.3291479036062192,1,2.0,-0.19327150534184298,-0.2759239963347748,0.7004274594082358,-0.536423705272512,2.567644400025545,4.0,0,0,1
70123,-0.8616944805797431,-1.0884689042686524,-0.9466981289409051,2,1.0,-0.7077797600631043,-0.6129811547859425,-1.0830242720509198,-0.536423705272512,-0.4386417519090147,4.0,0,0,1
70130,1.164166508466357,1.0545241516929449,0.6481094117430003,1,2.0,1.154788361610527,1.3506000328626786,1.1462903922730248,-0.536423705272512,-0.4386417519090147,4.0,0,0,1
70131,-0.4885891714970865,-0.16442602692741318,-0.308775112667343,2,1.0,-0.5714319984709179,-0.6056210190035514,-0.191298406321342,-0.536423705272512,-0.4386417519090147,4.0,0,0,1
70141,-0.5289248805871034,-0.2430679739351782,0.010186395469438104,1,1.0,-0.2954259156918682,-0.5982594794187984,0.07865766631163566,-0.536423705272512,-0.4386417519090147,4.0,0,0,1
70141,-0.7306034260371881,-0.6362777089740034,-0.308775112667343,2,1.0,-0.6768023809986291,-0.6129811547859425,-0.191298406321342,-0.536423705272512,-0.4386417519090147,4.0,0,0,1
70141,-0.6247221896758937,-0.4789938149584733,-0.6277366208041241,2,1.0,-0.44733330737903537,-0.6115085661085196,-0.6371613391861309,-0.536423705272512,-0.4386417519090147,4.0,0,0,1
70141,-0.9121141169422643,-1.147450364524476,-0.9466981289409051,1,1.0,-0.7449526149404746,-0.6115085661085196,-1.0830242720509198,-0.536423705272512,-0.4386417519090147,4.0,0,0,1
70141,-0.3524561533182794,-0.16442602692741318,-0.308775112667343,2,1.0,0.008388867682466092,-0.6115085661085196,-0.191298406321342,-0.536423705272512,-0.4386417519090147,4.0,0,0,1
70141,-0.813795826035348,-0.8132220897414747,-0.6277366208041241,2,1.0,-0.7077797600631043,-0.6129811547859425,-0.6371613391861309,-0.536423705272512,-0.4386417519090147,4.0,0,0,1
70141,0.09627861030815892,0.34674662862305955,0.6481094117430003,1,5.0,0.705308956070416,-0.567330905785832,-0.6371613391861309,2.543785765690566,-0.4386417519090147,4.0,0,0,1
70141,1.5150871775495043,1.526375833739535,1.2860324280165625,1,4.0,0.8294076471622985,-0.4760949826942493,0.7004274594082358,1.7737333979497962,-0.4386417519090147,4.0,0,0,1
70141,-0.9272400078510206,-1.1867713380283587,-1.2656596370776863,1,1.0,-0.7251083549783349,-0.3362987283067527,-1.5288872049157087,-0.536423705272512,-0.4386417519090147,4.0,0,0,1
70141,-0.17094546241320321,0.15014176110364696,0.010186395469438104,2,5.0,0.16956582623472813,-0.5908923246245987,0.2388896578099192,-0.536423705272512,-0.4386417519090147,4.0,0,0,1
70141,-0.9849704914861073,-1.3833762055477712,-1.2656596370776863,2,1.0,-0.7412681394630063,-0.3362987283067527,-1.5288872049157087,-0.536423705272512,-0.4386417519090147,4.0,0,0,1
70180,-0.6738813351293518,-0.40035186795070826,-0.308775112667343,2,1.0,-0.5929979295448121,-0.6129811547859425,-0.191298406321342,-0.536423705272512,-0.4386417519090147,4.0,0,0,1
70180,-0.25161688059323706,0.15014176110364696,0.3291479036062192,2,2.0,-0.4287941736488456,-0.23459605480633752,0.7004274594082358,-0.536423705272512,-0.4386417519090147,4.0,0,0,1
70315,-0.6050585314945104,-0.5183147884623558,-0.308775112667343,1,1.0,-0.4380637405139405,-0.4790598132821589,-0.191298406321342,-0.536423705272512,-0.4386417519090147,4.0,0,0,1
70315,0.9362697521077614,0.8972402576774148,1.2860324280165625,1,4.0,0.5781834676348291,-0.5114034196957186,1.5921533251378137,0.2336286624682574,-0.4386417519090147,4.0,0,0,1
70315,-0.5773277314951237,-0.20374700043129568,-0.308775112667343,2,1.0,-0.6426563234649633,-0.6129811547859425,-0.191298406321342,-0.536423705272512,-0.4386417519090147,4.0,0,0,1
70315,-0.32371696059164234,0.11082078759976445,0.3291479036062192,2,2.0,-0.48762754701710087,-0.5761804758739866,0.7004274594082358,-0.536423705272512,-0.4386417519090147,4.0,0,0,1
70315,-0.8954756369426322,-1.0294874440128285,-0.9466981289409051,2,1.0,-0.7666367802856073,-0.6129811547859425,-1.0830242720509198,-0.536423705272512,-0.4386417519090147,4.0,0,0,1
70315,-0.9937939278495486,-1.442357665803595,-1.2656596370776863,1,1.0,-0.736914809018321,-0.3362987283067527,-1.5288872049157087,-0.536423705272512,-0.4386417519090147,4.0,0,0,1
70315,-1.0311044587578142,-1.7176044803307726,-1.2656596370776863,1,1.0,-0.7124126960851637,-0.3362987283067527,-1.5288872049157087,-0.536423705272512,-0.4386417519090147,4.0,0,0,1
70315,-1.0391716005758176,-1.83556740084242,-1.5846211452144674,1,1.0,-0.6933306661440988,-0.3362987283067527,-1.9747501377804977,-0.536423705272512,-0.4386417519090147,4.0,0,0,1
70315,-1.0535411969391362,-2.1697956756254215,-1.9035826533512483,0,,-0.6300728254810508,-0.3362987283067527,-2.420613070645287,-0.536423705272512,-0.4386417519090147,4.0,0,0,1
70315,-1.0517765096664478,-2.1108142153695977,-1.9035826533512483,0,,-0.6420711446465417,-0.3362987283067527,-2.420613070645287,-0.536423705272512,-0.4386417519090147,4.0,0,0,1
70315,3.1002805447871693,1.8409436217705952,1.2860324280165625,1,2.0,1.234998491218695,0.389635548975363,1.5921533251378137,0.2336286624682574,1.9663871696386335,4.0,0,0,1
70315,-0.047921549688651595,0.5040305226385896,0.6481094117430003,1,2.0,-0.4380637405139405,-0.39954844751549157,0.7004274594082358,0.2336286624682574,-0.4386417519090147,4.0,0,0,1
70315,-0.9620295569411602,-1.3243947452919473,-1.2656596370776863,2,1.0,-0.7303315155587113,-0.3362987283067527,-1.5288872049157087,-0.536423705272512,-0.4386417519090147,4.0,0,0,1
70315,-0.6630411133114097,-0.4396728414545908,-0.308775112667343,2,,-0.6151555515590984,-0.3362987283067527,-0.191298406321342,-0.536423705272512,-0.4386417519090147,4.0,0,0,1
70315,-0.5158157751328479,-0.28238894743906073,-0.308775112667343,2,,-0.4927953545607276,-0.3362987283067527,-0.191298406321342,-0.536423705272512,-0.4386417519090147,4.0,0,0,1
70315,-0.8722826042158726,-0.9508454970050635,-0.6277366208041241,2,,-0.7212249826691914,-0.3362987283067527,-0.6371613391861309,-0.536423705272512,-0.4386417519090147,4.0,0,0,1
70315,-0.5097654187693454,-0.20374700043129568,-0.308775112667343,1,,-0.5047885818010607,-0.3362987283067527,-0.191298406321342,-0.536423705272512,-0.4386417519090147,4.0,0,0,1
70315,-0.9292567933055215,-1.1867713380283587,-0.9466981289409051,1,,-0.727292640768941,-0.3362987283067527,-1.0830242720509198,-0.536423705272512,-0.4386417519090147,4.0,0,0,1
70315,-0.558672466040991,-0.20374700043129568,-0.308775112667343,1,,-0.5577573505748398,-0.3362987283067527,-0.191298406321342,-0.536423705272512,1.9663871696386335,1.0,0,0,1
70315,-0.5304374696779791,-0.2430679739351782,-0.308775112667343,1,,-0.5179043880244882,-0.3362987283067527,-0.191298406321342,-0.536423705272512,-0.4386417519090147,4.0,0,0,1
70315,-0.4906059569515874,-0.16442602692741318,-0.308775112667343,2,,-0.4933109899205877,-0.3362987283067527,-0.191298406321342,-0.536423705272512,-0.4386417519090147,4.0,0,0,1
70315,-0.6438816514936517,-0.2430679739351782,-0.308775112667343,2,,-0.6407701173566123,-0.3362987283067527,-0.191298406321342,-0.536423705272512,-0.4386417519090147,4.0,0,0,1
70315,-0.544554967859485,-0.40035186795070826,0.010186395469438104,1,,-0.4961021962417971,-0.3362987283067527,0.2545645265434469,-0.536423705272512,-0.4386417519090147,4.0,0,0,1
70315,-0.46085837149769987,-0.08578407991964813,-0.308775112667343,1,,-0.4796389283991929,-0.3362987283067527,-0.191298406321342,-0.536423705272512,-0.4386417519090147,4.0,0,0,1
70319,-0.5869074624040028,-0.28238894743906073,-0.308775112667343,2,1.0,-0.48762754701710087,-0.6129811547859425,-0.191298406321342,-0.536423705272512,-0.4386417519090147,4.0,0,0,1
70319,-0.6615285242205341,-0.40035186795070826,-0.308775112667343,1,1.0,-0.6550472750907533,-0.6012018491689208,-0.191298406321342,-0.536423705272512,2.567644400025545,4.0,0,0,1
70319,-0.7976615423993412,-0.754240629485651,-0.6277366208041241,2,1.0,-0.7170493269281992,-0.6129811547859425,-0.6371613391861309,-0.536423705272512,-0.4386417519090147,4.0,0,0,1
70319,-0.4280856078620611,-0.007142132911883102,0.010186395469438104,2,1.0,-0.2954259156918682,-0.5300009933835154,0.1239406204307158,-0.536423705272512,-0.4386417519090147,4.0,0,0,1
70319,-0.9176602769421416,-1.0491479307647698,-0.9466981289409051,1,1.0,-0.7604413044727122,-0.6115085661085196,-1.0830242720509198,-0.536423705272512,-0.4386417519090147,4.0,0,0,1
70319,-0.9842141969406695,-1.4030366922997124,-1.2656596370776863,1,1.0,-0.7358125284579645,-0.3362987283067527,-1.5288872049157087,-0.536423705272512,-0.4386417519090147,4.0,0,0,1
70343,-0.18707974604921,-0.007142132911883102,0.010186395469438104,2,5.0,-0.20273024704091938,-0.6070922038786125,0.23192304948390685,-0.536423705272512,-0.4386417519090147,4.0,0,0,1
70343,-0.5904368369493792,-0.4396728414545908,-0.308775112667343,1,1.0,-0.27688678196167843,-0.6012018491689208,-0.191298406321342,-0.536423705272512,-0.4386417519090147,4.0,0,0,1
70343,-0.7855608296723361,-0.8132220897414747,-0.6277366208041241,2,1.0,-0.48157395232969197,-0.6115085661085196,-0.6371613391861309,-0.536423705272512,-0.4386417519090147,4.0,0,0,1
70343,-0.4437156951344427,-0.20374700043129568,-0.308775112667343,2,1.0,-0.43182097099255007,-0.6115085661085196,-0.191298406321342,-0.536423705272512,-0.4386417519090147,4.0,0,0,1
70343,-0.7013600369469258,-0.6362777089740034,-0.6277366208041241,2,1.0,-0.5807015653360128,-0.6115085661085196,-0.6371613391861309,-0.536423705272512,-0.4386417519090147,4.0,0,0,1
70343,-0.9348029533053988,-1.3440552320438888,-1.2656596370776863,2,1.0,-0.6962072228298585,-0.3362987283067527,-1.5288872049157087,-0.536423705272512,-0.4386417519090147,4.0,0,0,1
70343,-0.9675757169410375,-1.36371571879583,-1.2656596370776863,2,1.0,-0.7270652476304869,-0.3362987283067527,-1.5288872049157087,-0.536423705272512,-0.4386417519090147,4.0,0,0,1
70343,-0.8460643933073615,-0.9705059837570048,-0.9466981289409051,2,1.0,-0.617874420213383,-0.6115085661085196,-1.0830242720509198,-0.536423705272512,-0.4386417519090147,4.0,0,0,1
70343,-1.0169869605763082,-1.6586230200749488,-1.5846211452144674,2,1.0,-0.7110322878758236,-0.3362987283067527,-1.9747501377804977,-0.536423705272512,-0.4386417519090147,4.0,0,0,1
70343,-1.0553058842118244,-2.268098109385128,-1.9035826533512483,0,,-0.6088014755557999,-0.3362987283067527,-2.420613070645287,-0.536423705272512,-0.4386417519090147,4.0,0,0,1
70343,-1.0371548151213168,-1.8748883743463027,-1.5846211452144674,1,1.0,-0.6818733495937327,-0.3362987283067527,-1.9747501377804977,-0.536423705272512,-0.4386417519090147,4.0,0,0,1
70351,-0.7250572660373108,-0.6755986824778859,-0.6277366208041241,2,1.0,-0.5186522197900715,-0.6129811547859425,-0.6371613391861309,-0.536423705272512,-0.4386417519090147,4.0,0,0,1
70351,-0.880349746033876,-0.9311850102531223,-0.6277366208041241,2,1.0,-0.6860719478637239,-0.6129811547859425,-0.6371613391861309,-0.536423705272512,-0.4386417519090147,4.0,0,0,1
70351,-0.8647196587614944,-0.9705059837570048,-0.9466981289409051,2,1.0,-0.5807015653360128,-0.6129811547859425,-1.0830242720509198,-0.536423705272512,-0.4386417519090147,4.0,0,0,1
70351,-0.9927855351222981,-1.5013391260594187,-1.2656596370776863,1,1.0,-0.7219130968907468,-0.3362987283067527,-1.5288872049157087,-0.536423705272512,-0.4386417519090147,4.0,0,0,1
70351,-1.0074072296674292,-1.599641559819125,-1.2656596370776863,2,1.0,-0.7145665226953472,-0.3362987283067527,-1.5288872049157087,-0.536423705272512,-0.4386417519090147,4.0,0,0,1
70351,-1.0316086551214394,-1.83556740084242,-1.5846211452144674,1,1.0,-0.6851396290682727,-0.3362987283067527,-1.9747501377804977,-0.536423705272512,-0.4386417519090147,4.0,0,0,1
70351,-0.7396789605824419,-0.5183147884623558,-0.6277366208041241,2,1.0,-0.7294402785539893,-0.6129811547859425,-0.6371613391861309,-0.536423705272512,-0.4386417519090147,4.0,0,0,1
70351,-0.971105091486414,-1.3243947452919473,-0.9466981289409051,1,1.0,-0.7401607785238075,-0.3362987283067527,-1.0830242720509198,-0.536423705272512,-0.4386417519090147,4.0,0,0,1
70351,-1.0482471351210714,-1.9928512948579502,-1.5846211452144674,0,,-0.666067771431208,-0.3362987283067527,-1.9747501377804977,-0.536423705272512,-0.4386417519090147,4.0,0,0,1
70351,-1.0520286078482604,-2.130474702121539,-1.9035826533512483,0,,-0.6377076534441719,-0.3362987283067527,-2.420613070645287,-0.536423705272512,-0.4386417519090147,4.0,0,0,1
70351,-1.0537932951209488,-2.209116649129304,-1.9035826533512483,0,,-0.621072818898801,-0.3362987283067527,-2.420613070645287,-0.536423705272512,-0.4386417519090147,4.0,0,0,1
70401,-0.7815272587633344,-0.754240629485651,-0.6277366208041241,1,1.0,-0.6612900446121438,-0.6085633887536738,-0.6371613391861309,-0.536423705272512,-0.4386417519090147,4.0,0,0,1
70401,-0.6932928951289224,-0.4789938149584733,-0.308775112667343,1,1.0,-0.6488990929863536,-0.5997306642938597,-0.191298406321342,-0.536423705272512,-0.4386417519090147,4.0,0,0,1
70401,-0.4835472078608344,-0.12510505342353065,-0.308775112667343,1,1.0,-0.4070390677409699,-0.5982594794187984,-0.191298406321342,-0.536423705272512,-0.4386417519090147,4.0,0,0,1
70401,-0.7991741314902169,-0.7935616029895335,-0.6277366208041241,1,1.0,-0.6922201299681237,-0.6070922038786125,-0.6371613391861309,-0.536423705272512,-0.4386417519090147,4.0,0,0,1
70401,-0.8763161751248743,-1.0491479307647698,-0.9466981289409051,1,1.0,-0.6922201299681237,-0.6085633887536738,-1.0830242720509198,-0.536423705272512,-0.4386417519090147,4.0,0,0,1
70401,-0.9605169678502845,-1.3047342585400061,-1.2656596370776863,2,1.0,-0.7333298396882679,-0.3362987283067527,-1.5288872049157087,-0.536423705272512,-0.4386417519090147,4.0,0,0,1
70401,-0.9917771423950477,-1.4816786393074775,-1.2656596370776863,1,1.0,-0.7254574924679549,-0.3362987283067527,-1.5288872049157087,-0.536423705272512,-0.4386417519090147,4.0,0,0,1
70401,-1.0361464223940664,-1.8159069140904789,-1.5846211452144674,1,1.0,-0.6946907759307008,-0.3362987283067527,-1.9747501377804977,-0.536423705272512,-0.4386417519090147,4.0,0,0,1
70401,-1.0550537860300118,-2.209116649129304,-1.9035826533512483,0,,-0.6224379975179297,-0.3362987283067527,0.21450652866887604,-0.536423705272512,-0.4386417519090147,4.0,0,0,1
70401,-1.0290876733033134,-1.7372649670827138,-1.2656596370776863,2,1.0,-0.7055918949146776,-0.3362987283067527,-1.5288872049157087,-0.536423705272512,-0.4386417519090147,4.0,0,0,1
70401,-1.0492555278483218,-2.032172268361833,-1.5846211452144674,0,,-0.6578868720204354,-0.3362987283067527,-1.9747501377804977,-0.536423705272512,-0.4386417519090147,4.0,0,0,1
70412,-0.3343050842277718,0.11082078759976445,0.010186395469438104,2,1.0,-0.4628456437655207,-0.6115085661085196,0.16574027038678976,-0.536423705272512,-0.4386417519090147,4.0,0,0,1
70412,-0.11497966605080473,0.307425655119177,0.010186395469438104,1,1.0,0.07043821322840735,-0.579122845624109,0.2545645265434469,0.2336286624682574,-0.4386417519090147,4.0,0,0,1
70412,-0.41346391331693,-0.12510505342353065,-0.308775112667343,1,1.0,-0.45054927955672136,-0.5967882945437372,-0.191298406321342,-0.536423705272512,-0.4386417519090147,4.0,0,0,1
70412,-0.6509404005844046,-0.40035186795070826,-0.308775112667343,1,1.0,-0.7108538511153042,-0.5997306642938597,-0.191298406321342,-0.536423705272512,-0.4386417519090147,4.0,0,0,1
70412,-0.8763161751248743,-0.9508454970050635,-0.9466981289409051,2,1.0,-0.6798291783423336,-0.6115085661085196,-1.0830242720509198,-0.536423705272512,-0.4386417519090147,4.0,0,0,1
70412,-0.9670715205774123,-1.3440552320438888,-1.2656596370776863,2,1.0,-0.7311557146553465,-0.3362987283067527,-1.5288872049157087,-0.536423705272512,-0.4386417519090147,4.0,0,0,1
70412,-0.8647196587614944,-0.9705059837570048,-0.9466981289409051,2,1.0,-0.6302653718391732,-0.6129811547859425,-1.0830242720509198,-0.536423705272512,-0.4386417519090147,4.0,0,1,0
70412,-0.9872393751224208,-1.4030366922997124,-1.2656596370776863,2,1.0,-0.7390889340512425,-0.3362987283067527,-1.5288872049157087,-0.536423705272512,-0.4386417519090147,4.0,1,0,0
70412,-1.0124491933036814,-1.6193020465710664,-1.2656596370776863,2,1.0,-0.7153906986993511,-0.3362987283067527,-1.5288872049157087,-0.536423705272512,-0.4386417519090147,4.0,0,1,0
70412,-1.042700975121194,-1.894548861098244,-1.5846211452144674,2,1.0,-0.6832435970453882,-0.3362987283067527,-1.9747501377804977,-0.536423705272512,-0.4386417519090147,4.0,0,0,1
70412,-1.0522807060300732,-2.1108142153695977,-1.9035826533512483,0,,-0.6426172045478777,-0.3362987283067527,0.21450652866887604,-0.536423705272512,-0.4386417519090147,4.0,0,0,1
71003,-0.19060912059458648,-0.007142132911883102,-0.308775112667343,1,1.0,-0.49084351919478686,-0.5879499548744763,-0.191298406321342,-0.536423705272512,-0.4386417519090147,4.0,0,0,1
71004,-0.3907750769537955,-0.04646310641576562,0.3291479036062192,2,3.0,-0.639534938704268,-0.30090044795413473,0.7004274594082358,-0.536423705272512,-0.4386417519090147,4.0,0,0,1
71004,0.05695129394539242,0.4253885756308246,0.3291479036062192,1,5.0,0.5781834676348291,-0.5658934121674516,0.3399054785370979,0.2336286624682574,-0.4386417519090147,4.0,0,0,1
71004,-0.46085837149769987,-0.12510505342353065,-0.308775112667343,2,3.0,-0.5186522197900715,-0.3672048411019319,-0.191298406321342,-0.536423705272512,-0.4386417519090147,4.0,0,0,1
71004,-0.6549739714934063,-0.5969567354701208,-0.9466981289409051,1,1.0,-0.5837283626797172,-0.6041498341284901,-1.0830242720509198,-0.536423705272512,-0.4386417519090147,4.0,0,0,0
71004,-0.38018695331766605,0.032178840591999415,0.010186395469438104,2,3.0,-0.49708628871617727,-0.22129923883631858,0.2545645265434469,-0.536423705272512,-0.4386417519090147,4.0,0,0,1
71004,0.22333609394171225,0.6613144166541197,0.3291479036062192,1,4.0,-0.1592200352251679,-0.5084385891078089,0.7004274594082358,-0.536423705272512,-0.4386417519090147,4.0,0,0,1
71004,-0.08523208059691725,0.1894627346075295,-0.308775112667343,2,3.0,-0.2583476482314887,-0.12714340683240058,-0.191298406321342,-0.536423705272512,-0.4386417519090147,4.0,0,1,0
71004,-0.3867415060447938,-0.007142132911883102,0.3291479036062192,1,2.0,-0.06311921956255157,-0.41428275710389095,0.7004274594082358,-0.536423705272512,2.567644400025545,4.0,0,0,1
71004,1.2529050684643943,1.0545241516929449,0.3291479036062192,2,3.0,1.0654978399712458,0.9624767558999633,0.2545645265434469,0.2336286624682574,-0.4386417519090147,4.0,0,0,1
71004,1.545338959367017,1.211808045708475,1.2860324280165625,1,3.0,2.124876910267804,2.5854070510514653,1.1462903922730248,1.0036810302090269,2.567644400025545,4.0,0,0,1
71004,-0.26674277150199344,0.1894627346075295,0.3291479036062192,1,2.0,-0.07863155594903688,-0.22597109309605495,0.7004274594082358,-0.536423705272512,-0.4386417519090147,4.0,0,0,1
71004,-0.6738813351293518,-0.6362777089740034,-0.6277366208041241,1,1.0,-0.6705596114772386,-0.5997306642938597,-0.6371613391861309,-0.536423705272512,-0.4386417519090147,4.0,0,0,0
71004,0.6680372866591489,0.7399563636618847,0.010186395469438104,1,3.0,0.4760290572848038,0.756196421662372,0.2545645265434469,-0.536423705272512,-0.4386417519090147,4.0,0,0,1
71004,0.030733083036881416,0.307425655119177,0.3291479036062192,2,3.0,-0.03814814147698985,-0.23603354842471796,0.2545645265434469,0.2336286624682574,-0.4386417519090147,4.0,0,0,1
71004,-0.12808877150506023,0.15014176110364696,-0.6277366208041241,1,3.0,-0.21181063907203274,0.09063687635223414,-0.6371613391861309,-0.536423705272512,1.9663871696386335,4.0,0,0,0
71004,0.45526642120930955,0.6613144166541197,0.6481094117430003,1,5.0,1.0095020891127133,-0.5481942719911426,0.5175539908504123,0.2336286624682574,2.567644400025545,4.0,0,0,1
71004,0.8676990466547326,0.8579192841735322,0.6481094117430003,2,2.0,1.362123979654282,0.9035395175463657,1.1462903922730248,-0.536423705272512,-0.4386417519090147,4.0,0,0,1
71004,-0.49111015331521257,-0.20374700043129568,-0.6277366208041241,1,1.0,-0.4567920490781118,-0.5982594794187984,-0.6371613391861309,-0.536423705272512,-0.4386417519090147,4.0,0,0,0
71004,-0.5478322442230489,-0.36103089444682573,-0.308775112667343,2,3.0,-0.6488990929863536,-0.3921812927212919,-0.191298406321342,-0.536423705272512,-0.4386417519090147,4.0,0,0,1
71004,0.22031091575996098,0.5433514961424721,0.6481094117430003,1,3.0,0.23766876646807827,0.6261032491989433,0.2545645265434469,1.0036810302090269,-0.4386417519090147,4.0,0,0,1
71004,0.13157235576192372,0.4253885756308246,0.6481094117430003,1,3.0,0.4919197433392522,-0.025800106736580466,1.1462903922730248,-0.536423705272512,-0.4386417519090147,4.0,0,0,1
71004,-0.16691189150420152,0.15014176110364696,0.010186395469438104,2,3.0,-0.3359093301639153,-0.18320565794923724,0.2545645265434469,-0.536423705272512,-0.4386417519090147,4.0,0,0,1
71004,-0.059013869688406245,0.2681046816152945,0.010186395469438104,1,3.0,0.34890356884921686,0.33501079147690677,0.2545645265434469,-0.536423705272512,-0.4386417519090147,4.0,0,0,1
71004,-0.0701061896881609,0.307425655119177,0.3291479036062192,2,3.0,-0.4225514041274552,-0.11097160362562078,0.7004274594082358,-0.536423705272512,-0.4386417519090147,4.0,0,0,1
71004,-0.007585840598634666,0.4647095491347071,0.6481094117430003,2,4.0,0.11054327803249132,-0.5997306642938597,1.1462903922730248,-0.536423705272512,2.567644400025545,4.0,0,0,1
71004,-0.272793127865496,0.307425655119177,0.3291479036062192,1,4.0,0.05757432451766342,-0.5040362649015189,0.7004274594082358,-0.536423705272512,-0.4386417519090147,4.0,0,1,0
71004,0.7678681666569408,0.8579192841735322,0.6481094117430003,1,2.0,1.6451295312906482,0.6541343747573616,1.1462903922730248,-0.536423705272512,-0.4386417519090147,4.0,0,0,1
71004,-0.4961521169514647,-0.28238894743906073,-0.308775112667343,2,3.0,-0.5093826529249766,-0.3362987283067527,-0.191298406321342,-0.536423705272512,-0.4386417519090147,4.0,0,0,1
71004,-0.35850650968178194,-0.04646310641576562,-0.308775112667343,1,1.0,-0.5341645561765568,-0.5982594794187984,-0.191298406321342,-0.536423705272512,-0.4386417519090147,4.0,0,0,0
71004,-0.337330262409523,-0.16442602692741318,-0.308775112667343,2,1.0,-0.42576737630514117,-0.44375137628068967,-0.191298406321342,-0.536423705272512,-0.4386417519090147,4.0,0,0,1
71004,-0.2354825969572303,0.307425655119177,0.6481094117430003,2,3.0,-0.47533118280830156,-0.2566975191889366,1.1462903922730248,-0.536423705272512,-0.4386417519090147,4.0,0,0,1
71004,-0.4573289969523234,-0.28238894743906073,-0.6277366208041241,1,1.0,-0.6457777082256585,-0.595317109668676,-0.6371613391861309,-0.536423705272512,-0.4386417519090147,4.0,0,0,0
71004,-0.5894284442221288,-0.32170992094294326,0.010186395469438104,2,3.0,-0.562162431605823,-0.387689125163853,0.2545645265434469,-0.536423705272512,-0.4386417519090147,4.0,0,1,0
71005,-0.5364878260414816,-0.16442602692741318,-0.308775112667343,2,1.0,-0.639534938704268,-0.6085633887536738,-0.191298406321342,-0.536423705272512,-0.4386417519090147,4.0,0,0,1
71005,-0.29800294604675653,0.07149981409588194,-0.308775112667343,1,1.0,-0.04760688317606626,-0.5850075851243539,-0.191298406321342,-0.536423705272512,-0.4386417519090147,4.0,0,0,1
71005,-0.118004844232556,0.4253885756308246,0.3291479036062192,2,3.0,1.8433847573032898,-0.1803306707124764,0.2545645265434469,0.2336286624682574,1.9663871696386335,4.0,0,0,1
71006,-0.9902645533041721,-1.4816786393074775,-1.5846211452144674,1,1.0,-0.7238192781250004,-0.3362987283067527,-1.9747501377804977,-0.536423705272512,1.9663871696386335,1.0,0,0,0
71006,-0.5730420624043094,-0.28238894743906073,-0.308775112667343,1,1.0,-0.3669340029368859,-0.5938459247936148,-0.191298406321342,-0.536423705272512,-0.4386417519090147,4.0,0,0,1
71006,-0.5453112624049228,-0.2430679739351782,0.010186395469438104,1,4.0,-0.2863455236607549,-0.5600086726672068,0.2545645265434469,-0.536423705272512,-0.4386417519090147,4.0,0,0,1
71006,1.0108908139242927,1.29044999271624,1.6049939361533436,1,4.0,1.6814510994151015,-0.29658796709899343,1.1462903922730248,1.7737333979497962,-0.4386417519090147,4.0,0,0,1
71008,-0.4351443569528141,-0.28238894743906073,-0.6277366208041241,1,1.0,-0.47533118280830156,-0.6012018491689208,-0.6371613391861309,-0.536423705272512,-0.4386417519090147,1.0,0,0,0
71008,-0.08926565150591895,0.228783708111412,0.3291479036062192,1,1.0,0.22858837443696492,-0.5879499548744763,0.2545645265434469,0.2336286624682574,-0.4386417519090147,4.0,0,0,1
71008,-0.25917982604761525,0.032178840591999415,0.3291479036062192,1,1.0,-0.11873662075312087,-0.5894323701684311,0.2545645265434469,0.2336286624682574,-0.4386417519090147,4.0,0,0,1
71008,-0.10136636423292403,0.07149981409588194,-0.308775112667343,2,4.0,0.0795186052595207,-0.6070922038786125,-0.191298406321342,-0.536423705272512,-0.4386417519090147,4.0,0,0,1
71008,-0.06909779696091048,0.307425655119177,0.6481094117430003,1,3.0,-0.3419629248513242,0.3838855745018413,0.7004274594082358,0.2336286624682574,-0.4386417519090147,4.0,0,0,1
71008,-0.34993517150015335,-0.08578407991964813,-0.308775112667343,2,4.0,-0.6705596114772386,-0.5379072082846077,-1.0830242720509198,1.0036810302090269,-0.4386417519090147,4.0,0,0,0
71008,0.07611075576315046,0.4647095491347071,-0.308775112667343,1,1.0,0.11962367006360468,-0.5908923246245987,-0.191298406321342,0.2336286624682574,-0.4386417519090147,4.0,0,0,0
71008,0.4744258830270676,0.5433514961424721,-0.308775112667343,1,4.0,0.22480487775733438,-0.49523161648893876,-0.191298406321342,-0.536423705272512,1.9663871696386335,4.0,0,0,0
71008,0.19005913394244828,0.3860676021269421,0.3291479036062192,1,2.0,0.3927921303329314,0.14238664661392952,0.2545645265434469,0.2336286624682574,-0.4386417519090147,4.0,0,0,1
71008,-0.17195385514045364,0.11082078759976445,0.010186395469438104,2,2.0,0.20059049900769876,-0.12714340683240058,0.2545645265434469,-0.536423705272512,-0.4386417519090147,4.0,0,0,1
71008,-0.7583342260365747,-0.7935616029895335,-1.2656596370776863,2,1.0,-0.7263661875017895,-0.6129811547859425,-1.5288872049157087,-0.536423705272512,-0.4386417519090147,1.0,0,0,0
71008,0.21325216666920802,0.5433514961424721,0.3291479036062192,1,3.0,0.36782105224736966,0.44426030647381926,0.7004274594082358,-0.536423705272512,-0.4386417519090147,4.0,0,0,1
71008,-0.11447546968717952,0.34674662862305955,1.6049939361533436,1,4.0,-0.5373805283542428,-0.5070010954894285,0.7004274594082358,2.543785765690566,-0.4386417519090147,4.0,0,0,1
71008,-0.680183789674667,-0.4789938149584733,-0.308775112667343,2,3.0,-0.4070390677409699,-0.46576299731214,-0.191298406321342,-0.536423705272512,-0.4386417519090147,4.0,0,0,1
71008,-0.1699370696859528,0.11082078759976445,0.010186395469438104,2,3.0,-0.17775916895535768,-0.028675093973341323,-0.191298406321342,0.2336286624682574,-0.4386417519090147,4.0,0,0,1
71008,-0.6574949533115324,-0.36103089444682573,0.010186395469438104,1,3.0,-0.5466500952193377,-0.29353329315993504,0.2545645265434469,-0.536423705272512,-0.4386417519090147,4.0,0,0,1
71008,-0.6373270987665239,-0.4396728414545908,-0.308775112667343,1,3.0,-0.5496768925630421,-0.2435803899212152,-0.191298406321342,-0.536423705272512,-0.4386417519090147,4.0,0,0,1
71008,-0.4583373896795738,-0.08578407991964813,0.010186395469438104,1,3.0,-0.2644012429188976,0.009777860318335108,0.2545645265434469,-0.536423705272512,-0.4386417519090147,4.0,0,0,1
71008,-0.7091750805831166,-0.7935616029895335,-1.2656596370776863,2,1.0,-0.6705596114772386,-0.6129811547859425,-1.5288872049157087,-0.536423705272512,-0.4386417519090147,1.0,0,0,0
71008,-0.550353226041175,-0.5576357619662383,-0.9466981289409051,0,1.0,-0.627143987078478,-0.6129811547859425,-1.0830242720509198,-0.536423705272512,-0.4386417519090147,4.0,0,0,0
71008,-0.3232127642280171,0.07149981409588194,0.010186395469438104,2,4.0,-0.22126938077110916,-0.6070922038786125,-0.191298406321342,0.2336286624682574,-0.4386417519090147,4.0,0,0,1
71008,0.4683755266635651,0.5433514961424721,-0.6277366208041241,1,4.0,-0.0014482236845733759,-0.5688133210797869,-0.6371613391861309,-0.536423705272512,-0.4386417519090147,4.0,0,0,0
71008,0.10232896667166146,0.34674662862305955,0.3291479036062192,1,2.0,0.4207900057621976,0.18191772111939128,0.2545645265434469,0.2336286624682574,-0.4386417519090147,4.0,0,0,1
71008,0.4683755266635651,0.5040305226385896,0.6481094117430003,2,3.0,0.29063771998290616,0.2746360595049288,-0.191298406321342,1.7737333979497962,-0.4386417519090147,4.0,0,0,1
71008,0.4250146393917969,0.9365612311812973,0.6481094117430003,1,4.0,-0.032094546789580944,-0.4259623927532319,0.7004274594082358,0.2336286624682574,2.567644400025545,4.0,0,0,1
71008,0.46232517030006254,0.7006353901580022,0.9670709198797813,1,3.0,0.08254540260322515,1.0027265772146152,1.5921533251378137,-0.536423705272512,-0.4386417519090147,4.0,0,0,1
71008,0.7456835266574314,0.8972402576774148,0.9670709198797813,1,3.0,2.261082790734504,0.6591656024216931,1.1462903922730248,0.2336286624682574,-0.4386417519090147,4.0,0,0,1
71008,-0.5680000987680573,-0.32170992094294326,0.010186395469438104,2,3.0,-0.7015369905417139,-0.45992317948746947,0.2545645265434469,-0.536423705272512,-0.4386417519090147,4.0,0,0,1
71008,0.6549281812048934,0.7399563636618847,0.9670709198797813,1,3.0,0.051520729830254526,0.6469469066654595,0.7004274594082358,1.0036810302090269,1.9663871696386335,4.0,0,0,1
71008,-0.5894284442221288,-0.5183147884623558,-0.6277366208041241,2,3.0,-0.6953415147288189,-0.4643255036937596,-1.0830242720509198,0.2336286624682574,-0.4386417519090147,4.0,0,0,0
71008,-0.49867309876959076,-0.16442602692741318,-0.308775112667343,1,1.0,-0.45981884642181625,-0.5982594794187984,-0.191298406321342,-0.536423705272512,-0.4386417519090147,4.0,0,0,1
71008,-0.25917982604761525,-0.12510505342353065,-0.6277366208041241,1,1.0,-0.2522940535440798,-0.5923747399185535,-1.0830242720509198,0.2336286624682574,-0.4386417519090147,1.0,0,0,0
71008,0.04283379576388649,0.6219934431502372,1.2860324280165625,1,4.0,-0.18381276364276658,-0.4922667859010291,1.5921533251378137,0.2336286624682574,-0.4386417519090147,4.0,0,0,1
71008,-0.5314458624052295,-0.2430679739351782,-0.308775112667343,2,3.0,-0.5063558555812722,-0.39954844751549157,-0.191298406321342,-0.536423705272512,-0.4386417519090147,4.0,0,0,1
71008,-0.1356517169594384,-0.08578407991964813,-0.6277366208041241,1,1.0,-0.2148374364157372,-0.5850075851243539,-0.6371613391861309,-0.536423705272512,-0.4386417519090147,4.0,0,0,0
71008,-0.4593457824068242,-0.20374700043129568,-0.308775112667343,2,3.0,-0.40098547305356097,-0.3936187863396723,-0.191298406321342,-0.536423705272512,-0.4386417519090147,4.0,0,0,1
71008,0.1567821739431843,0.6219934431502372,0.3291479036062192,1,5.0,0.10146288600137797,-0.5600086726672068,0.3851884326561781,0.2336286624682574,-0.4386417519090147,4.0,0,0,1
71008,0.475434275754318,0.7006353901580022,0.6481094117430003,1,2.0,1.012528886456418,0.5233224554847428,1.1462903922730248,-0.536423705272512,-0.4386417519090147,4.0,0,0,1
71008,2.67272202843299,1.4084129132278875,1.6049939361533436,1,2.0,4.859588310304776,3.7124020478617203,0.7004274594082358,2.543785765690566,-0.4386417519090147,4.0,0,0,1
71008,-0.8652238551251196,-1.0294874440128285,-1.2656596370776863,2,1.0,-0.7325616633146845,-0.6129811547859425,-1.5288872049157087,-0.536423705272512,-0.4386417519090147,1.0,0,0,0
71008,-0.6549739714934063,-0.6755986824778859,-0.6277366208041241,1,1.0,-0.6705596114772386,-0.6041498341284901,-1.0830242720509198,0.2336286624682574,-0.4386417519090147,4.0,0,0,0
71008,2.4024727775298764,1.369091939724005,2.880839968700468,2,2.0,1.7132324715239984,2.7435313490733124,0.7004274594082358,5.623995236653643,1.9663871696386335,4.0,0,0,1
71008,-0.5453112624049228,-0.40035186795070826,-0.6277366208041241,2,2.0,-0.524894989311462,-0.3848141379270922,-1.0830242720509198,0.2336286624682574,-0.4386417519090147,4.0,0,0,0
71008,-0.59825188058557,-0.5969567354701208,-0.9466981289409051,1,1.0,-0.6891933326244192,-0.6085633887536738,-1.0830242720509198,-0.536423705272512,-0.4386417519090147,4.0,0,0,0
71008,-0.6637974078568476,-0.6362777089740034,-1.2656596370776863,1,1.0,-0.627143987078478,-0.6085633887536738,-1.5288872049157087,-0.536423705272512,1.9663871696386335,4.0,0,0,0
71008,0.8384556575644704,1.13316609870071,0.3291479036062192,2,4.0,-0.18721791065443408,-0.5246553139901631,0.7004274594082358,-0.536423705272512,-0.4386417519090147,4.0,0,0,1
71008,-0.6297641533121457,-0.6362777089740034,-0.9466981289409051,1,1.0,-0.6550472750907533,-0.6056210190035514,-1.0830242720509198,-0.536423705272512,-0.4386417519090147,4.0,0,0,0
71008,0.7618178102934382,1.29044999271624,0.9670709198797813,1,4.0,0.5229444161122229,-0.40691560230969126,1.1462903922730248,0.2336286624682574,-0.4386417519090147,4.0,0,0,1
71008,0.5258539121168392,1.0152031781890622,0.6481094117430003,1,4.0,0.8672426139586041,-0.4422240393111605,0.7004274594082358,0.2336286624682574,2.567644400025545,4.0,0,0,1
71011,0.04081701030938564,0.5826724696463547,0.3291479036062192,1,4.0,-0.2954259156918682,-0.4922667859010291,0.7004274594082358,-0.536423705272512,1.9663871696386335,4.0,0,0,0
71011,1.0955958030133284,1.1724870722045924,1.2860324280165625,1,4.0,1.4468743052780066,-0.28023647718991607,1.5921533251378137,0.2336286624682574,-0.4386417519090147,4.0,0,0,1
71013,-0.0701061896881609,0.2681046816152945,-0.308775112667343,1,1.0,-0.13989224195760788,-0.3362987283067527,-0.191298406321342,0.2336286624682574,-0.4386417519090147,4.0,0,0,0
71015,0.5097196284808324,0.7792773371657672,1.2860324280165625,2,4.0,0.34587677150551244,0.36088567660775445,1.1462903922730248,1.0036810302090269,-0.4386417519090147,4.0,0,0,1
71015,3.2011198175122115,1.8802645952744776,2.242916952426906,2,4.0,2.8951968342405867,2.916030583278964,1.1462903922730248,3.313838133431335,2.567644400025545,4.0,0,0,1
71015,0.6166092575693772,0.7792773371657672,0.6481094117430003,2,4.0,0.71817284478116,0.4615102298943844,0.7004274594082358,0.2336286624682574,-0.4386417519090147,4.0,0,0,1
71015,0.1477066393979305,0.5433514961424721,0.9670709198797813,2,4.0,0.37084784959107414,0.016605955005642138,1.1462903922730248,0.2336286624682574,-0.4386417519090147,4.0,0,0,1
71015,1.3295429157354264,1.0938451251968273,1.6049939361533436,1,3.0,1.4408207105905977,2.479032523291314,2.0380162580026027,0.2336286624682574,-0.4386417519090147,4.0,0,0,1
71015,-0.42707721513481073,-0.04646310641576562,0.010186395469438104,1,4.0,-0.2678063899305651,-0.052034365272023264,0.2545645265434469,-0.536423705272512,-0.4386417519090147,4.0,0,0,1
71015,-0.16338251695882505,0.2681046816152945,0.6481094117430003,2,4.0,-0.273859984617974,-0.27879898357153565,0.7004274594082358,0.2336286624682574,-0.4386417519090147,4.0,0,0,1
71015,-0.5730420624043094,-0.28238894743906073,0.010186395469438104,2,4.0,-0.6519258903300581,-0.6129811547859425,-0.191298406321342,0.2336286624682574,2.567644400025545,4.0,0,0,1
71015,-0.26674277150199344,0.11082078759976445,0.010186395469438104,2,3.0,-0.3979586757098565,-0.3765485496214047,0.2545645265434469,-0.536423705272512,-0.4386417519090147,4.0,0,0,1
71015,0.04686736667288818,0.5433514961424721,0.6481094117430003,2,3.0,0.11659687271990023,-0.07898737061665627,0.7004274594082358,0.2336286624682574,-0.4386417519090147,4.0,0,0,1
71015,0.22636127212346352,0.3860676021269421,0.6481094117430003,1,3.0,-0.3483948692066961,0.6541343747573616,0.2545645265434469,1.0036810302090269,-0.4386417519090147,4.0,0,0,1
71015,-0.15481117877719644,0.2681046816152945,0.3291479036062192,2,4.0,-0.10662943137830307,-0.2701740218612531,0.7004274594082358,-0.536423705272512,-0.4386417519090147,4.0,0,0,1
71015,0.3483767921207647,0.5826724696463547,1.2860324280165625,1,2.0,0.011415665026170542,0.6483844002838399,1.5921533251378137,0.2336286624682574,-0.4386417519090147,4.0,0,0,1
71015,0.3080410830307478,0.6613144166541197,0.3291479036062192,2,3.0,0.33376958213069463,0.1689802785539674,0.7004274594082358,-0.536423705272512,-0.4386417519090147,4.0,0,0,1
71015,0.9201354684717546,1.0545241516929449,-0.308775112667343,2,3.0,0.017469259713579446,0.7504464471888502,-0.191298406321342,-0.536423705272512,-0.4386417519090147,4.0,0,0,1
71015,-0.39380025513554673,-0.12510505342353065,0.010186395469438104,2,3.0,-0.478357980152006,-0.49729801356536063,0.2545645265434469,-0.536423705272512,-0.4386417519090147,4.0,0,0,1
71015,0.055942901218141994,0.5040305226385896,0.3291479036062192,2,3.0,0.20967089103881212,-0.07036240890637371,0.7004274594082358,-0.536423705272512,-0.4386417519090147,4.0,0,0,1
71015,-0.5077486333148445,-0.08578407991964813,0.3291479036062192,2,3.0,-0.4535760769004258,-0.6054694083484877,0.7004274594082358,-0.536423705272512,-0.4386417519090147,4.0,0,0,1
71015,0.19812627576045166,0.6219934431502372,0.6481094117430003,2,3.0,-0.026040952102172044,0.06476199122138646,1.1462903922730248,-0.536423705272512,-0.4386417519090147,4.0,0,0,1
71015,1.1661832939208578,1.13316609870071,0.6481094117430003,1,3.0,1.4862226707461645,1.9069100631759037,0.7004274594082358,0.2336286624682574,-0.4386417519090147,4.0,0,0,1
71015,-0.40791775331705266,0.032178840591999415,0.6481094117430003,2,3.0,-0.3109382520783535,-0.5105948295353796,0.2545645265434469,1.0036810302090269,-0.4386417519090147,4.0,0,0,1
71015,0.2424955557594703,0.5040305226385896,0.3291479036062192,2,3.0,-0.07863155594903688,0.10644930615441885,0.7004274594082358,-0.536423705272512,-0.4386417519090147,4.0,0,0,1
71015,0.3393012575755109,0.6613144166541197,0.3291479036062192,2,3.0,0.1907534076406593,0.19844889773076618,0.7004274594082358,-0.536423705272512,-0.4386417519090147,4.0,0,0,1
71015,0.7688765593841912,1.13316609870071,0.9670709198797813,2,3.0,-0.2522940535440798,0.6066970853508076,1.5921533251378137,-0.536423705272512,-0.4386417519090147,4.0,0,0,1
71015,0.856606726654978,0.8972402576774148,1.9239554442901246,1,2.0,0.7491975175541306,1.093288675172582,0.2545645265434469,4.083890501172104,-0.4386417519090147,4.0,0,0,1
71015,0.36350268302952105,0.8972402576774148,0.3291479036062192,2,4.0,-0.007501818371982279,0.221448795624853,0.7004274594082358,-0.536423705272512,1.9663871696386335,4.0,0,0,1
71015,2.0959213884457477,1.8802645952744776,1.2860324280165625,1,4.0,-0.2954259156918682,0.43635409157272687,2.0380162580026027,-0.536423705272512,-0.4386417519090147,4.0,0,0,1
71015,2.688856312068997,1.7229807012589475,2.242916952426906,1,3.0,1.7692282223825306,2.5624071531573787,0.2545645265434469,4.853942868912874,-0.4386417519090147,4.0,0,0,1
71015,-0.25161688059323706,0.228783708111412,0.6481094117430003,2,3.0,-0.4040122703972654,-0.36217361343760046,0.7004274594082358,0.2336286624682574,-0.4386417519090147,4.0,0,0,1
71015,1.414247904824462,1.0545241516929449,1.6049939361533436,2,3.0,0.9535063382541811,1.2197881135900597,1.1462903922730248,1.7737333979497962,2.567644400025545,4.0,0,0,1
71015,-0.025736909689142284,0.3860676021269421,1.6049939361533436,2,3.0,-0.22732297545851807,-0.14798706429891678,1.5921533251378137,1.0036810302090269,2.567644400025545,4.0,0,0,1
71015,-0.3978338260445484,0.032178840591999415,0.3291479036062192,2,3.0,-0.6891933326244192,-0.5012511210159067,0.7004274594082358,-0.536423705272512,-0.4386417519090147,4.0,0,0,1
71015,-0.22388608059385043,0.1894627346075295,0.3291479036062192,2,3.0,-0.3574752612378095,-0.3362987283067527,0.2545645265434469,0.2336286624682574,-0.4386417519090147,4.0,0,0,1
71015,-0.39027088059017023,-0.08578407991964813,0.3291479036062192,2,3.0,-0.3760143949679992,-0.4940636529240046,0.2545645265434469,0.2336286624682574,-0.4386417519090147,4.0,0,0,1
71015,0.7608094175661878,0.9365612311812973,0.3291479036062192,1,2.0,1.133600780204596,0.4629477235127648,0.7004274594082358,-0.536423705272512,1.9663871696386335,4.0,0,0,1
71015,0.6176176502966277,0.8972402576774148,0.6481094117430003,2,3.0,0.16956582623472813,0.4629477235127648,1.1462903922730248,-0.536423705272512,-0.4386417519090147,4.0,0,0,1
71015,-0.4290940005893116,0.032178840591999415,0.3291479036062192,2,3.0,-0.3669340029368859,-0.5307197401927055,0.7004274594082358,-0.536423705272512,-0.4386417519090147,4.0,0,0,1
71015,3.043810552061146,1.4870548602356526,1.6049939361533436,1,3.0,3.5005563029814772,4.6898977083604105,1.1462903922730248,1.7737333979497962,-0.4386417519090147,4.0,0,0,1
71015,1.7429839339081,1.4084129132278875,1.6049939361533436,2,3.0,2.3655072990923074,1.5302867351602318,2.0380162580026027,0.2336286624682574,1.9663871696386335,4.0,0,0,1
71015,1.5211375339130069,1.526375833739535,1.2860324280165625,2,3.0,1.1366275775483003,1.3204126668766896,1.5921533251378137,0.2336286624682574,-0.4386417519090147,4.0,0,0,1
71015,1.3315597011899274,1.29044999271624,1.6049939361533436,2,3.0,1.127547185517187,1.1421634581975166,1.5921533251378137,1.0036810302090269,-0.4386417519090147,4.0,0,0,1
71015,1.8902092720866617,1.3297709662201225,1.2860324280165625,1,3.0,2.749910561742773,2.343908123163554,1.5921533251378137,0.2336286624682574,1.9663871696386335,4.0,0,0,1
71015,0.7285408502941743,0.8579192841735322,1.2860324280165625,1,3.0,1.2849406473898184,1.8379103694936434,0.7004274594082358,1.7737333979497962,-0.4386417519090147,4.0,0,0,1
71015,1.4908857520954941,1.369091939724005,1.2860324280165625,2,3.0,1.4589814946528243,1.291662794509081,1.5921533251378137,0.2336286624682574,-0.4386417519090147,4.0,0,0,1
71015,1.5251711048220085,1.369091939724005,1.2860324280165625,1,2.0,1.610321361838047,1.1234760411585711,2.0380162580026027,-0.536423705272512,-0.4386417519090147,4.0,0,0,1
71018,-0.3448932078639012,0.07149981409588194,0.6481094117430003,2,3.0,-0.5311377588328524,-0.45093884437259185,0.7004274594082358,0.2336286624682574,-0.4386417519090147,4.0,0,0,1
71019,-0.26422178968386734,0.15014176110364696,0.3291479036062192,2,3.0,-0.6023620838268977,-0.3743923091938341,0.7004274594082358,-0.536423705272512,-0.4386417519090147,4.0,0,0,1
71019,1.571557170275528,1.3297709662201225,1.9239554442901246,2,3.0,1.7283664582425207,1.369287449901624,0.2545645265434469,4.083890501172104,-0.4386417519090147,4.0,0,0,0
71019,2.0293674684472203,1.8802645952744776,2.880839968700468,1,4.0,0.7794654909911751,0.5319474171950253,2.0380162580026027,3.313838133431335,2.567644400025545,4.0,0,0,1
71019,0.5601392648433535,0.8185983106696497,0.6481094117430003,1,4.0,1.1245203881734824,-0.3612751799261127,0.2545645265434469,1.0036810302090269,-0.4386417519090147,4.0,0,0,1
71019,0.41997267575554476,0.7006353901580022,0.6481094117430003,2,3.0,0.6220720291185436,0.275354806314119,0.7004274594082358,0.2336286624682574,-0.4386417519090147,4.0,0,0,1
71019,0.601483366660621,0.9758822046851798,1.6049939361533436,2,3.0,-0.23678171715759447,0.4471352937105801,0.2545645265434469,3.313838133431335,-0.4386417519090147,4.0,0,0,1
71019,0.4865265957540727,0.7006353901580022,1.2860324280165625,2,3.0,0.05757432451766342,0.33860452552285786,1.5921533251378137,0.2336286624682574,-0.4386417519090147,4.0,0,0,1
71019,0.46333356302731293,0.7006353901580022,0.6481094117430003,2,3.0,0.20361729635140322,0.3163233744379612,1.1462903922730248,-0.536423705272512,-0.4386417519090147,4.0,0,0,1
71019,0.8092122684742081,0.7399563636618847,1.9239554442901246,1,3.0,0.17864621826584148,1.1795382922754079,0.2545645265434469,4.083890501172104,2.567644400025545,4.0,0,0,1
71019,-0.12304680786880812,0.5040305226385896,0.9670709198797813,2,3.0,-0.43182097099255007,-0.23998665587526413,1.1462903922730248,0.2336286624682574,-0.4386417519090147,4.0,0,0,1
71019,-0.24556652422973455,0.15014176110364696,0.010186395469438104,2,3.0,-0.515625422446367,-0.35642363896407875,0.20579826826136063,0.2336286624682574,2.567644400025545,4.0,0,0,1
71019,-0.05498029877940455,0.6219934431502372,0.9670709198797813,2,4.0,-0.4535760769004258,-0.1760181898573351,0.2545645265434469,1.7737333979497962,-0.4386417519090147,4.0,0,0,1
71019,-0.14674403695919305,0.1894627346075295,0.010186395469438104,2,3.0,-0.11570982340941642,-0.262986553769351,0.2545645265434469,-0.536423705272512,-0.4386417519090147,4.0,0,0,1
71019,0.7668597739296903,1.0545241516929449,0.6481094117430003,2,3.0,0.4608950705662816,0.605259591732427,1.1462903922730248,-0.536423705272512,-0.4386417519090147,4.0,0,0,1
71019,1.8176049957246312,1.4870548602356526,2.5618784605636873,1,3.0,2.1157965182366905,2.3194707316510863,0.2545645265434469,5.623995236653643,2.567644400025545,4.0,0,0,1
71019,1.2468547121008917,1.29044999271624,1.6049939361533436,2,3.0,1.7813354117573486,1.0616638155682128,1.5921533251378137,1.0036810302090269,-0.4386417519090147,4.0,0,0,1
71019,2.594067395707457,1.7623016747628302,1.6049939361533436,1,2.0,3.9243079311001003,2.3697830082944016,2.0380162580026027,0.2336286624682574,-0.4386417519090147,4.0,0,0,1
71019,0.09728700303540934,0.3860676021269421,0.9670709198797813,2,3.0,-0.3760143949679992,-0.030831334400911962,0.7004274594082358,1.0036810302090269,-0.4386417519090147,4.0,0,0,1
71019,0.020649155764377182,0.4253885756308246,0.3291479036062192,2,3.0,-0.24586210918870782,-0.10414350893831376,0.7004274594082358,-0.536423705272512,-0.4386417519090147,4.0,0,0,1
71019,-0.3564897242272811,0.2681046816152945,0.3291479036062192,1,4.0,-0.5311377588328524,-0.5732381061238642,0.7004274594082358,-0.536423705272512,-0.4386417519090147,4.0,0,0,1
71019,1.1742504357388612,1.0938451251968273,1.2860324280165625,1,3.0,1.053390650596428,1.1551009007629405,1.1462903922730248,1.0036810302090269,-0.4386417519090147,4.0,0,0,1
71019,0.4401405303005532,0.9365612311812973,1.6049939361533436,1,4.0,0.8581622219274908,-0.25238503833379533,0.2545645265434469,3.313838133431335,-0.4386417519090147,4.0,0,0,1
71019,0.5460217666618477,1.0938451251968273,1.2860324280165625,1,4.0,-0.08165835329274133,-0.18464315156761768,1.5921533251378137,0.2336286624682574,-0.4386417519090147,4.0,0,0,1
71019,-0.15077760786819475,0.34674662862305955,0.9670709198797813,2,4.0,-0.2678063899305651,-0.266580287815302,1.1462903922730248,0.2336286624682574,-0.4386417519090147,4.0,0,0,1
71019,0.4129139266647918,0.8579192841735322,0.6481094117430003,2,4.0,-0.1342489571396062,0.2688860850314071,1.1462903922730248,-0.536423705272512,-0.4386417519090147,4.0,0,0,1
71019,1.9910485448117041,1.7229807012589475,1.2860324280165625,1,4.0,1.1865697337194239,-0.2671193479221947,1.5921533251378137,0.2336286624682574,-0.4386417519090147,4.0,0,0,1
71019,3.4794362102333283,1.8802645952744776,1.2860324280165625,1,4.0,1.154788361610527,3.384653502870983,0.7004274594082358,1.7737333979497962,2.567644400025545,4.0,0,0,1
71019,2.6646548866149864,1.44773388673177,1.6049939361533436,1,4.0,1.8146301825380975,5.290770040843429,1.5921533251378137,1.0036810302090269,-0.4386417519090147,4.0,0,0,1
71019,0.21627734485095929,0.9365612311812973,0.9670709198797813,1,4.0,0.6652038912663321,-0.4290170666922903,0.7004274594082358,1.0036810302090269,-0.4386417519090147,4.0,0,0,1
71019,0.8455144066552234,1.29044999271624,1.6049939361533436,1,4.0,0.1506483428365753,-0.3760094895145121,2.0380162580026027,0.2336286624682574,2.567644400025545,4.0,0,0,1
71019,2.174576021171281,1.0938451251968273,1.6049939361533436,1,3.0,1.8085765878506885,4.735897504148585,0.7004274594082358,2.543785765690566,-0.4386417519090147,4.0,0,0,1
71019,0.64686103938689,1.0938451251968273,1.6049939361533436,1,4.0,2.0355863886285226,-0.29353329315993504,1.5921533251378137,1.0036810302090269,-0.4386417519090147,4.0,0,0,1
71019,0.03174147576413184,0.3860676021269421,0.6481094117430003,2,3.0,-0.2863455236607549,-0.09336230680046055,1.1462903922730248,-0.536423705272512,2.567644400025545,4.0,0,0,1
71019,2.4286909884383876,1.4870548602356526,0.9670709198797813,1,3.0,3.249332123454008,2.338158148690032,1.1462903922730248,0.2336286624682574,-0.4386417519090147,4.0,0,0,1
71019,1.1439986539213487,1.2511290192123574,1.6049939361533436,1,4.0,1.9508360630047978,-0.2288460803328158,0.7004274594082358,2.543785765690566,-0.4386417519090147,4.0,0,0,1
71019,-0.3095994624101364,-0.007142132911883102,0.3291479036062192,2,3.0,-0.4567920490781118,-0.4175171177452469,0.2545645265434469,0.2336286624682574,-0.4386417519090147,4.0,0,0,1
71019,-0.4018673969535501,-0.12510505342353065,-0.308775112667343,2,3.0,-0.515625422446367,-0.505204228466453,-0.191298406321342,-0.536423705272512,-0.4386417519090147,4.0,1,0,0
71019,0.0388002248548848,0.5040305226385896,0.3291479036062192,2,4.0,-0.6550472750907533,-0.08689358551774863,0.7004274594082358,-0.536423705272512,-0.4386417519090147,4.0,0,0,1
71019,2.884484501155579,1.6443387542511827,1.9239554442901246,1,3.0,2.127903707611508,4.235649724952196,1.5921533251378137,1.7737333979497962,-0.4386417519090147,4.0,0,0,1
71019,2.0152499702657143,1.3297709662201225,1.9239554442901246,1,3.0,3.881932768288238,2.213096203890935,2.0380162580026027,1.0036810302090269,-0.4386417519090147,4.0,0,0,1
71019,-0.22035670604847396,0.3860676021269421,0.3291479036062192,1,4.0,-0.3669340029368859,-0.5010714343136092,0.7004274594082358,-0.536423705272512,-0.4386417519090147,4.0,0,0,1
71019,2.1402906684447665,1.526375833739535,0.9670709198797813,1,4.0,3.070751080175445,-0.013940784384941942,1.1462903922730248,0.2336286624682574,-0.4386417519090147,4.0,0,0,1
71019,1.702648224818083,1.6443387542511827,1.6049939361533436,1,4.0,0.9232383648171365,-0.20512743562953878,1.5921533251378137,1.0036810302090269,-0.4386417519090147,4.0,0,0,1
71019,1.2367707848283875,1.4084129132278875,1.2860324280165625,1,4.0,2.4532844220597365,-0.055268725913379224,1.5921533251378137,0.2336286624682574,-0.4386417519090147,4.0,0,0,1
71019,0.23140323575971564,0.5433514961424721,0.3291479036062192,2,3.0,0.1385411534617575,0.09638685082575585,0.2545645265434469,0.2336286624682574,-0.4386417519090147,4.0,0,0,1
71020,0.6710624648409002,1.13316609870071,0.6481094117430003,1,3.0,-0.12516856510849284,-0.23028357395119625,0.7004274594082358,0.2336286624682574,-0.4386417519090147,4.0,0,0,1
71020,0.7315660284759256,0.8185983106696497,0.010186395469438104,2,4.0,0.011415665026170542,0.5707597448912969,-0.6371613391861309,1.0036810302090269,-0.4386417519090147,4.0,0,0,0
71020,0.15375699576143304,0.5433514961424721,-0.308775112667343,2,3.0,-0.5063558555812722,0.022355929479163844,-0.191298406321342,-0.536423705272512,-0.4386417519090147,4.0,0,0,0
71020,0.7860192357474484,1.0152031781890622,0.9670709198797813,2,3.0,0.6742842832974454,0.6225095151529922,1.5921533251378137,-0.536423705272512,-0.4386417519090147,4.0,0,0,1
71020,-0.04590476423415075,0.228783708111412,0.010186395469438104,2,3.0,-0.053660477863475164,-0.16739322814705254,-0.6371613391861309,1.0036810302090269,-0.4386417519090147,4.0,0,0,0
71020,0.6972806757494111,0.8579192841735322,0.6481094117430003,1,3.0,1.0806318266897679,0.9524143005713003,0.7004274594082358,0.2336286624682574,-0.4386417519090147,4.0,0,0,1
71020,0.6307267557508832,0.8972402576774148,0.9670709198797813,2,4.0,0.32771598744328573,0.47588516607818865,0.2545645265434469,1.7737333979497962,-0.4386417519090147,4.0,0,0,1
71020,0.2646801957589796,0.5040305226385896,0.3291479036062192,1,3.0,-0.4287941736488456,-0.007831436506825126,0.7004274594082358,-0.536423705272512,-0.4386417519090147,4.0,0,0,1
71020,1.662312515728066,1.0152031781890622,0.6481094117430003,1,2.0,1.6284821459002736,0.5412911257144981,-0.6371613391861309,2.543785765690566,-0.4386417519090147,4.0,0,0,0
71020,-0.43060658968018717,-0.20374700043129568,-0.308775112667343,2,3.0,-0.5899711322011076,-0.5321572338110859,-1.0830242720509198,1.0036810302090269,-0.4386417519090147,1.0,0,0,0
71020,-0.6070753169490113,-0.4396728414545908,-0.9466981289409051,2,3.0,-0.6736809962379339,-0.6129811547859425,-1.0830242720509198,-0.536423705272512,-0.4386417519090147,4.0,0,0,0
71020,0.823329766655714,1.211808045708475,0.9670709198797813,1,4.0,0.34284997416180796,0.009777860318335108,1.1462903922730248,0.2336286624682574,-0.4386417519090147,4.0,0,0,1
71020,1.045176166650807,0.9365612311812973,0.3291479036062192,1,3.0,1.5240576375424701,0.9121644792566483,0.2545645265434469,0.2336286624682574,-0.4386417519090147,4.0,0,1,0
71020,0.4865265957540727,0.4253885756308246,0.9670709198797813,2,3.0,-0.4938703165384913,0.33860452552285786,0.7004274594082358,1.0036810302090269,-0.4386417519090147,4.0,0,0,0
71020,-0.6789232987656039,-0.6362777089740034,-0.9466981289409051,2,3.0,-0.6891933326244192,-0.6129811547859425,-1.0830242720509198,-0.536423705272512,-0.4386417519090147,4.0,0,0,0
71020,0.8697158321092335,1.1724870722045924,1.2860324280165625,1,4.0,0.7552511122415395,-0.03442506844686303,1.5921533251378137,0.2336286624682574,-0.4386417519090147,4.0,0,0,1
71020,-0.009602626053135513,0.4647095491347071,0.6481094117430003,1,3.0,0.10146288600137797,0.1359179253312176,1.1462903922730248,-0.536423705272512,2.567644400025545,4.0,0,0,1
71020,2.3722209957123637,1.29044999271624,1.6049939361533436,1,3.0,4.490319034372833,2.8786557492010725,1.5921533251378137,1.0036810302090269,-0.4386417519090147,4.0,0,0,1
71020,-0.14573564423194263,0.307425655119177,0.6481094117430003,2,3.0,-0.3760143949679992,-0.2615490601509705,0.7004274594082358,0.2336286624682574,-0.4386417519090147,4.0,0,0,1
71020,0.8021535193834551,0.9365612311812973,0.3291479036062192,1,3.0,0.22480487775733438,0.7087591322558179,0.7004274594082358,-0.536423705272512,1.9663871696386335,4.0,0,0,1
71020,1.505003250277,1.526375833739535,1.6049939361533436,2,3.0,2.202060242532267,1.3060377306928854,2.0380162580026027,0.2336286624682574,-0.4386417519090147,4.0,0,0,1
71020,1.793403570270621,1.3297709662201225,1.6049939361533436,1,3.0,2.8225536979916797,2.287845872046717,1.5921533251378137,1.0036810302090269,-0.4386417519090147,4.0,0,0,1
71020,2.059619250264733,1.4084129132278875,2.5618784605636873,1,3.0,3.530824276418522,2.9850302769612242,0.7004274594082358,4.853942868912874,2.567644400025545,4.0,0,0,1
71020,1.1036629448313318,1.2511290192123574,1.6049939361533436,1,3.0,2.6954282095560926,-0.007831436506825126,2.0380162580026027,0.2336286624682574,-0.4386417519090147,4.0,0,0,1
71020,-0.5591766624046162,-0.5576357619662383,-0.9466981289409051,1,2.0,-0.5124094502686811,-0.2906583059231742,-1.0830242720509198,-0.536423705272512,-0.4386417519090147,1.0,0,0,0
71020,0.5772819412066108,0.7006353901580022,0.3291479036062192,1,3.0,1.287967444733523,0.19485516368481512,0.7004274594082358,-0.536423705272512,1.9663871696386335,4.0,0,0,1
71020,0.2505626975774737,0.5433514961424721,0.6481094117430003,1,3.0,0.28382742595957117,0.8072274451148771,1.1462903922730248,-0.536423705272512,-0.4386417519090147,4.0,0,0,1
71020,2.251213868442313,1.44773388673177,1.9239554442901246,1,3.0,3.0828582695502624,3.6462773414162206,2.0380162580026027,1.0036810302090269,-0.4386417519090147,4.0,0,0,1
71020,1.2750897084639037,1.2511290192123574,1.9239554442901246,1,4.0,1.1835429363757193,0.1143555210555112,1.1462903922730248,2.543785765690566,-0.4386417519090147,4.0,0,0,1
71020,0.3877041084835312,0.7399563636618847,1.2860324280165625,2,3.0,-0.1001974870229311,0.24444869351893986,1.5921533251378137,0.2336286624682574,-0.4386417519090147,4.0,0,0,1
71020,0.3534187557570168,0.3860676021269421,0.010186395469438104,1,2.0,1.2259180991875815,0.06404324441219623,-0.191298406321342,0.2336286624682574,-0.4386417519090147,4.0,0,0,0
71020,-0.26270920059299174,0.15014176110364696,0.3291479036062192,2,3.0,-0.2522940535440798,-0.3729548155754536,0.7004274594082358,-0.536423705272512,-0.4386417519090147,4.0,0,0,1
71020,-0.04086280059789863,0.307425655119177,0.3291479036062192,2,3.0,-0.3514216665504006,-0.16236200048272106,0.7004274594082358,-0.536423705272512,-0.4386417519090147,4.0,0,0,1
71020,-0.6108567896762003,-0.36103089444682573,-0.9466981289409051,2,3.0,-0.6860719478637239,-0.6129811547859425,-1.0830242720509198,-0.536423705272512,-0.4386417519090147,4.0,0,0,0
71020,1.757101432089606,1.44773388673177,0.9670709198797813,2,2.0,2.1838994584700404,1.4167247393081783,1.5921533251378137,-0.536423705272512,-0.4386417519090147,4.0,0,0,1
71020,-0.19514688786721338,0.11082078759976445,0.3291479036062192,2,2.0,-0.2583476482314887,-0.30898634955752463,-0.6371613391861309,1.7737333979497962,-0.4386417519090147,4.0,0,0,0
71020,0.3272005448485058,0.7006353901580022,0.6481094117430003,2,4.0,0.18772661029695484,0.18694894878372276,0.2545645265434469,1.0036810302090269,-0.4386417519090147,4.0,0,0,1
71020,-0.28086026968349936,-0.12510505342353065,-0.6277366208041241,1,3.0,-0.273859984617974,-0.11097160362562078,-0.6371613391861309,-0.536423705272512,-0.4386417519090147,4.0,0,0,0
71020,2.5839834684349525,1.6443387542511827,1.2860324280165625,1,3.0,3.981817080630485,2.7176564639424647,1.5921533251378137,0.2336286624682574,-0.4386417519090147,4.0,0,0,1
71020,-0.7041331169468644,-0.7149196559817684,-0.9466981289409051,2,3.0,-0.7139752358759994,-0.6129811547859425,-1.0830242720509198,-0.536423705272512,-0.4386417519090147,4.0,0,0,0
71020,-0.09027404423316937,0.6219934431502372,0.010186395469438104,2,4.0,-0.4287941736488456,-0.20908054308008495,0.2545645265434469,-0.536423705272512,-0.4386417519090147,4.0,0,1,0
71020,-0.3867415060447938,0.11082078759976445,0.010186395469438104,2,4.0,-0.3048846573909446,-0.49082929228264865,0.2545645265434469,-0.536423705272512,-0.4386417519090147,4.0,0,0,1
71020,-0.291952589683254,0.07149981409588194,0.010186395469438104,2,3.0,-0.5929979295448121,-0.40062656772927685,-0.191298406321342,0.2336286624682574,-0.4386417519090147,4.0,0,0,1
71020,-0.6486715169480912,-0.5183147884623558,-0.308775112667343,2,3.0,-0.617874420213383,-0.6129811547859425,-0.6371613391861309,0.2336286624682574,2.567644400025545,4.0,0,0,0
71020,-0.12052582605068206,0.307425655119177,0.3291479036062192,2,3.0,-0.4567920490781118,-0.23783041544769348,0.2545645265434469,0.2336286624682574,2.567644400025545,4.0,0,0,1
71020,0.7073646030219154,0.6613144166541197,0.3291479036062192,1,3.0,0.6530967018915143,1.4512245861493085,0.7004274594082358,-0.536423705272512,-0.4386417519090147,4.0,0,0,1
71020,3.3624626538722793,1.4870548602356526,2.242916952426906,1,3.0,4.130130150472003,7.096262025529247,0.7004274594082358,4.083890501172104,-0.4386417519090147,4.0,0,0,1
71020,4.895219599292923,2.1555114098016555,1.9239554442901246,1,3.0,4.12104975844089,3.5341528391825476,2.0380162580026027,1.0036810302090269,2.567644400025545,4.0,0,0,1
71020,-0.6285036624030828,-0.4789938149584733,-0.9466981289409051,2,3.0,-0.6891933326244192,-0.6129811547859425,-1.0830242720509198,-0.536423705272512,-0.4386417519090147,4.0,0,0,0
71021,-0.30707848059201037,-0.04646310641576562,-0.308775112667343,2,3.0,-0.5559196620844326,-0.41500150391308116,-0.6371613391861309,0.2336286624682574,-0.4386417519090147,4.0,0,1,0
71029,-0.4704381024065789,-0.28238894743906073,-0.6277366208041241,1,1.0,-0.6519258903300581,-0.5923747399185535,-0.6371613391861309,-0.536423705272512,-0.4386417519090147,4.0,0,0,0
71031,-0.15481117877719644,0.07149981409588194,-0.6277366208041241,2,1.0,-0.6209958049740782,-0.2701740218612531,-0.6371613391861309,0.2336286624682574,-0.4386417519090147,4.0,0,0,0
71031,-0.44926185513432,-0.28238894743906073,-0.308775112667343,1,2.0,-0.5373805283542428,-0.41572025072227137,-0.6371613391861309,0.2336286624682574,-0.4386417519090147,4.0,0,0,0
71031,-0.10287895332379965,0.15014176110364696,-0.308775112667343,1,4.0,-0.3294773858085433,-0.5908923246245987,-0.6371613391861309,0.2336286624682574,2.567644400025545,4.0,0,0,0
71031,-0.28590223331975145,-0.007142132911883102,-0.6277366208041241,1,1.0,-0.3760143949679992,-0.5967882945437372,-0.6371613391861309,-0.536423705272512,-0.4386417519090147,4.0,0,0,0
71033,-1.055557982393637,-2.2877585961370692,-1.9035826533512483,0,,-0.60443798435343,-0.3362987283067527,0.21450652866887604,-0.536423705272512,-0.4386417519090147,4.0,0,0,1
71033,-0.7369058805825032,-0.6755986824778859,-0.6277366208041241,2,1.0,-0.7387571391275796,-0.6129811547859425,-0.6371613391861309,-0.536423705272512,-0.4386417519090147,4.0,0,0,0
71033,1.3839961230069493,1.29044999271624,1.6049939361533436,1,4.0,2.9405987943961533,0.04068397311351429,1.1462903922730248,1.7737333979497962,-0.4386417519090147,4.0,0,0,1
71033,1.0794615193773216,1.1724870722045924,1.6049939361533436,2,4.0,1.6451295312906482,0.9006645303096049,1.1462903922730248,1.7737333979497962,-0.4386417519090147,4.0,0,0,1
71033,1.1117300866493351,1.29044999271624,0.3291479036062192,2,3.0,1.5119504481676522,0.9322893899139743,0.7004274594082358,-0.536423705272512,-0.4386417519090147,4.0,0,0,1
71033,0.46333356302731293,0.6219934431502372,0.3291479036062192,2,3.0,1.133600780204596,0.3163233744379612,0.7004274594082358,-0.536423705272512,2.567644400025545,4.0,0,0,0
71033,-0.20724760059421846,0.15014176110364696,0.010186395469438104,1,3.0,0.41700650908256703,-0.28922081230479374,-0.191298406321342,0.2336286624682574,-0.4386417519090147,4.0,0,0,0
71033,0.987697781197533,1.29044999271624,2.242916952426906,1,3.0,0.8732962086460131,0.813696166397589,1.1462903922730248,3.313838133431335,-0.4386417519090147,4.0,0,0,1
71033,1.8781085593596567,1.7229807012589475,1.6049939361533436,2,4.0,1.3681775743416908,1.6596611608144702,1.5921533251378137,1.0036810302090269,-0.4386417519090147,4.0,0,0,1
71033,1.0613104502868138,1.2511290192123574,1.6049939361533436,2,3.0,1.1956501257505372,0.8834146068890397,-0.191298406321342,4.083890501172104,-0.4386417519090147,4.0,0,0,1
71033,0.4643419557545634,0.7792773371657672,1.6049939361533436,2,3.0,0.1907534076406593,0.3170421212471514,0.7004274594082358,2.543785765690566,-0.4386417519090147,4.0,0,0,1
71033,0.9634963557435229,1.211808045708475,1.2860324280165625,2,3.0,1.0715514346586545,0.7906962685035022,0.7004274594082358,1.7737333979497962,-0.4386417519090147,4.0,0,0,1
71033,1.2932407775544112,1.44773388673177,1.2860324280165625,2,3.0,1.7601478303514173,1.1047886241196256,1.1462903922730248,1.0036810302090269,-0.4386417519090147,4.0,0,0,1
71033,0.34131804303001173,0.7399563636618847,0.3291479036062192,1,4.0,0.05757432451766342,-0.48489963110682943,0.7004274594082358,-0.536423705272512,1.9663871696386335,4.0,0,0,1
71033,1.5150871775495043,1.4870548602356526,0.9670709198797813,1,4.0,2.0098586112070347,-0.12426841959563974,1.1462903922730248,0.2336286624682574,2.567644400025545,4.0,0,0,1
71033,0.6357687193871353,0.9365612311812973,0.9670709198797813,2,4.0,1.5891337804321157,0.48019764693332995,1.1462903922730248,0.2336286624682574,2.567644400025545,4.0,0,0,1
71033,0.17291645757919108,0.6613144166541197,0.3291479036062192,1,3.0,0.18167301560954593,-0.04628439079850156,0.7004274594082358,-0.536423705272512,-0.4386417519090147,4.0,0,0,1
71033,0.23644519939596775,0.7399563636618847,0.9670709198797813,2,4.0,0.32468919009958125,0.10069933168089713,0.7004274594082358,1.0036810302090269,-0.4386417519090147,4.0,0,0,1
71033,-0.20119724423071592,0.3860676021269421,0.6481094117430003,2,4.0,-0.2644012429188976,-0.31473632403104634,0.7004274594082358,0.2336286624682574,2.567644400025545,4.0,0,0,1
71033,-0.3171624078645146,-0.04646310641576562,-0.308775112667343,2,4.0,-0.5527036899067466,-0.42470458583714904,-0.191298406321342,-0.536423705272512,-0.4386417519090147,4.0,0,0,0
71033,-0.22741545513922692,0.307425655119177,0.3291479036062192,1,3.0,-0.17775916895535768,-0.45255602469326983,0.7004274594082358,-0.536423705272512,2.567644400025545,4.0,0,0,1
71033,1.0270250975602995,1.13316609870071,1.2860324280165625,1,4.0,2.3231321362804453,-0.222736732454699,1.5921533251378137,0.2336286624682574,-0.4386417519090147,4.0,0,0,1
71033,0.37156982484752443,0.8185983106696497,0.6481094117430003,2,3.0,0.11054327803249132,0.22935501052594537,0.2545645265434469,1.0036810302090269,-0.4386417519090147,4.0,0,0,1
71033,2.4428084866198936,2.0375484892900078,1.9239554442901246,2,4.0,1.3787713650446565,2.194408786851989,0.2545645265434469,4.083890501172104,1.9663871696386335,4.0,0,0,1
71033,0.7527422757481844,1.0152031781890622,0.6481094117430003,2,3.0,1.039770062549758,0.5908846555486228,0.7004274594082358,0.2336286624682574,-0.4386417519090147,4.0,0,0,1
71033,-0.09934957877842318,0.2681046816152945,-0.308775112667343,2,3.0,0.0795186052595207,-0.21770550479036752,-0.191298406321342,-0.536423705272512,1.9663871696386335,4.0,0,0,1
71033,1.1016461593768307,1.13316609870071,1.2860324280165625,2,4.0,1.0034484944253044,0.9236644282036918,1.5921533251378137,0.2336286624682574,-0.4386417519090147,4.0,0,0,1
71033,-0.4583373896795738,-0.12510505342353065,0.010186395469438104,2,4.0,-0.7914423303914352,-0.5587508657511239,-0.191298406321342,0.2336286624682574,-0.4386417519090147,4.0,0,0,0
71033,0.6670288939318985,1.13316609870071,0.9670709198797813,1,4.0,0.19453690432028986,-0.31707225116091453,1.1462903922730248,0.2336286624682574,-0.4386417519090147,4.0,0,0,1
71033,-0.08019011696066514,0.228783708111412,0.010186395469438104,2,3.0,-0.3760143949679992,-0.19973683456061217,0.2545645265434469,-0.536423705272512,-0.4386417519090147,4.0,0,0,1
71033,0.24652912666847196,0.34674662862305955,-0.308775112667343,1,3.0,1.1956501257505372,0.33501079147690677,-0.191298406321342,-0.536423705272512,-0.4386417519090147,4.0,0,0,0
71033,-0.7759810987634571,-0.7739011162375922,-0.9466981289409051,1,1.0,-0.7263661875017895,-0.5114034196957186,-1.0830242720509198,-0.536423705272512,-0.4386417519090147,4.0,0,0,0
71033,-0.7583342260365747,-0.7149196559817684,-0.9466981289409051,1,1.0,-0.7325616633146845,-0.6026730340439821,-1.0830242720509198,-0.536423705272512,-0.4386417519090147,4.0,0,0,0
71033,-1.0003484805766762,-1.6586230200749488,-1.5846211452144674,1,1.0,-0.6930119762885859,-0.3362987283067527,-1.9747501377804977,-0.536423705272512,-0.4386417519090147,4.0,0,0,0
71037,0.058968079399893264,0.6219934431502372,0.3291479036062192,2,4.0,-0.562162431605823,-0.06748742166961286,0.7004274594082358,-0.536423705272512,-0.4386417519090147,4.0,0,0,1
71037,-0.5097654187693454,-0.2430679739351782,0.3291479036062192,1,4.0,-0.6116316506919927,-0.49523161648893876,-0.6371613391861309,1.7737333979497962,-0.4386417519090147,4.0,0,0,0
71037,-0.27077634241099513,-0.007142132911883102,-0.6277366208041241,2,4.0,-0.3419629248513242,-0.380861030476546,-0.6371613391861309,-0.536423705272512,-0.4386417519090147,4.0,0,0,0
71037,-0.272793127865496,0.032178840591999415,0.010186395469438104,1,1.0,-0.5031398834035862,-0.5864900004183087,-0.191298406321342,0.2336286624682574,-0.4386417519090147,4.0,0,0,0
71037,-0.5415297896777337,-0.5183147884623558,-0.6277366208041241,2,3.0,-0.6426563234649633,-0.6129811547859425,-1.0830242720509198,0.2336286624682574,-0.4386417519090147,4.0,0,0,0
71038,-0.09934957877842318,0.228783708111412,0.010186395469438104,2,4.0,0.25961304720993555,-0.21770550479036752,0.2545645265434469,-0.536423705272512,1.9663871696386335,4.0,0,0,1
71038,-0.12153421877793248,0.228783708111412,0.3291479036062192,2,4.0,-0.354448463894105,-0.2385491622568837,0.7004274594082358,-0.536423705272512,-0.4386417519090147,4.0,0,1,0
71038,0.8676990466547326,1.0545241516929449,1.6049939361533436,2,4.0,0.7151460474374555,0.7001341705455353,1.1462903922730248,1.7737333979497962,-0.4386417519090147,4.0,0,0,1
71038,1.9063435557226684,1.6050177807473,0.9670709198797813,1,3.0,1.1366275775483003,1.311787705166407,1.5921533251378137,-0.536423705272512,1.9663871696386335,4.0,0,0,1
71038,0.9403033230167631,0.9365612311812973,0.3291479036062192,2,4.0,1.3999589464505875,0.7691338642277958,0.7004274594082358,-0.536423705272512,-0.4386417519090147,4.0,0,0,1
71038,0.4482076721185566,0.6219934431502372,0.010186395469438104,2,4.0,0.14762154549287085,0.30194843825415696,-0.191298406321342,0.2336286624682574,-0.4386417519090147,4.0,0,0,0
71038,0.4996357012083282,0.5826724696463547,0.3291479036062192,2,4.0,0.8944837900519442,0.3508232212790915,-0.6371613391861309,1.7737333979497962,-0.4386417519090147,4.0,0,0,0
71038,1.494919323004496,1.369091939724005,1.6049939361533436,1,3.0,2.7862321298672263,1.0544763474763106,1.1462903922730248,1.7737333979497962,-0.4386417519090147,4.0,0,0,1
71038,-0.3716156151360374,-0.08578407991964813,-0.6277366208041241,2,4.0,-0.5929979295448121,-0.4764543560988444,-0.6371613391861309,-0.536423705272512,-0.4386417519090147,4.0,0,0,0
71038,-0.2354825969572303,-0.007142132911883102,0.3291479036062192,1,3.0,-0.4535760769004258,-0.26999433515895555,-0.6371613391861309,1.7737333979497962,2.567644400025545,4.0,0,0,0
71038,-0.15834055332257294,0.07149981409588194,-0.6277366208041241,2,3.0,-0.3328825328202108,-0.27376775590720415,-0.6371613391861309,-0.536423705272512,-0.4386417519090147,4.0,0,0,0
71038,0.42299785393729605,0.8579192841735322,0.9670709198797813,2,4.0,0.17259262357843258,0.2782297935508799,1.1462903922730248,0.2336286624682574,-0.4386417519090147,4.0,0,0,1
71038,0.17291645757919108,0.5826724696463547,0.010186395469438104,2,4.0,0.014442462369874993,0.0410433465181094,0.2545645265434469,-0.536423705272512,-0.4386417519090147,4.0,0,0,0
71038,0.21829413030546013,0.6219934431502372,0.6481094117430003,2,4.0,0.22177808041362992,0.08344940826033201,1.1462903922730248,-0.536423705272512,-0.4386417519090147,4.0,0,0,1
71038,-0.5755630442224355,-0.4789938149584733,-0.6277366208041241,1,1.0,-0.664411429372839,-0.5967882945437372,-0.6371613391861309,-0.536423705272512,-0.4386417519090147,4.0,0,0,0
70024,-0.40791775331705266,-0.08578407991964813,0.010186395469438104,2,1.0,-0.5466500952193377,-0.6100373812334584,0.1326488808382312,-0.536423705272512,-0.4386417519090147,4.0,0,0,1
70024,0.24047877030496945,0.5826724696463547,0.010186395469438104,1,2.0,0.5070537300577744,-0.5379072082846077,0.2545645265434469,-0.536423705272512,-0.4386417519090147,4.0,0,0,1
70024,-0.30707848059201037,0.032178840591999415,0.010186395469438104,1,1.0,-0.2148374364157372,-0.567330905785832,0.17793183495731132,-0.536423705272512,2.567644400025545,4.0,0,0,1
70024,-0.9348029533053988,-1.2064318247802999,-1.2656596370776863,2,1.0,-0.7286628651279654,-0.3362987283067527,-1.5288872049157087,-0.536423705272512,-0.4386417519090147,4.0,0,0,1
70024,-0.987743571486046,-1.4816786393074775,-1.2656596370776863,1,1.0,-0.7210889208867427,-0.3362987283067527,-1.5288872049157087,-0.536423705272512,-0.4386417519090147,4.0,0,0,1
70024,-1.0079114260310544,-1.5603205863152425,-1.2656596370776863,2,1.0,-0.7243856479953898,-0.3362987283067527,-1.5288872049157087,-0.536423705272512,-0.4386417519090147,4.0,0,0,1
70024,-0.682704771492793,-0.4789938149584733,-0.308775112667343,2,1.0,-0.6798291783423336,-0.6100373812334584,-0.191298406321342,-0.536423705272512,-0.4386417519090147,4.0,0,0,1
70024,-0.9247190260328946,-1.1081293910205936,-0.9466981289409051,1,1.0,-0.7449526149404746,-0.6129811547859425,-1.0830242720509198,-0.536423705272512,-0.4386417519090147,4.0,0,0,1
70024,-1.0558100805754496,-2.268098109385128,-1.9035826533512483,0,,-0.6093475354571358,-0.3362987283067527,0.21450652866887604,-0.536423705272512,-0.4386417519090147,4.0,0,0,1
70024,-0.7810230623997092,-0.754240629485651,-0.6277366208041241,2,1.0,-0.6612900446121438,-0.6129811547859425,-0.6371613391861309,-0.536423705272512,-0.4386417519090147,4.0,0,0,1
70024,-0.8818623351247515,-0.9508454970050635,-0.6277366208041241,1,1.0,-0.7232448027410943,-0.6100373812334584,-0.6371613391861309,-0.536423705272512,-0.4386417519090147,4.0,0,0,1
70024,-1.0442135642120698,-1.9338698346021264,-1.5846211452144674,1,1.0,-0.6756087690822671,-0.3362987283067527,-1.9747501377804977,-0.536423705272512,-0.4386417519090147,4.0,0,0,1
70024,-1.0479950369392588,-1.973190808106009,-1.5846211452144674,0,,-0.6704312510872623,-0.3362987283067527,-1.9747501377804977,-0.536423705272512,-0.4386417519090147,4.0,0,0,1
70024,-0.511278007860221,-0.20374700043129568,0.010186395469438104,1,1.0,-0.48762754701710087,-0.595317109668676,0.08736592671915107,-0.536423705272512,-0.4386417519090147,4.0,0,0,1
70024,-0.10287895332379965,0.307425655119177,0.010186395469438104,2,1.0,-0.5714319984709179,-0.6129811547859425,0.2545645265434469,0.2336286624682574,-0.4386417519090147,4.0,0,0,1
70024,-1.0570705714845126,-2.3467400563928926,-1.9035826533512483,0,,-0.5921666410104289,-0.3362987283067527,-2.420613070645287,-0.536423705272512,-0.4386417519090147,4.0,0,0,1
70025,-0.9121141169422643,-1.0294874440128285,-0.9466981289409051,1,1.0,-0.7387571391275796,-0.6100373812334584,-1.0830242720509198,-0.536423705272512,-0.4386417519090147,4.0,0,0,1
70025,-0.5238829169508513,-0.2430679739351782,-0.308775112667343,1,1.0,-0.14673449618238704,-0.5835476306681863,-0.191298406321342,-0.536423705272512,2.567644400025545,4.0,0,0,1
70025,-0.6675788805840366,-0.4396728414545908,0.010186395469438104,2,1.0,-0.4535760769004258,-0.6129811547859425,0.017699843459027805,-0.536423705272512,2.567644400025545,4.0,0,0,1
70025,-0.7482502987640705,-0.5969567354701208,-0.308775112667343,2,1.0,-0.5807015653360128,-0.6129811547859425,-0.191298406321342,-0.536423705272512,2.567644400025545,4.0,0,0,1
70025,-0.8364846623984825,-0.8918640367492398,-0.9466981289409051,2,1.0,-0.7263661875017895,-0.6129811547859425,-1.0830242720509198,-0.536423705272512,-0.4386417519090147,4.0,0,0,1
70025,-0.4961521169514647,-0.12510505342353065,-0.308775112667343,2,1.0,-0.4040122703972654,-0.6115085661085196,-0.191298406321342,-0.536423705272512,-0.4386417519090147,4.0,0,0,1
70025,-0.9322819714872728,-1.1867713380283587,-1.2656596370776863,2,1.0,-0.730569046362219,-0.3362987283067527,-1.5288872049157087,-0.536423705272512,-0.4386417519090147,4.0,0,0,1
70025,-0.3574981169545315,0.07149981409588194,0.010186395469438104,1,1.0,-0.5124094502686811,-0.5820652153742314,0.15529035789777126,-0.536423705272512,1.9663871696386335,4.0,0,0,1
70025,-0.10640832786917613,0.2681046816152945,0.3291479036062192,2,2.0,0.48208265197221273,-0.3567830123686738,0.7004274594082358,-0.536423705272512,-0.4386417519090147,4.0,0,0,1
70025,-0.9993400878494259,-1.4030366922997124,-1.2656596370776863,2,1.0,-0.7521946026096166,-0.3362987283067527,-1.5288872049157087,-0.536423705272512,-0.4386417519090147,4.0,0,0,1
70025,-1.0255582987579368,-1.7372649670827138,-1.5846211452144674,1,1.0,-0.701769394781117,-0.3362987283067527,-1.9747501377804977,-0.536423705272512,-0.4386417519090147,4.0,0,0,1
70026,-0.6083358078580743,-0.32170992094294326,-0.6277366208041241,1,1.0,-0.48460074967339645,-0.5967882945437372,-0.6371613391861309,-0.536423705272512,1.9663871696386335,4.0,0,0,1
70026,-0.5692605896771203,-0.40035186795070826,-0.308775112667343,1,1.0,-0.354448463894105,-0.595317109668676,-0.191298406321342,-0.536423705272512,-0.4386417519090147,4.0,0,0,1
70026,-0.42304364422580903,-0.16442602692741318,0.010186395469438104,1,1.0,-0.21181063907203274,-0.5806052609180637,0.12568227251221886,-0.536423705272512,2.567644400025545,4.0,0,0,1
70026,-0.9335424623963358,-1.1081293910205936,-0.9466981289409051,2,1.0,-0.7573435665662647,-0.6129811547859425,-1.0830242720509198,-0.536423705272512,-0.4386417519090147,4.0,0,0,1
70026,0.07106879212689834,0.34674662862305955,0.010186395469438104,2,2.0,0.12567726475101357,-0.5600086726672068,0.2545645265434469,-0.536423705272512,-0.4386417519090147,4.0,0,0,1
70026,-0.8490895714891128,-0.9311850102531223,-0.9466981289409051,1,1.0,-0.7232448027410943,-0.6085633887536738,-1.0830242720509198,-0.536423705272512,-0.4386417519090147,4.0,0,0,1
70026,-0.3272463351370188,0.032178840591999415,0.010186395469438104,2,1.0,-0.06917281424996047,-0.6100373812334584,0.16922357454979592,-0.536423705272512,-0.4386417519090147,4.0,0,0,1
70026,0.011573621219123375,0.4253885756308246,0.3291479036062192,1,4.0,0.051520729830254526,-0.5364247929906528,0.2545645265434469,0.2336286624682574,-0.4386417519090147,4.0,0,0,1
70026,-0.9713571896682266,-1.3047342585400061,-1.2656596370776863,1,1.0,-0.7450703411738289,-0.3362987283067527,-1.5288872049157087,-0.536423705272512,-0.4386417519090147,4.0,0,0,1
70026,-0.7684181533090789,-0.7149196559817684,-0.6277366208041241,1,1.0,-0.6333867565998683,-0.6056210190035514,-0.6371613391861309,-0.536423705272512,-0.4386417519090147,4.0,0,0,1
70026,-0.9902645533041721,-1.442357665803595,-1.2656596370776863,1,1.0,-0.7330923088847604,-0.3362987283067527,-1.5288872049157087,-0.536423705272512,-0.4386417519090147,4.0,0,0,1
70026,1.087528661195325,1.0545241516929449,0.6481094117430003,1,2.0,1.5270844348861745,-0.09623729403722141,0.7979599759724084,0.2336286624682574,2.567644400025545,4.0,0,0,1
70034,-0.5730420624043094,-0.32170992094294326,-0.308775112667343,2,1.0,-0.3790411923117037,-0.6100373812334584,-0.191298406321342,-0.536423705272512,2.567644400025545,4.0,0,0,1
70034,0.08316950485390343,0.4253885756308246,0.010186395469438104,1,4.0,0.556995886228898,-0.5437919477848525,0.2545645265434469,-0.536423705272512,-0.4386417519090147,4.0,0,0,1
70034,-0.30707848059201037,0.032178840591999415,-0.308775112667343,2,1.0,-0.5527036899067466,-0.6100373812334584,-0.191298406321342,-0.536423705272512,-0.4386417519090147,4.0,0,0,1
70034,-0.7469898078550075,-0.6362777089740034,-0.308775112667343,1,1.0,-0.6829505631030287,-0.6056210190035514,-0.191298406321342,-0.536423705272512,-0.4386417519090147,4.0,0,0,1
70034,-0.3701030260451618,-0.04646310641576562,0.010186395469438104,1,1.0,-0.2553208508877842,-0.5908923246245987,0.15006540165326201,-0.536423705272512,-0.4386417519090147,4.0,0,0,1
70034,-0.7974094442175286,-0.7935616029895335,-0.6277366208041241,1,1.0,-0.5807015653360128,-0.6070922038786125,-0.6371613391861309,-0.536423705272512,-0.4386417519090147,4.0,0,0,1
70034,-0.7293429351281251,-0.5183147884623558,-0.308775112667343,1,1.0,-0.6891933326244192,-0.6085633887536738,-0.191298406321342,-0.536423705272512,2.567644400025545,4.0,0,0,1
70034,-0.9234585351238315,-1.147450364524476,-0.9466981289409051,1,1.0,-0.7294402785539893,-0.6085633887536738,-1.0830242720509198,-0.536423705272512,-0.4386417519090147,4.0,0,1,0
70034,-0.946147371486966,-1.2654132850361237,-0.9466981289409051,1,1.0,-0.7270398919215376,-0.3362987283067527,-1.0830242720509198,-0.536423705272512,2.567644400025545,4.0,0,0,1
70034,-0.9700966987591636,-1.36371571879583,-1.2656596370776863,2,1.0,-0.7297956048687444,-0.3362987283067527,-1.5288872049157087,-0.536423705272512,1.9663871696386335,4.0,0,0,1
70034,-1.0104324078491804,-1.599641559819125,-1.2656596370776863,2,1.0,-0.7178429513812562,-0.3362987283067527,-1.5288872049157087,-0.536423705272512,-0.4386417519090147,4.0,0,0,1
70034,-1.0336254405759402,-1.8159069140904789,-1.5846211452144674,1,1.0,-0.6919604186924433,-0.3362987283067527,-1.9747501377804977,-0.536423705272512,-0.4386417519090147,4.0,0,0,1
70039,-0.43060658968018717,-0.2430679739351782,-0.308775112667343,1,1.0,0.02957644908839725,-0.5908923246245987,-0.191298406321342,-0.536423705272512,-0.4386417519090147,4.0,0,0,1
70039,-0.8528710442163019,-1.0098269572608873,-0.9466981289409051,1,1.0,-0.5807015653360128,-0.6070922038786125,-1.0830242720509198,-0.536423705272512,-0.4386417519090147,4.0,0,0,1
70039,-0.8629549714888061,-0.911524523501181,-0.9466981289409051,1,1.0,-0.7356357543668843,-0.6070922038786125,-1.0830242720509198,-0.536423705272512,1.9663871696386335,4.0,0,0,1
70039,-0.8049723896719068,-0.754240629485651,-0.9466981289409051,1,1.0,-0.7232448027410943,-0.6100373812334584,-1.0830242720509198,-0.536423705272512,1.9663871696386335,4.0,0,0,1
70039,-0.9486683533050921,-1.36371571879583,-0.9466981289409051,2,1.0,-0.7065876260751328,-0.3362987283067527,-1.0830242720509198,-0.536423705272512,-0.4386417519090147,4.0,0,0,1
70039,-0.947407862396029,-1.285073771788065,-1.2656596370776863,2,1.0,-0.7237685436144708,-0.3362987283067527,-1.5288872049157087,-0.536423705272512,2.567644400025545,4.0,0,0,1
70039,-1.0066509351219914,-1.5603205863152425,-1.2656596370776863,1,1.0,-0.7230204578299455,-0.3362987283067527,-1.5288872049157087,-0.536423705272512,-0.4386417519090147,4.0,0,0,1
70039,-1.033121244212315,-1.7765859405865962,-1.5846211452144674,2,1.0,-0.7006874126434985,-0.3362987283067527,-1.9747501377804977,-0.536423705272512,-0.4386417519090147,4.0,0,0,1
70039,-1.0568184733027,-2.30741908288901,-1.9035826533512483,0,,-0.6011666475926788,-0.3362987283067527,0.21450652866887604,-0.536423705272512,-0.4386417519090147,4.0,0,0,1
70039,-1.0570705714845126,-2.3467400563928926,-1.9035826533512483,0,,-0.5921666410104289,-0.3362987283067527,0.21450652866887604,-0.536423705272512,-0.4386417519090147,4.0,0,0,1
70039,-0.39279186240829633,-0.007142132911883102,0.010186395469438104,1,1.0,-0.1652736299125768,-0.5923747399185535,0.13961548916424352,-0.536423705272512,-0.4386417519090147,4.0,0,0,1
70039,-0.6045543351308852,-0.40035186795070826,-0.308775112667343,1,1.0,-0.41025503991865586,-0.6026730340439821,-0.191298406321342,-0.536423705272512,2.567644400025545,4.0,0,0,1
70039,-1.0532890987573236,-2.130474702121539,-1.9035826533512483,0,,-0.6390728320633007,-0.3362987283067527,-2.420613070645287,-0.536423705272512,-0.4386417519090147,4.0,0,0,1
70039,-0.02472851696189186,0.2681046816152945,0.3291479036062192,1,1.0,-0.09111709499181775,-0.579122845624109,0.3033307848255332,0.2336286624682574,-0.4386417519090147,4.0,0,0,1
70056,-0.7495107896731336,-0.7149196559817684,-0.308775112667343,1,1.0,-0.44127971269162647,-0.6056210190035514,-0.191298406321342,-0.536423705272512,-0.4386417519090147,4.0,0,0,1
70056,-0.5818654987677506,-0.16442602692741318,-0.6277366208041241,1,1.0,-0.664411429372839,-0.5938459247936148,-0.6371613391861309,-0.536423705272512,1.9663871696386335,4.0,0,0,1
70056,-0.8024514078537808,-0.7935616029895335,-0.6277366208041241,2,1.0,-0.5992406990662025,-0.6115085661085196,-0.6371613391861309,-0.536423705272512,-0.4386417519090147,4.0,0,0,1
70056,-0.8957277351244449,-1.0491479307647698,-0.6277366208041241,2,1.0,-0.6922201299681237,-0.6129811547859425,-0.6371613391861309,-0.536423705272512,-0.4386417519090147,4.0,0,0,1
70056,-0.9385844260325878,-1.226092311532241,-0.6277366208041241,1,1.0,-0.7281218740591562,-0.3362987283067527,-0.6371613391861309,-0.536423705272512,-0.4386417519090147,4.0,0,0,1
70056,-1.0003484805766762,-1.52099961281136,-1.2656596370776863,2,1.0,-0.7254676301330083,-0.3362987283067527,-1.5288872049157087,-0.536423705272512,2.567644400025545,4.0,0,0,1
70056,-1.0116928987582436,-1.599641559819125,-1.5846211452144674,2,1.0,-0.7192081184540695,-0.3362987283067527,-1.9747501377804977,-0.536423705272512,1.9663871696386335,4.0,0,0,1
70056,-0.6625369169477845,-0.4396728414545908,-0.308775112667343,1,1.0,-0.6550472750907533,-0.5967882945437372,-0.191298406321342,-0.536423705272512,-0.4386417519090147,4.0,0,0,1
70056,-0.5329584514961051,-0.2430679739351782,-0.308775112667343,1,1.0,-0.48157395232969197,-0.5850075851243539,-0.191298406321342,-0.536423705272512,-0.4386417519090147,4.0,0,0,1
70056,-1.0303481642123764,-1.7765859405865962,-1.5846211452144674,1,1.0,-0.6976840081350997,-0.3362987283067527,-1.9747501377804977,-0.536423705272512,-0.4386417519090147,4.0,0,0,1
70056,-0.0701061896881609,0.34674662862305955,0.6481094117430003,1,1.0,0.6220720291185436,-0.6026730340439821,0.2841726119289993,0.2336286624682574,1.9663871696386335,4.0,0,0,1
70056,-0.3448932078639012,0.15014176110364696,-0.308775112667343,2,1.0,-0.6581686598514486,-0.6100373812334584,-0.191298406321342,-0.536423705272512,-0.4386417519090147,4.0,0,0,1
70056,-1.0522807060300732,-2.0911537286176567,-1.9035826533512483,0,,-0.6472537314740733,-0.3362987283067527,0.21450652866887604,-0.536423705272512,-0.4386417519090147,4.0,0,0,1
70056,-1.0565663751208874,-2.3467400563928926,-1.9035826533512483,0,,-0.5916205695627774,-0.3362987283067527,0.21450652866887604,-0.536423705272512,-0.4386417519090147,4.0,0,0,1
70056,-1.0548016878481992,-2.209116649129304,-1.9035826533512483,0,,-0.622164961794104,-0.3362987283067527,0.21450652866887604,-0.536423705272512,-0.4386417519090147,4.0,0,0,1
70056,0.3040075121217461,0.6613144166541197,0.3291479036062192,1,4.0,-0.1001974870229311,-0.562928581579542,0.2545645265434469,0.2336286624682574,1.9663871696386335,4.0,0,0,1
70056,-0.10136636423292403,0.4253885756308246,0.6481094117430003,1,4.0,-0.5682160262932319,-0.5806052609180637,0.7004274594082358,0.2336286624682574,2.567644400025545,4.0,0,0,1
70068,-0.9763991533044787,-1.4030366922997124,-1.2656596370776863,2,1.0,-0.7273484325656816,-0.3362987283067527,-1.5288872049157087,-0.536423705272512,-0.4386417519090147,4.0,0,0,1
70068,-0.9234585351238315,-1.1867713380283587,-0.9466981289409051,1,1.0,-0.7210128306672641,-0.3362987283067527,-1.0830242720509198,-0.536423705272512,-0.4386417519090147,4.0,0,0,1
70068,-1.0016089714857392,-1.5603205863152425,-1.2656596370776863,1,1.0,-0.7175597664460615,-0.3362987283067527,-1.5288872049157087,-0.536423705272512,-0.4386417519090147,4.0,0,0,1
70068,-1.033121244212315,-1.8159069140904789,-1.5846211452144674,2,1.0,-0.6914143587911074,-0.3362987283067527,-1.9747501377804977,-0.536423705272512,-0.4386417519090147,4.0,0,0,1
70068,-1.0469866442120084,-1.9928512948579502,-1.5846211452144674,0,,-0.6647025928120792,-0.3362987283067527,-1.9747501377804977,-0.536423705272512,-0.4386417519090147,4.0,0,0,1
70068,-1.0540453933027614,-2.15013518887348,-1.9035826533512483,0,,-0.6352554123085824,-0.3362987283067527,0.21450652866887604,-0.536423705272512,-0.4386417519090147,4.0,0,0,1
70068,-1.0570705714845126,-2.3467400563928926,-1.9035826533512483,0,,-0.5921666410104289,-0.3362987283067527,0.21450652866887604,-0.536423705272512,-0.4386417519090147,4.0,0,0,1
70124,-0.9360634442144617,-1.1867713380283587,-0.9466981289409051,1,1.0,-0.7346645706732897,-0.3362987283067527,-1.0830242720509198,-0.536423705272512,-0.4386417519090147,4.0,0,0,1
70124,-1.031860753303252,-1.7765859405865962,-1.5846211452144674,2,1.0,-0.6993222224780542,-0.3362987283067527,-1.9747501377804977,-0.536423705272512,-0.4386417519090147,4.0,0,0,1
70124,-0.7671576624000159,-0.7149196559817684,-0.9466981289409051,2,1.0,-0.6829505631030287,-0.6115085661085196,-1.0830242720509198,-0.536423705272512,-0.4386417519090147,4.0,0,0,1
70124,-0.20371822604884196,0.1894627346075295,0.6481094117430003,2,2.0,-0.3574752612378095,-0.16415886750569658,1.1462903922730248,-0.536423705272512,2.567644400025545,4.0,0,0,1
70124,0.19610949030595082,0.4647095491347071,0.6481094117430003,2,1.0,0.38976533298922694,-0.6129811547859425,0.7004274594082358,0.2336286624682574,-0.4386417519090147,4.0,0,0,1
70124,-1.0142138805763696,-1.6389625333230076,-1.2656596370776863,1,1.0,-0.7126654218399359,-0.3362987283067527,-1.5288872049157087,-0.536423705272512,-0.4386417519090147,4.0,0,0,1
70124,-1.0462303496665706,-1.9535303213540676,-1.5846211452144674,0,,-0.6731565279466776,-0.3362987283067527,-1.9747501377804977,-0.536423705272512,-0.4386417519090147,4.0,0,0,1
70124,0.24652912666847196,0.6219934431502372,0.3291479036062192,1,4.0,-0.1342489571396062,-0.5732381061238642,0.7004274594082358,-0.536423705272512,1.9663871696386335,4.0,0,0,1
70124,-0.11548386241442994,0.228783708111412,0.3291479036062192,1,2.0,-0.18721791065443408,-0.2450178835395956,0.2545645265434469,0.2336286624682574,-0.4386417519090147,4.0,0,0,1
70124,-0.9196770623966424,-1.1277898777725348,-1.2656596370776863,1,1.0,-0.7511480907533696,-0.6100373812334584,-1.5288872049157087,-0.536423705272512,-0.4386417519090147,4.0,0,0,1
70124,-1.055557982393637,-2.2287771358812454,-1.9035826533512483,0,,-0.6183475420393857,-0.3362987283067527,0.21450652866887604,-0.536423705272512,-0.4386417519090147,4.0,0,0,1
70155,-0.4795136369518327,-0.20374700043129568,0.3291479036062192,1,2.0,-0.3669340029368859,-0.3303690671309335,0.7004274594082358,-0.536423705272512,-0.4386417519090147,4.0,0,0,1
70155,0.5187951630260862,0.7006353901580022,0.9670709198797813,1,2.0,0.24069556381178273,-0.05347185889040369,1.1462903922730248,0.2336286624682574,-0.4386417519090147,4.0,0,0,1
70155,-0.6978306624015493,-0.5969567354701208,-0.9466981289409051,2,1.0,-0.5807015653360128,-0.6100373812334584,-1.0830242720509198,-0.536423705272512,-0.4386417519090147,4.0,0,0,1
70155,-0.8289217169441043,-0.7935616029895335,-0.9466981289409051,2,1.0,-0.6241171897347735,-0.6115085661085196,-1.0830242720509198,-0.536423705272512,-0.4386417519090147,4.0,0,0,1
70155,-0.9322819714872728,-1.2064318247802999,-0.9466981289409051,1,1.0,-0.7259325309823389,-0.3362987283067527,-1.0830242720509198,-0.536423705272512,-0.4386417519090147,4.0,0,1,0
70155,-1.0308523605760016,-1.6979439935788314,-1.5846211452144674,2,1.0,-0.7167761641949024,-0.3362987283067527,-1.9747501377804977,-0.536423705272512,-0.4386417519090147,4.0,0,0,1
70155,-1.0424488769393814,-1.894548861098244,-1.5846211452144674,1,1.0,-0.6829705613215624,-0.3362987283067527,-1.9747501377804977,-0.536423705272512,-0.4386417519090147,4.0,0,0,1
70155,-0.9990879896676133,-1.4620181525555362,-0.9466981289409051,1,1.0,-0.7380120091998352,-0.3362987283067527,-1.0830242720509198,-0.536423705272512,2.567644400025545,4.0,0,1,0
70155,-0.36859043695428617,-0.007142132911883102,-0.308775112667343,2,2.0,-0.39152673135448457,-0.23459605480633752,-0.191298406321342,-0.536423705272512,1.9663871696386335,4.0,0,0,1
70155,0.7950947702927021,0.9758822046851798,0.9670709198797813,1,5.0,1.334882803560942,-0.5658934121674516,1.5921533251378137,-0.536423705272512,-0.4386417519090147,4.0,0,0,1
70155,-0.8843833169428776,-0.990166470508946,-0.9466981289409051,2,1.0,-0.7232448027410943,-0.6115085661085196,-1.0830242720509198,-0.536423705272512,-0.4386417519090147,4.0,0,0,1
70155,-1.0490034296665092,-2.051832755113774,-1.9035826533512483,0,,-0.6529773093704141,-0.3362987283067527,0.21450652866887604,-0.536423705272512,-0.4386417519090147,4.0,0,0,1
70155,-1.0565663751208874,-2.2877585961370692,-1.9035826533512483,0,,-0.605530127248733,-0.3362987283067527,0.21450652866887604,-0.536423705272512,-0.4386417519090147,4.0,0,0,1
70315,-0.42354784058943423,-0.08578407991964813,-0.308775112667343,1,1.0,-0.5929979295448121,-0.5938459247936148,-0.191298406321342,-0.536423705272512,-0.4386417519090147,4.0,0,0,1
70315,-0.9176602769421416,-1.1081293910205936,-1.2656596370776863,1,1.0,-0.7666367802856073,-0.6129811547859425,-1.5288872049157087,-0.536423705272512,1.9663871696386335,4.0,0,0,1
70315,-0.13464332423218797,0.307425655119177,0.010186395469438104,2,1.0,-0.48762754701710087,-0.6085633887536738,0.2545645265434469,0.2336286624682574,-0.4386417519090147,4.0,0,0,1
70315,-1.0220289242125604,-1.67828350682689,-1.5846211452144674,2,1.0,-0.7118564638798276,-0.3362987283067527,-1.9747501377804977,-0.536423705272512,-0.4386417519090147,4.0,0,0,1
70315,1.085511875740824,0.8972402576774148,1.6049939361533436,2,2.0,0.8702694113023086,0.3098546531552493,0.7004274594082358,2.543785765690566,-0.4386417519090147,4.0,0,0,1
70315,-0.7416957460369428,-0.5576357619662383,-0.6277366208041241,1,1.0,-0.7356357543668843,-0.6056210190035514,-0.6371613391861309,-0.536423705272512,-0.4386417519090147,4.0,0,0,1
70315,-0.32472535331889274,0.032178840591999415,-0.308775112667343,2,1.0,-0.6054834685875929,-0.6129811547859425,-0.191298406321342,-0.536423705272512,-0.4386417519090147,4.0,0,0,1
70315,-1.0462303496665706,-1.9928512948579502,-1.5846211452144674,0,,-0.663883485640602,-0.3362987283067527,-1.9747501377804977,-0.536423705272512,-0.4386417519090147,4.0,0,0,1
70315,-1.0326170478486898,-1.7765859405865962,-1.5846211452144674,2,1.0,-0.700141341195847,-0.3362987283067527,-1.9747501377804977,-0.536423705272512,-0.4386417519090147,4.0,0,0,1
70315,-0.7679139569454537,-0.7149196559817684,-0.6277366208041241,1,1.0,-0.7356357543668843,-0.6056210190035514,-0.6371613391861309,-0.536423705272512,-0.4386417519090147,4.0,0,0,1
70315,-0.8742993896703734,-0.9311850102531223,-0.9466981289409051,2,1.0,-0.6798291783423336,-0.6129811547859425,-1.0830242720509198,-0.536423705272512,-0.4386417519090147,4.0,0,0,1
70315,-0.9529540223959064,-1.2654132850361237,-0.9466981289409051,1,1.0,-0.7344118218258864,-0.3362987283067527,-1.0830242720509198,-0.536423705272512,-0.4386417519090147,4.0,0,0,1
70315,-0.6282515642212702,-0.36103089444682573,-0.6277366208041241,1,1.0,-0.6426563234649633,-0.6026730340439821,-0.6371613391861309,-0.536423705272512,-0.4386417519090147,4.0,0,0,1
70315,-1.0553058842118244,-2.2484376226331864,-1.9035826533512483,0,,-0.6134379909356799,-0.3362987283067527,-2.420613070645287,-0.536423705272512,-0.4386417519090147,4.0,0,0,1
70315,-1.0570705714845126,-2.366400543144834,-1.9035826533512483,0,,-0.5875301256305488,-0.3362987283067527,-2.420613070645287,-0.536423705272512,-0.4386417519090147,4.0,0,0,1
70322,-0.9695925023955384,-1.285073771788065,-1.2656596370776863,1,1.0,-0.7477956180332441,-0.3362987283067527,-1.5288872049157087,-0.536423705272512,-0.4386417519090147,4.0,0,0,1
70322,-0.9751386623954157,-1.3833762055477712,-1.2656596370776863,1,1.0,-0.7306197808727484,-0.3362987283067527,-1.5288872049157087,-0.536423705272512,-0.4386417519090147,4.0,0,0,1
70322,-0.9302651860327719,-1.1081293910205936,-1.2656596370776863,1,1.0,-0.7573435665662647,-0.6100373812334584,-1.5288872049157087,-0.536423705272512,-0.4386417519090147,4.0,0,0,1
70322,-0.32119597877351624,0.032178840591999415,-0.308775112667343,1,2.0,-0.14673449618238704,-0.5084385891078089,-0.191298406321342,-0.536423705272512,-0.4386417519090147,4.0,0,0,1
70322,-0.11245868423267867,0.228783708111412,0.010186395469438104,2,2.0,-0.43182097099255007,-0.10522162915209907,0.2545645265434469,-0.536423705272512,2.567644400025545,4.0,0,0,1
70322,-0.558672466040991,-0.20374700043129568,0.010186395469438104,2,1.0,-0.3884999340107801,-0.6100373812334584,0.0664661017411141,-0.536423705272512,-0.4386417519090147,4.0,0,0,1
70322,-0.6015291569491339,-0.40035186795070826,0.010186395469438104,1,2.0,-0.4567920490781118,-0.5320224687843628,0.2545645265434469,-0.536423705272512,-0.4386417519090147,4.0,0,0,1
70322,-0.47648845877008145,-0.04646310641576562,-0.308775112667343,1,1.0,-0.3328825328202108,-0.5850075851243539,-0.191298406321342,-0.536423705272512,-0.4386417519090147,4.0,0,0,1
70322,-0.8526189460344893,-0.8328825764934159,-0.9466981289409051,2,1.0,-0.7170493269281992,-0.6100373812334584,-1.0830242720509198,-0.536423705272512,-0.4386417519090147,4.0,0,0,1
70322,-0.7285866405826872,-0.5969567354701208,-0.6277366208041241,2,1.0,-0.5373805283542428,-0.6115085661085196,-0.6371613391861309,-0.536423705272512,-0.4386417519090147,4.0,0,0,1
70322,-1.0124491933036814,-1.599641559819125,-1.5846211452144674,2,1.0,-0.7200272140792312,-0.3362987283067527,-1.9747501377804977,-0.536423705272512,-0.4386417519090147,4.0,0,0,1
70350,-0.08220690241516598,0.3860676021269421,0.6481094117430003,2,2.0,-0.4070390677409699,-0.5938459247936148,0.2789476556844901,0.2336286624682574,-0.4386417519090147,4.0,0,0,1
70350,-0.8788371569430002,-0.911524523501181,-0.9466981289409051,2,1.0,-0.7480503528469221,-0.6129811547859425,-1.0830242720509198,-0.536423705272512,-0.4386417519090147,4.0,0,0,1
70350,-0.44573248058894355,-0.12510505342353065,0.010186395469438104,2,2.0,-0.5744587958146223,-0.28472864474735493,0.2545645265434469,-0.536423705272512,-0.4386417519090147,4.0,0,0,1
70350,-0.6685872733112871,-0.5183147884623558,0.010186395469438104,1,1.0,-0.5682160262932319,-0.5982594794187984,0.017699843459027805,-0.536423705272512,-0.4386417519090147,4.0,0,0,1
70350,-0.3217001751371415,0.11082078759976445,0.010186395469438104,1,1.0,-0.5311377588328524,-0.579122845624109,0.170965226631299,-0.536423705272512,-0.4386417519090147,4.0,0,0,1
70350,-0.9595085751230341,-1.2457527982841823,-1.2656596370776863,2,1.0,-0.7461472660252362,-0.3362987283067527,-1.5288872049157087,-0.536423705272512,-0.4386417519090147,4.0,0,0,1
70350,-1.0311044587578142,-1.7962464273385377,-1.5846211452144674,2,1.0,-0.6938665999266969,-0.3362987283067527,-1.9747501377804977,-0.536423705272512,-0.4386417519090147,4.0,0,0,1
70350,-0.5556472878592397,-0.32170992094294326,0.010186395469438104,2,2.0,-0.6302653718391732,-0.3819391506903313,0.2545645265434469,-0.536423705272512,2.567644400025545,4.0,0,0,1
70350,-0.7356453896734402,-0.6755986824778859,-0.9466981289409051,2,1.0,-0.6116316506919927,-0.6129811547859425,-1.0830242720509198,-0.536423705272512,-0.4386417519090147,4.0,0,0,1
70350,0.19207591939694912,0.6613144166541197,0.6481094117430003,1,5.0,-0.04760688317606626,-0.5408720388725173,-0.191298406321342,1.7737333979497962,2.567644400025545,4.0,0,0,1
70350,-0.9146350987603903,-1.068808417516711,-0.9466981289409051,1,1.0,-0.7604413044727122,-0.6129811547859425,-1.0830242720509198,-0.536423705272512,-0.4386417519090147,4.0,0,0,1
70354,-0.000527091507881704,0.4647095491347071,0.6481094117430003,2,1.0,-0.2678063899305651,-0.6026730340439821,0.3137806973145517,0.2336286624682574,-0.4386417519090147,4.0,0,0,1
70354,-0.196659476958089,0.1894627346075295,0.010186395469438104,1,1.0,-0.5341645561765568,-0.5879499548744763,0.2266980932393976,-0.536423705272512,-0.4386417519090147,4.0,0,0,1
70354,-0.256154647865864,0.2681046816152945,0.3291479036062192,2,1.0,-0.6023620838268977,-0.6070922038786125,0.20057331201685138,-0.536423705272512,-0.4386417519090147,4.0,0,0,1
70354,-0.4527912296796965,-0.12510505342353065,0.010186395469438104,1,1.0,-0.4535760769004258,-0.5879499548744763,0.1134907079416973,-0.536423705272512,-0.4386417519090147,4.0,0,0,1
70354,0.2001430612149525,0.7399563636618847,0.6481094117430003,1,1.0,-0.23678171715759447,-0.5644109968734968,0.40434660555271196,0.2336286624682574,-0.4386417519090147,4.0,0,0,1
70354,-0.5919494260402549,-0.20374700043129568,0.3291479036062192,2,1.0,-0.7356357543668843,-0.6100373812334584,0.05079123300758636,-0.536423705272512,2.567644400025545,4.0,0,0,1
70354,-0.7442167278550688,-0.7149196559817684,-0.9466981289409051,1,1.0,-0.6147530354526878,-0.6085633887536738,-1.0830242720509198,-0.536423705272512,-0.4386417519090147,4.0,0,0,1
70354,-0.9610211642139098,-1.285073771788065,-1.2656596370776863,1,1.0,-0.7385124265157995,-0.3362987283067527,-1.5288872049157087,-0.536423705272512,-0.4386417519090147,4.0,0,0,1
70354,-0.7084187860376787,-0.5183147884623558,-0.308775112667343,1,1.0,-0.6860719478637239,-0.6012018491689208,-0.191298406321342,-0.536423705272512,-0.4386417519090147,4.0,0,0,1
70354,-0.9912729460314225,-1.4226971790516536,-1.2656596370776863,2,1.0,-0.7388209671599435,-0.3362987283067527,-1.5288872049157087,-0.536423705272512,-0.4386417519090147,4.0,0,0,1
70354,-1.013961782394557,-1.6193020465710664,-1.5846211452144674,1,1.0,-0.7170289130423056,-0.3362987283067527,-1.9747501377804977,-0.536423705272512,-0.4386417519090147,4.0,0,0,1
70354,-0.840014036943859,-0.8918640367492398,-0.6277366208041241,1,1.0,-0.7418312301797794,-0.6100373812334584,-0.6371613391861309,-0.536423705272512,-0.4386417519090147,4.0,0,0,1
70354,-0.9121141169422643,-1.068808417516711,-0.9466981289409051,1,1.0,-0.7697463416191787,-0.6115085661085196,-1.0830242720509198,-0.536423705272512,-0.4386417519090147,4.0,0,0,1
70357,-0.1139712733235543,0.228783708111412,0.3291479036062192,2,2.0,0.23464196912437382,-0.14044022280241955,-0.191298406321342,1.0036810302090269,-0.4386417519090147,4.0,0,0,1
70357,-0.518336756950974,-0.2430679739351782,0.010186395469438104,2,2.0,-0.5063558555812722,-0.22597109309605495,0.2545645265434469,-0.536423705272512,-0.4386417519090147,4.0,0,0,1
70357,-0.6499320078571542,-0.5183147884623558,-0.308775112667343,2,2.0,-0.6705596114772386,-0.46136067310584994,-0.6371613391861309,0.2336286624682574,-0.4386417519090147,4.0,0,0,1
70357,-0.47598426240645625,-0.08578407991964813,0.010186395469438104,2,2.0,-0.5186522197900715,-0.32587689957349464,0.2545645265434469,-0.536423705272512,-0.4386417519090147,4.0,0,0,1
70357,-0.41144712786242915,0.032178840591999415,-0.308775112667343,2,1.0,-0.5527036899067466,-0.6070922038786125,-0.191298406321342,-0.536423705272512,2.567644400025545,4.0,0,0,1
70357,-0.9559792005776576,-1.226092311532241,-0.9466981289409051,2,1.0,-0.7469612812715556,-0.3362987283067527,-1.0830242720509198,-0.536423705272512,-0.4386417519090147,4.0,0,0,1
70357,-0.8460643933073615,-0.8328825764934159,-0.6277366208041241,1,1.0,-0.7418312301797794,-0.6100373812334584,-0.6371613391861309,-0.536423705272512,-0.4386417519090147,4.0,0,0,1
70357,-0.7477461024004453,-0.5969567354701208,-0.6277366208041241,1,1.0,-0.6953415147288189,-0.6070922038786125,-0.6371613391861309,-0.536423705272512,-0.4386417519090147,4.0,0,0,1
70357,-0.9932897314859234,-1.4226971790516536,-1.2656596370776863,2,1.0,-0.7410052529505495,-0.3362987283067527,-1.5288872049157087,-0.536423705272512,-0.4386417519090147,4.0,0,0,1
70357,-0.8939630478517566,-0.990166470508946,-0.9466981289409051,2,1.0,-0.6705596114772386,-0.6115085661085196,-1.0830242720509198,-0.536423705272512,-0.4386417519090147,4.0,0,0,1
70360,4.056236850220571,2.07686946279389,1.9239554442901246,1,2.0,1.8433847573032898,0.813696166397589,1.1462903922730248,2.543785765690566,2.567644400025545,4.0,0,0,1
70360,-0.6610243278569089,-0.40035186795070826,-0.6277366208041241,2,1.0,-0.5373805283542428,-0.6129811547859425,-0.6371613391861309,-0.536423705272512,1.9663871696386335,4.0,0,0,1
70360,-0.475480066042831,-0.12510505342353065,0.010186395469438104,1,1.0,-0.6054834685875929,-0.5908923246245987,0.10304079545267882,-0.536423705272512,-0.4386417519090147,4.0,0,0,1
70360,-1.042700975121194,-1.9142093478501852,-1.5846211452144674,2,1.0,-0.6786070816655082,-0.3362987283067527,-1.9747501377804977,-0.536423705272512,-0.4386417519090147,4.0,0,0,1
70360,-0.932786167850898,-1.1277898777725348,-1.2656596370776863,1,1.0,-0.7604413044727122,-0.6115085661085196,-1.5288872049157087,-0.536423705272512,-0.4386417519090147,4.0,0,0,1
70360,-0.24153295332073285,0.2681046816152945,0.010186395469438104,2,4.0,-0.4690884132869111,-0.6129811547859425,0.2545645265434469,-0.536423705272512,-0.4386417519090147,4.0,0,0,1
70360,-0.9443826842142778,-1.1867713380283587,-0.9466981289409051,2,1.0,-0.7436747380132241,-0.3362987283067527,-1.0830242720509198,-0.536423705272512,-0.4386417519090147,4.0,0,0,1
70360,-0.5526221096774884,-0.20374700043129568,-0.308775112667343,2,1.0,-0.7108538511153042,-0.6129811547859425,-0.191298406321342,-0.536423705272512,-0.4386417519090147,4.0,0,0,1
70360,-0.4820346187699588,0.11082078759976445,0.3291479036062192,2,1.0,-0.562162431605823,-0.6129811547859425,0.2545645265434469,0.2336286624682574,2.567644400025545,4.0,0,0,1
70360,0.14064789030717753,0.4253885756308246,0.010186395469438104,1,1.0,0.9746939196601122,-0.5585262573732519,0.2545645265434469,0.2336286624682574,-0.4386417519090147,4.0,0,0,1
70360,-0.98522258966792,-1.3833762055477712,-1.2656596370776863,1,1.0,-0.7415411636405165,-0.3362987283067527,-1.5288872049157087,-0.536423705272512,-0.4386417519090147,4.0,0,0,1
70360,-1.0537932951209488,-2.15013518887348,-1.9035826533512483,0,,-0.6349823765847566,-0.3362987283067527,0.21450652866887604,-0.536423705272512,-0.4386417519090147,4.0,0,0,1
70360,0.3040075121217461,0.8579192841735322,0.6481094117430003,1,1.0,-0.42576737630514117,-0.567330905785832,0.4496295596717921,0.2336286624682574,-0.4386417519090147,4.0,0,0,1
70360,-0.8143000223989733,-0.754240629485651,-0.9466981289409051,1,1.0,-0.7418312301797794,-0.6100373812334584,-1.0830242720509198,-0.536423705272512,-0.4386417519090147,4.0,0,0,1
70369,-0.2264070624119765,0.2681046816152945,0.010186395469438104,1,1.0,-0.48762754701710087,-0.5850075851243539,0.21450652866887604,0.2336286624682574,-0.4386417519090147,4.0,0,0,1
70369,-0.7210236951283091,-0.5969567354701208,-0.6277366208041241,2,1.0,-0.6798291783423336,-0.6129811547859425,-0.6371613391861309,-0.536423705272512,-0.4386417519090147,4.0,0,0,1
70369,-0.33934704786402387,-0.12510505342353065,0.3291479036062192,2,2.0,-0.4690884132869111,-0.3201269250999729,0.2545645265434469,0.2336286624682574,-0.4386417519090147,4.0,0,0,1
70369,0.1174548575804178,0.4647095491347071,0.6481094117430003,2,4.0,-0.07219961159366492,-0.5908923246245987,0.7004274594082358,0.2336286624682574,-0.4386417519090147,4.0,0,0,1
70369,-1.030600262394189,-1.7372649670827138,-1.5846211452144674,1,1.0,-0.707230086165001,-0.3362987283067527,-1.9747501377804977,-0.536423705272512,-0.4386417519090147,4.0,0,0,1
70369,-1.0316086551214394,-1.7962464273385377,-1.5846211452144674,2,1.0,-0.6944126598280328,-0.3362987283067527,-1.9747501377804977,-0.536423705272512,-0.4386417519090147,4.0,0,0,1
70369,-1.0058946405765536,-1.52099961281136,-1.2656596370776863,1,1.0,-0.7314743929645439,-0.3362987283067527,-1.5288872049157087,-0.536423705272512,-0.4386417519090147,4.0,0,0,1
70369,-0.9469036660324038,-1.226092311532241,-0.9466981289409051,2,1.0,-0.7371320413990905,-0.3362987283067527,-1.0830242720509198,-0.536423705272512,-0.4386417519090147,4.0,0,0,1
70369,0.8707242248364839,1.1724870722045924,1.6049939361533436,2,4.0,-0.48157395232969197,-0.5938459247936148,1.1462903922730248,1.7737333979497962,-0.4386417519090147,4.0,0,0,1
70370,-0.31262464059188766,0.07149981409588194,0.010186395469438104,1,1.0,-0.4443065100353309,-0.5820652153742314,0.17619018287580823,-0.536423705272512,-0.4386417519090147,4.0,0,0,1
70370,-0.6842173605836687,-0.5183147884623558,-0.6277366208041241,2,1.0,-0.6550472750907533,-0.6129811547859425,-0.6371613391861309,-0.536423705272512,-0.4386417519090147,4.0,0,0,1
70370,-0.8556441242162406,-0.8918640367492398,-0.9466981289409051,2,1.0,-0.7294402785539893,-0.6129811547859425,-1.0830242720509198,-0.536423705272512,-0.4386417519090147,4.0,0,0,1
70370,-0.704385215128677,-0.5969567354701208,-0.6277366208041241,2,1.0,-0.6922201299681237,-0.6129811547859425,-0.6371613391861309,-0.536423705272512,-0.4386417519090147,4.0,0,0,1
70370,-0.5647228224044935,-0.36103089444682573,-0.308775112667343,1,1.0,-0.45054927955672136,-0.5967882945437372,-0.191298406321342,-0.536423705272512,-0.4386417519090147,4.0,0,0,1
70370,-0.492118546042463,-0.08578407991964813,0.010186395469438104,1,1.0,-0.5682160262932319,-0.5908923246245987,0.09607418712666649,-0.536423705272512,-0.4386417519090147,4.0,0,0,1
70370,-0.98522258966792,-1.442357665803595,-1.2656596370776863,2,1.0,-0.7276316175008763,-0.3362987283067527,-1.5288872049157087,-0.536423705272512,-0.4386417519090147,4.0,0,0,1
70370,-0.8954756369426322,-0.990166470508946,-0.9466981289409051,1,1.0,-0.7542458286598172,-0.6100373812334584,-1.0830242720509198,-0.536423705272512,-0.4386417519090147,4.0,0,0,1
70370,-1.0568184733027,-2.3467400563928926,-1.9035826533512483,0,,-0.5918935937402876,-0.3362987283067527,0.21450652866887604,-0.536423705272512,-0.4386417519090147,4.0,0,0,1
70370,-1.0406841896666932,-1.8552278875943613,-1.5846211452144674,1,1.0,-0.6903323651071733,-0.3362987283067527,-1.9747501377804977,-0.536423705272512,-0.4386417519090147,4.0,0,0,1
70370,-1.0563142769390748,-2.2877585961370692,-1.9035826533512483,0,,-0.6052570915249073,-0.3362987283067527,0.21450652866887604,-0.536423705272512,-0.4386417519090147,4.0,0,0,1
70370,-0.9463994696687786,-1.2654132850361237,-1.2656596370776863,2,1.0,-0.7273129160990479,-0.3362987283067527,-1.5288872049157087,-0.536423705272512,-0.4386417519090147,4.0,0,0,1
70370,0.18501717030619616,0.6219934431502372,0.010186395469438104,2,1.0,0.37387464693477857,-0.6115085661085196,0.2545645265434469,0.2336286624682574,-0.4386417519090147,4.0,0,0,1
70370,-0.18102938968570745,0.228783708111412,0.010186395469438104,2,1.0,-0.27688678196167843,-0.6129811547859425,0.23366470156540994,0.2336286624682574,1.9663871696386335,4.0,0,0,1
70370,-1.0492555278483218,-2.0714932418657153,-1.9035826533512483,0,,-0.6486138297143598,-0.3362987283067527,0.21450652866887604,-0.536423705272512,-0.4386417519090147,4.0,0,0,1
70423,-0.7376621751279411,-0.6755986824778859,-0.308775112667343,2,1.0,-0.5496768925630421,-0.6129811547859425,-0.191298406321342,-0.536423705272512,2.567644400025545,2.0,0,0,1
70423,-0.8238797533078522,-0.8918640367492398,-0.6277366208041241,2,1.0,-0.6488990929863536,-0.6129811547859425,-0.6371613391861309,-0.536423705272512,-0.4386417519090147,4.0,0,0,1
70423,-0.9761470551226661,-1.4030366922997124,-0.9466981289409051,1,1.0,-0.7270754083881714,-0.3362987283067527,-1.0830242720509198,-0.536423705272512,-0.4386417519090147,4.0,0,0,1
70423,-1.0285834769396882,-1.7962464273385377,-1.5846211452144674,2,1.0,-0.6911362426884393,-0.3362987283067527,-1.9747501377804977,-0.536423705272512,-0.4386417519090147,4.0,0,0,1
70423,-0.9156434914876407,-1.1867713380283587,-0.9466981289409051,2,1.0,-0.7125487578676123,-0.3362987283067527,-1.0830242720509198,-0.536423705272512,-0.4386417519090147,4.0,0,0,1
70423,-1.0502639205755722,-2.0911537286176567,-1.5846211452144674,0,,-0.6450694456834672,-0.3362987283067527,-1.9747501377804977,-0.536423705272512,-0.4386417519090147,4.0,0,0,1
70425,-0.6847215569472939,-0.754240629485651,-0.9466981289409051,1,1.0,-0.698462899489514,-0.6100373812334584,-1.0830242720509198,-0.536423705272512,-0.4386417519090147,4.0,0,0,1
70425,-1.019003746030809,-1.67828350682689,-1.5846211452144674,1,1.0,-0.7085800582865496,-0.3362987283067527,-1.9747501377804977,-0.536423705272512,-0.4386417519090147,4.0,0,0,1
70425,-0.9499288442141551,-1.2654132850361237,-1.2656596370776863,2,1.0,-0.7311354162326085,-0.3362987283067527,-1.5288872049157087,-0.536423705272512,-0.4386417519090147,4.0,0,0,1
70425,-0.816316807853474,-0.8132220897414747,-0.6277366208041241,1,1.0,-0.6488990929863536,-0.5467567783727622,-0.6371613391861309,-0.536423705272512,-0.4386417519090147,4.0,0,0,1
70425,-0.6443858478572769,-0.4396728414545908,-0.6277366208041241,2,1.0,-0.5929979295448121,-0.6129811547859425,-0.6371613391861309,-0.536423705272512,-0.4386417519090147,4.0,0,0,1
70425,-0.4890933678607117,-0.2430679739351782,-0.308775112667343,1,5.0,-0.42576737630514117,-0.5997306642938597,-0.191298406321342,-0.536423705272512,-0.4386417519090147,4.0,0,0,1
70425,-0.4820346187699588,-0.12510505342353065,0.010186395469438104,2,1.0,-0.5496768925630421,-0.6129811547859425,0.09955749128967264,-0.536423705272512,-0.4386417519090147,4.0,0,0,1
70425,0.5077028430263316,0.7792773371657672,0.3291479036062192,1,4.0,-0.1592200352251679,-0.5393896235785625,0.7004274594082358,-0.536423705272512,-0.4386417519090147,4.0,0,0,1
70425,-0.8173252005807244,-0.9705059837570048,-0.9466981289409051,2,1.0,-0.6798291783423336,-0.6129811547859425,-1.0830242720509198,-0.536423705272512,-0.4386417519090147,4.0,0,0,1
70425,-1.0563142769390748,-2.30741908288901,-1.9035826533512483,0,,-0.6006205761450273,-0.3362987283067527,0.21450652866887604,-0.536423705272512,-0.4386417519090147,4.0,0,0,1
70443,-0.18960072786733606,0.228783708111412,0.3291479036062192,2,5.0,-0.48762754701710087,-0.3032363750840029,0.2301813974024038,0.2336286624682574,2.567644400025545,4.0,0,0,1
70443,-0.05145092423402808,0.4647095491347071,0.3291479036062192,2,1.0,-0.4938703165384913,-0.17242445581138405,0.2928808723365147,0.2336286624682574,-0.4386417519090147,4.0,0,0,1
70443,-0.8153084151262237,-0.754240629485651,-0.6277366208041241,2,1.0,-0.7294402785539893,-0.6129811547859425,-0.6371613391861309,-0.536423705272512,-0.4386417519090147,4.0,0,1,0
70443,-0.8369888587621077,-0.8328825764934159,-0.9466981289409051,2,1.0,-0.7759418174320737,-0.6129811547859425,-1.0830242720509198,-0.536423705272512,-0.4386417519090147,4.0,0,1,0
70443,-0.6176634405851407,-0.36103089444682573,-0.6277366208041241,2,1.0,-0.7356357543668843,-0.6129811547859425,-0.6371613391861309,-0.536423705272512,-0.4386417519090147,4.0,0,0,1
70443,-0.6892593242199208,-0.40035186795070826,-0.308775112667343,1,1.0,-0.698462899489514,-0.5997306642938597,-0.191298406321342,-0.536423705272512,-0.4386417519090147,4.0,0,0,1
70443,0.5329126612075922,0.8185983106696497,0.6481094117430003,1,2.0,0.5411052001744495,0.036012118853777905,1.1462903922730248,-0.536423705272512,-0.4386417519090147,4.0,0,0,1
70443,-0.44119471331631666,0.032178840591999415,0.3291479036062192,2,2.0,-0.45054927955672136,-0.4996339406952288,0.7004274594082358,-0.536423705272512,-0.4386417519090147,4.0,0,0,1
70443,-0.9519456296686559,-1.2654132850361237,-0.9466981289409051,1,1.0,-0.7333196789305834,-0.3362987283067527,-1.0830242720509198,-0.536423705272512,-0.4386417519090147,4.0,0,0,1
70443,-0.4885891714970865,-0.12510505342353065,-0.6277366208041241,1,1.0,-0.48762754701710087,-0.5997306642938597,-0.6371613391861309,-0.536423705272512,-0.4386417519090147,4.0,0,0,1
70443,1.1359315121033453,1.0938451251968273,0.6481094117430003,1,2.0,1.409039338481701,0.3421982595688089,0.7004274594082358,0.2336286624682574,-0.4386417519090147,4.0,0,0,1
70443,-1.0507681169391974,-2.0714932418657153,-1.5846211452144674,0,,-0.6502520440573143,-0.3362987283067527,-1.9747501377804977,-0.536423705272512,-0.4386417519090147,4.0,0,0,1
70449,-0.6489236151299038,-0.40035186795070826,-0.6277366208041241,2,1.0,-0.6674382267165434,-0.6115085661085196,-0.6371613391861309,-0.536423705272512,-0.4386417519090147,4.0,0,0,1
70471,-0.363548473318034,0.07149981409588194,0.010186395469438104,2,1.0,-0.6054834685875929,-0.6129811547859425,0.15354870581626817,-0.536423705272512,-0.4386417519090147,4.0,0,0,1
70471,-0.8490895714891128,-0.8132220897414747,-0.6277366208041241,1,1.0,-0.7356357543668843,-0.6085633887536738,-0.6371613391861309,-0.536423705272512,1.9663871696386335,4.0,0,0,1
70471,-0.8122832369444724,-0.754240629485651,-0.9466981289409051,1,1.0,-0.7232448027410943,-0.6085633887536738,-1.0830242720509198,-0.536423705272512,-0.4386417519090147,4.0,0,0,1
70471,-1.028079280576063,-1.67828350682689,-1.2656596370776863,2,1.0,-0.7184092981590147,-0.3362987283067527,-1.5288872049157087,-0.536423705272512,-0.4386417519090147,4.0,0,0,1
70471,-1.0341296369395654,-1.756925453834655,-1.5846211452144674,2,1.0,-0.7064160709186815,-0.3362987283067527,-1.9747501377804977,-0.536423705272512,-0.4386417519090147,4.0,0,0,1
70471,-0.7311076224008133,-0.5183147884623558,-0.6277366208041241,2,1.0,-0.7480503528469221,-0.6129811547859425,-0.6371613391861309,-0.536423705272512,-0.4386417519090147,4.0,0,0,1
70471,-0.5122864005874714,-0.16442602692741318,0.010186395469438104,1,1.0,-0.6922201299681237,-0.5967882945437372,0.08736592671915107,-0.536423705272512,-0.4386417519090147,4.0,0,0,1
70471,0.1517402103069322,0.4253885756308246,0.6481094117430003,1,2.0,0.5100805274014789,-0.17278382921597915,0.2545645265434469,1.0036810302090269,-0.4386417519090147,4.0,0,0,1
70471,-0.5001856878604664,-0.32170992094294326,0.010186395469438104,2,1.0,-0.6488990929863536,-0.6129811547859425,0.09259088296366032,-0.536423705272512,-0.4386417519090147,4.0,0,0,1
70471,0.22636127212346352,0.6219934431502372,0.3291479036062192,1,2.0,0.255829550530305,-0.3760094895145121,0.7004274594082358,-0.536423705272512,-0.4386417519090147,4.0,0,0,1
70471,-1.0492555278483218,-2.032172268361833,-1.5846211452144674,0,,-0.6578868720204354,-0.3362987283067527,-1.9747501377804977,-0.536423705272512,-0.4386417519090147,4.0,0,0,1
70471,-1.0548016878481992,-2.209116649129304,-1.9035826533512483,0,,-0.622164961794104,-0.3362987283067527,0.21450652866887604,-0.536423705272512,-0.4386417519090147,4.0,0,0,1
70499,-0.37716177513591476,-0.007142132911883102,0.010186395469438104,2,2.0,-0.48762754701710087,-0.5585262573732519,-0.6371613391861309,1.0036810302090269,-0.4386417519090147,4.0,0,0,1
70499,-0.5889242478585036,-0.28238894743906073,-0.308775112667343,2,1.0,-0.617874420213383,-0.6129811547859425,-0.191298406321342,-0.536423705272512,-0.4386417519090147,4.0,0,0,1
70499,-0.7674097605818285,-0.6755986824778859,-0.9466981289409051,1,1.0,-0.7356357543668843,-0.6056210190035514,-1.0830242720509198,-0.536423705272512,-0.4386417519090147,4.0,0,0,1
70499,-0.8248881460351026,-0.8525430632453572,-1.9035826533512483,1,1.0,-0.698462899489514,-0.6100373812334584,0.21450652866887604,-0.536423705272512,1.9663871696386335,4.0,0,0,1
70508,-0.20876018968509408,0.228783708111412,0.3291479036062192,1,1.0,0.08859899729063406,-0.5879499548744763,0.22147313699488838,0.2336286624682574,-0.4386417519090147,4.0,0,0,1
70508,-0.41598489513505604,0.032178840591999415,0.010186395469438104,1,2.0,-0.2893723210044593,-0.43189205392905117,0.2545645265434469,-0.536423705272512,-0.4386417519090147,4.0,0,0,1
70508,-0.8420308223983598,-0.8722035499972984,-0.9466981289409051,2,1.0,-0.7480503528469221,-0.6129811547859425,-1.0830242720509198,-0.536423705272512,-0.4386417519090147,4.0,0,0,1
70517,-0.7215278914919343,-0.5969567354701208,-0.9466981289409051,1,1.0,-0.6488990929863536,-0.6100373812334584,-1.0830242720509198,-0.536423705272512,-0.4386417519090147,4.0,0,0,1
71003,3.1002805447871693,1.6443387542511827,2.242916952426906,1,2.0,4.402541911405404,3.815901588385111,1.1462903922730248,3.313838133431335,2.567644400025545,4.0,0,0,1
71003,0.7083729957491658,0.5433514961424721,0.6481094117430003,1,1.0,0.017469259713579446,0.7087591322558179,1.1462903922730248,-0.536423705272512,-0.4386417519090147,4.0,0,0,1
71003,0.1567821739431843,0.11082078759976445,0.010186395469438104,2,3.0,-0.354448463894105,0.0252309167159247,-0.6371613391861309,1.0036810302090269,-0.4386417519090147,4.0,0,0,0
71003,-0.09027404423316937,0.1894627346075295,0.010186395469438104,1,5.0,-0.3264505884648388,-0.20908054308008495,0.2545645265434469,0.2336286624682574,-0.4386417519090147,4.0,0,1,0
71003,-0.4936311351333386,-0.5576357619662383,-0.9466981289409051,1,1.0,-0.5527036899067466,-0.5921725923784688,-1.0830242720509198,-0.536423705272512,1.9663871696386335,4.0,0,1,0
71003,1.5473557448215178,0.8579192841735322,0.9670709198797813,2,3.0,0.6001277483766864,1.3462875520075372,1.1462903922730248,0.2336286624682574,1.9663871696386335,4.0,0,0,1
71003,-0.03733342605252215,0.11082078759976445,0.010186395469438104,1,3.0,-0.3699608002805903,0.06871509867193262,-0.191298406321342,0.2336286624682574,-0.4386417519090147,4.0,0,0,1
71003,0.1567821739431843,0.34674662862305955,0.3291479036062192,1,4.0,-0.09111709499181775,-0.5776628911679413,0.7004274594082358,-0.536423705272512,-0.4386417519090147,4.0,0,0,1
71003,2.957088777517609,1.5656968072434176,1.2860324280165625,1,2.0,1.5210308401987656,2.438782701976662,0.7004274594082358,1.7737333979497962,-0.4386417519090147,4.0,0,0,1
71003,1.5937418102750374,1.0152031781890622,0.6481094117430003,1,3.0,1.166895550985345,2.075096816526414,1.1462903922730248,-0.536423705272512,-0.4386417519090147,4.0,0,0,1
71003,2.253230653896814,1.526375833739535,0.9670709198797813,2,3.0,2.622785073307186,2.0161595781728163,1.1462903922730248,0.2336286624682574,-0.4386417519090147,4.0,0,0,1
71005,-0.09279502605129543,0.228783708111412,0.010186395469438104,2,3.0,-0.40098547305356097,-0.03442506844686303,0.2545645265434469,-0.536423705272512,-0.4386417519090147,4.0,0,0,1
71005,-0.34237222604577516,0.032178840591999415,0.010186395469438104,2,3.0,-0.2708331872742695,-0.17134633559759874,0.2545645265434469,-0.536423705272512,-0.4386417519090147,4.0,0,0,1
71005,-0.20371822604884196,0.228783708111412,0.010186395469438104,1,2.0,-0.04458008583236181,-0.2994629543357543,0.2545645265434469,-0.536423705272512,-0.4386417519090147,4.0,0,0,1
71005,0.8031619121107055,0.8972402576774148,0.9670709198797813,2,3.0,-0.004475021028277827,1.1536634071445602,1.1462903922730248,0.2336286624682574,-0.4386417519090147,4.0,0,0,1
71005,-0.3272463351370188,-0.007142132911883102,0.010186395469438104,1,2.0,-0.42576737630514117,-0.06101870038690094,0.2545645265434469,-0.536423705272512,-0.4386417519090147,4.0,0,0,1
71005,-0.05498029877940455,0.307425655119177,0.3291479036062192,2,3.0,-0.394553528698189,-0.17889317709409597,-0.191298406321342,1.0036810302090269,-0.4386417519090147,4.0,0,0,1
71005,-0.5604371533136792,-0.2430679739351782,0.010186395469438104,2,3.0,-0.5962139017224981,-0.3641501671628735,0.2545645265434469,-0.536423705272512,-0.4386417519090147,4.0,0,0,1
71005,0.05090093758188988,0.4647095491347071,0.6481094117430003,2,3.0,-0.0941438923355222,-0.20836179627089474,0.7004274594082358,0.2336286624682574,-0.4386417519090147,4.0,0,0,1
71006,-0.482538815133584,-0.16442602692741318,-0.308775112667343,2,3.0,-0.2708331872742695,-0.5817507636452107,-0.191298406321342,-0.536423705272512,1.9663871696386335,4.0,0,0,1
71006,-0.45430381877057213,-0.20374700043129568,0.010186395469438104,2,3.0,-0.4938703165384913,-0.5547977583005776,0.2545645265434469,-0.536423705272512,-0.4386417519090147,4.0,0,0,1
71006,-0.43716114240731496,-0.08578407991964813,0.3291479036062192,2,3.0,-0.4164978094400463,-0.5386259550937978,-0.191298406321342,1.0036810302090269,-0.4386417519090147,4.0,0,0,1
71006,-0.5629581351318053,-0.32170992094294326,-0.9466981289409051,1,1.0,-0.6054834685875929,-0.6129811547859425,-1.0830242720509198,-0.536423705272512,-0.4386417519090147,4.0,0,0,0
71006,-0.5314458624052295,-0.40035186795070826,-0.9466981289409051,1,1.0,-0.627143987078478,-0.6129811547859425,-1.0830242720509198,-0.536423705272512,-0.4386417519090147,4.0,0,0,0
71006,-0.10439154241467528,0.2681046816152945,0.3291479036062192,1,3.0,-0.1652736299125768,0.0022310188218378642,0.7004274594082358,-0.536423705272512,-0.4386417519090147,4.0,0,0,1
71006,-0.3146414260463885,-0.12510505342353065,0.3291479036062192,2,3.0,-0.5992406990662025,-0.4221889720049833,-0.191298406321342,1.0036810302090269,2.567644400025545,4.0,0,0,1
71006,-0.20724760059421846,0.307425655119177,0.3291479036062192,1,4.0,-0.5434341230416517,-0.32048629850456806,0.2545645265434469,0.2336286624682574,1.9663871696386335,4.0,0,0,1
71006,-0.03733342605252215,0.3860676021269421,0.3291479036062192,1,2.0,0.1324875587743486,-0.11528408448076206,0.2545645265434469,0.2336286624682574,-0.4386417519090147,4.0,0,0,1
71008,0.7113981739309171,0.6613144166541197,-0.308775112667343,1,2.0,1.0776050293460635,0.32494833614824375,-0.191298406321342,-0.536423705272512,-0.4386417519090147,4.0,1,0,0
71008,1.2488714975553925,0.9758822046851798,0.9670709198797813,2,3.0,0.7764386936474706,0.695821689690394,0.7004274594082358,1.0036810302090269,-0.4386417519090147,4.0,1,0,0
71008,0.030733083036881416,0.307425655119177,0.3291479036062192,2,2.0,0.11962367006360468,-0.016815771621702797,0.7004274594082358,-0.536423705272512,-0.4386417519090147,4.0,0,0,1
71008,0.6408106830233874,0.8185983106696497,0.6481094117430003,1,2.0,0.7734118963037662,0.7209778280120515,0.7004274594082358,0.2336286624682574,-0.4386417519090147,4.0,0,0,1
71008,0.7648429884751895,0.8185983106696497,0.6481094117430003,1,4.0,0.7393604261870911,-0.5379072082846077,0.7004274594082358,0.2336286624682574,-0.4386417519090147,4.0,0,0,1
71008,-0.6297641533121457,-0.40035186795070826,-0.308775112667343,2,3.0,-0.6612900446121438,-0.3612751799261127,-0.191298406321342,-0.536423705272512,-0.4386417519090147,4.0,0,0,1
71008,-0.46085837149769987,-0.16442602692741318,-0.308775112667343,1,2.0,-0.2148374364157372,-0.34941585757447413,-0.191298406321342,-0.536423705272512,-0.4386417519090147,4.0,0,0,1
71008,0.07106879212689834,0.4253885756308246,0.3291479036062192,2,3.0,0.020496057057283898,0.23941746585460835,0.7004274594082358,-0.536423705272512,-0.4386417519090147,4.0,0,0,1
71012,0.6145924721148764,0.6613144166541197,-0.308775112667343,1,4.0,0.5781834676348291,-0.5158057439020086,-0.6371613391861309,0.2336286624682574,-0.4386417519090147,4.0,0,0,0
71012,-0.04741735332502638,0.1894627346075295,0.010186395469438104,2,3.0,-0.2893723210044593,-0.06101870038690094,-0.191298406321342,0.2336286624682574,-0.4386417519090147,4.0,0,0,0
71012,-0.37766597149953995,-0.007142132911883102,0.010186395469438104,1,2.0,-0.4690884132869111,-0.16559636112407702,0.2545645265434469,-0.536423705272512,-0.4386417519090147,4.0,0,0,1
71012,-0.1255677896869342,0.15014176110364696,0.010186395469438104,1,2.0,-0.2799135793053829,-0.2980254607173739,0.2545645265434469,-0.536423705272512,-0.4386417519090147,4.0,0,0,1
71012,-0.5591766624046162,-0.20374700043129568,0.010186395469438104,2,3.0,-0.6302653718391732,-0.5099659260773381,0.2545645265434469,-0.536423705272512,2.567644400025545,4.0,0,0,1
71012,-0.4785052442245823,-0.40035186795070826,-0.9466981289409051,2,1.0,-0.4938703165384913,-0.5777976561946645,-1.0830242720509198,-0.536423705272512,-0.4386417519090147,4.0,0,0,0
71012,0.3150998321215007,0.7399563636618847,0.9670709198797813,1,3.0,-0.06311921956255157,0.21282383391457046,1.5921533251378137,-0.536423705272512,-0.4386417519090147,4.0,0,0,1
71012,0.13157235576192372,0.5433514961424721,0.3291479036062192,1,4.0,0.22177808041362992,-0.4922667859010291,0.7004274594082358,-0.536423705272512,-0.4386417519090147,4.0,0,0,1
71012,0.11947164303491865,0.6219934431502372,0.010186395469438104,2,3.0,-0.5373805283542428,-0.43925920872325086,0.2545645265434469,-0.536423705272512,-0.4386417519090147,4.0,0,0,1
71012,0.4522412430275583,0.6219934431502372,0.9670709198797813,2,3.0,0.19453690432028986,0.4629477235127648,0.2545645265434469,1.7737333979497962,-0.4386417519090147,4.0,0,0,1
71012,-0.25917982604761525,0.34674662862305955,0.010186395469438104,2,3.0,-0.4567920490781118,-0.28616613836573535,0.2545645265434469,-0.536423705272512,-0.4386417519090147,4.0,0,0,1
71012,0.030733083036881416,0.4253885756308246,-0.6277366208041241,2,3.0,-0.18078596629906213,-0.11528408448076206,-0.6371613391861309,-0.536423705272512,-0.4386417519090147,4.0,0,0,0
71012,0.0004813012193687192,0.1894627346075295,-0.308775112667343,1,2.0,0.38295503896589195,-0.28185365751059405,-0.191298406321342,-0.536423705272512,-0.4386417519090147,4.0,0,0,0
71013,-0.47346328058833015,-0.4789938149584733,-0.6277366208041241,2,5.0,-0.46606161594320666,-0.6070922038786125,-1.0830242720509198,0.2336286624682574,-0.4386417519090147,4.0,0,0,0
71013,-0.43413596422556366,-0.20374700043129568,-0.308775112667343,2,2.0,-0.6426563234649633,-0.5290576381964531,-0.191298406321342,-0.536423705272512,-0.4386417519090147,4.0,0,1,0
71013,0.036783439400383956,0.307425655119177,0.010186395469438104,1,3.0,-0.4070390677409699,0.3587294361801838,0.2545645265434469,-0.536423705272512,-0.4386417519090147,4.0,0,0,1
71013,0.10132057394441103,0.3860676021269421,0.3291479036062192,2,3.0,0.051520729830254526,-0.027237600354960895,0.7004274594082358,-0.536423705272512,-0.4386417519090147,4.0,0,0,1
71013,-0.5047234551330932,-0.16442602692741318,0.010186395469438104,2,3.0,-0.5527036899067466,-0.6025944211117269,0.2545645265434469,-0.536423705272512,-0.4386417519090147,4.0,0,0,1
71013,-0.3398512442276491,-0.08578407991964813,-0.6277366208041241,1,1.0,-0.49084351919478686,-0.595317109668676,-0.6371613391861309,-0.536423705272512,-0.4386417519090147,4.0,0,0,0
71015,0.48047623939057016,0.8972402576774148,0.6481094117430003,2,3.0,-0.2954259156918682,0.33285455104933614,1.1462903922730248,-0.536423705272512,-0.4386417519090147,4.0,0,0,1
71015,0.4945937375720761,0.7399563636618847,0.3291479036062192,2,3.0,0.33376958213069463,0.3465107404239502,0.2545645265434469,0.2336286624682574,-0.4386417519090147,4.0,1,0,0
71015,-0.3131288369555129,0.032178840591999415,-0.6277366208041241,1,4.0,-0.6674382267165434,-0.5908923246245987,-0.6371613391861309,-0.536423705272512,-0.4386417519090147,4.0,0,0,0
71015,0.3725782175747749,0.5040305226385896,0.010186395469438104,2,3.0,-0.23980851450129892,0.23007375733513558,0.2545645265434469,-0.536423705272512,1.9663871696386335,4.0,0,0,0
71015,0.9836642102885313,0.8185983106696497,1.2860324280165625,1,3.0,0.5940741536892774,2.1081591697491637,1.1462903922730248,1.0036810302090269,2.567644400025545,4.0,0,0,1
71015,-0.19111331695821168,0.07149981409588194,-0.6277366208041241,2,3.0,-0.5186522197900715,-0.30467386870238333,-0.6371613391861309,-0.536423705272512,-0.4386417519090147,4.0,0,0,0
71015,1.585674668457034,1.1724870722045924,0.9670709198797813,2,3.0,1.0776050293460635,1.3807873988486676,1.1462903922730248,0.2336286624682574,-0.4386417519090147,4.0,0,0,1
71015,0.32820893757575625,0.34674662862305955,-0.308775112667343,1,3.0,-0.10662943137830307,0.6821655003157799,-0.191298406321342,-0.536423705272512,-0.4386417519090147,4.0,0,0,0
71015,3.669014042956408,1.6836597277550651,1.6049939361533436,1,3.0,3.6125478046985418,3.683652175494112,2.0380162580026027,0.2336286624682574,-0.4386417519090147,4.0,0,0,1
71015,0.22434448666896267,0.6613144166541197,0.3291479036062192,2,4.0,-0.2583476482314887,0.08919938273385371,0.7004274594082358,-0.536423705272512,-0.4386417519090147,4.0,0,0,1
71015,1.6441614466375585,1.0938451251968273,1.2860324280165625,2,3.0,1.3590971823105775,1.4382871435838847,1.5921533251378137,0.2336286624682574,-0.4386417519090147,4.0,0,0,1
71015,2.957088777517609,1.526375833739535,1.2860324280165625,1,3.0,4.012085054067529,5.216020372687647,1.5921533251378137,0.2336286624682574,-0.4386417519090147,4.0,0,0,1
71015,3.0680119775151558,2.1555114098016555,0.9670709198797813,1,3.0,1.6511831259780572,2.418657791319336,1.5921533251378137,-0.536423705272512,1.9663871696386335,4.0,0,1,0
71015,2.932887352063599,1.6050177807473,1.2860324280165625,1,3.0,1.328829208873533,4.244274686662479,0.7004274594082358,1.7737333979497962,-0.4386417519090147,4.0,0,0,1
71015,1.466684326641484,1.369091939724005,1.6049939361533436,2,3.0,0.8702694113023086,1.2686628966149942,1.5921533251378137,1.0036810302090269,2.567644400025545,4.0,0,0,1
71015,2.2189453011702995,1.3297709662201225,1.6049939361533436,1,3.0,4.069594203597914,2.190096305996848,1.1462903922730248,1.7737333979497962,-0.4386417519090147,4.0,0,0,1
71015,0.3685446466657732,0.4647095491347071,-0.308775112667343,1,3.0,0.6841213746644849,-0.05670621953175965,-0.191298406321342,-0.536423705272512,-0.4386417519090147,4.0,1,0,0
71015,-0.5248913096781017,-0.40035186795070826,-0.9466981289409051,2,3.0,-0.6241171897347735,-0.6129811547859425,-1.0830242720509198,-0.536423705272512,-0.4386417519090147,4.0,0,0,0
71016,0.23342002121421648,0.8185983106696497,0.9670709198797813,1,4.0,-0.17775916895535768,-0.4583958425179403,1.1462903922730248,0.2336286624682574,-0.4386417519090147,4.0,0,0,1
71016,0.7315660284759256,0.8579192841735322,1.2860324280165625,1,4.0,1.7813354117573486,0.028824650761875768,1.5921533251378137,0.2336286624682574,1.9663871696386335,4.0,0,0,1
71016,0.7466919193846818,1.1724870722045924,0.6481094117430003,2,4.0,-0.03814814147698985,-0.4171577443406518,1.1462903922730248,-0.536423705272512,1.9663871696386335,4.0,0,0,1
71016,-0.21632313513947227,0.2681046816152945,0.3291479036062192,2,3.0,-0.11570982340941642,-0.39074379910291146,0.7004274594082358,-0.536423705272512,-0.4386417519090147,4.0,0,0,1
71016,0.008548443037372105,0.5433514961424721,0.9670709198797813,2,3.0,-0.4132818372623603,-0.4083530959280717,1.5921533251378137,-0.536423705272512,2.567644400025545,4.0,0,0,1
71016,-0.1659034987769511,0.3860676021269421,1.6049939361533436,2,3.0,-0.5992406990662025,-0.47753247631262974,1.1462903922730248,1.7737333979497962,-0.4386417519090147,4.0,0,0,1
71016,-1.0525328042118858,-2.1697956756254215,-1.9035826533512483,0,,-0.6289806825857478,-0.3362987283067527,0.21450652866887604,-0.536423705272512,-0.4386417519090147,4.0,0,0,1
71017,0.968538319379775,1.4084129132278875,0.9670709198797813,1,4.0,-0.3328825328202108,-0.4054781086913108,0.2545645265434469,1.7737333979497962,-0.4386417519090147,4.0,0,0,1
71021,2.083820675718743,1.6443387542511827,1.6049939361533436,1,2.0,0.7764386936474706,1.678348577853416,1.2438229088371973,-0.536423705272512,1.9663871696386335,4.0,0,0,1
71021,-0.334809280591397,0.07149981409588194,0.010186395469438104,2,2.0,-0.22429617811481362,-0.46576299731214,0.2545645265434469,-0.536423705272512,-0.4386417519090147,4.0,0,0,1
71022,0.7113981739309171,1.1724870722045924,0.9670709198797813,2,4.0,0.20967089103881212,0.5520723278523513,1.1462903922730248,0.2336286624682574,1.9663871696386335,4.0,0,0,1
71022,-0.08523208059691725,0.307425655119177,0.010186395469438104,1,3.0,0.30274490935772397,0.0022310188218378642,0.2545645265434469,-0.536423705272512,1.9663871696386335,4.0,0,0,1
71022,-0.291952589683254,0.228783708111412,-0.308775112667343,2,3.0,-0.5279217866551664,-0.40062656772927685,-0.191298406321342,-0.536423705272512,1.9663871696386335,4.0,0,1,0
71022,-0.43312757149831327,-0.007142132911883102,0.010186395469438104,1,3.0,-0.22126938077110916,-0.25526002557055616,0.2545645265434469,-0.536423705272512,-0.4386417519090147,4.0,0,0,1
71022,-0.25161688059323706,0.032178840591999415,-0.308775112667343,1,3.0,0.12946076143064414,0.16538654450801635,-0.191298406321342,-0.536423705272512,-0.4386417519090147,4.0,0,0,1
71022,-0.37363240059053826,0.07149981409588194,0.010186395469438104,2,4.0,-0.4040122703972654,-0.47825122312181995,0.2545645265434469,-0.536423705272512,-0.4386417519090147,4.0,0,0,1
71022,-0.42052266240768293,-0.08578407991964813,0.010186395469438104,1,3.0,-0.2644012429188976,-0.04628439079850156,0.2545645265434469,-0.536423705272512,1.9663871696386335,4.0,0,0,1
71022,0.8555983339277276,1.1724870722045924,0.6481094117430003,1,3.0,0.9595599329415899,0.8280711025813933,1.1462903922730248,-0.536423705272512,1.9663871696386335,4.0,0,0,1
71022,0.5631644430251048,0.8185983106696497,1.2860324280165625,2,3.0,0.1506483428365753,0.4111979532510694,0.2545645265434469,2.543785765690566,-0.4386417519090147,4.0,0,0,1
71022,0.8475311921097242,1.0152031781890622,0.6481094117430003,1,2.0,0.29366451732661064,0.4924163426895636,1.1462903922730248,-0.536423705272512,-0.4386417519090147,4.0,0,0,1
71022,1.2851736357364079,1.3297709662201225,1.2860324280165625,2,3.0,0.6122349377515042,1.096163662409343,1.5921533251378137,0.2336286624682574,1.9663871696386335,4.0,0,0,1
71024,-0.4169932878623065,-0.007142132911883102,0.010186395469438104,2,3.0,-0.24283531184500337,-0.5192197912456621,0.2545645265434469,-0.536423705272512,-0.4386417519090147,4.0,0,0,1
71024,0.08115271939940258,0.6219934431502372,0.010186395469438104,2,3.0,-0.38547313666707567,-0.04664376420309666,0.2545645265434469,-0.536423705272512,-0.4386417519090147,4.0,0,0,1
71024,-0.2828770551380002,0.15014176110364696,0.010186395469438104,2,3.0,0.11962367006360468,-0.39236097942358944,0.2545645265434469,-0.536423705272512,-0.4386417519090147,4.0,0,0,1
71024,1.0270250975602995,1.1724870722045924,0.6481094117430003,1,3.0,0.017469259713579446,0.14382414023230994,1.1462903922730248,-0.536423705272512,-0.4386417519090147,4.0,0,0,1
71024,1.256938639373396,1.13316609870071,1.2860324280165625,2,3.0,1.2410520859061038,1.0702887772784953,1.5921533251378137,0.2336286624682574,-0.4386417519090147,4.0,0,0,1
71024,-0.4406905169526914,-0.20374700043129568,0.010186395469438104,1,3.0,-0.42994474090083484,-0.11240909724400121,0.2545645265434469,-0.536423705272512,-0.4386417519090147,4.0,0,0,1
71024,-0.49463952786058907,-0.2430679739351782,0.010186395469438104,2,3.0,-0.3294773858085433,-0.5932507125922541,0.2545645265434469,-0.536423705272512,-0.4386417519090147,4.0,0,0,1
71024,1.269039352100401,1.369091939724005,1.2860324280165625,2,3.0,1.3167220194987153,1.0817887262255388,1.5921533251378137,0.2336286624682574,-0.4386417519090147,4.0,0,0,1
71024,0.8465227993824738,0.9365612311812973,1.6049939361533436,2,3.0,0.31182530138883735,0.6800092598882093,1.5921533251378137,1.0036810302090269,-0.4386417519090147,4.0,0,0,1
71024,-0.13817269877756447,0.2681046816152945,0.010186395469438104,2,3.0,-0.48460074967339645,-0.2543615920590684,0.2545645265434469,-0.536423705272512,-0.4386417519090147,4.0,0,0,1
71024,0.9967733157427868,1.0938451251968273,1.6049939361533436,2,3.0,0.8854033980208309,0.8223211281078716,1.5921533251378137,1.0036810302090269,-0.4386417519090147,4.0,0,0,1
71024,0.16384092303393727,0.4253885756308246,0.3291479036062192,2,4.0,-0.22732297545851807,0.032418384807826835,0.7004274594082358,-0.536423705272512,-0.4386417519090147,4.0,0,0,1
71024,-0.11296288059630388,0.307425655119177,0.3291479036062192,2,3.0,-0.5001130860598817,-0.23064294735579136,0.7004274594082358,-0.536423705272512,-0.4386417519090147,4.0,0,0,1
71024,0.26770537394073085,0.7006353901580022,1.2860324280165625,1,3.0,0.43592399248071984,0.46582271074952564,1.1462903922730248,1.0036810302090269,2.567644400025545,4.0,0,0,1
71024,-0.09279502605129543,0.07149981409588194,0.3291479036062192,2,3.0,0.051520729830254526,-0.2112367835076556,0.2545645265434469,0.2336286624682574,-0.4386417519090147,4.0,0,0,1
71024,0.47341749029981717,0.7399563636618847,0.010186395469438104,1,3.0,0.712119250093751,0.12585547000255462,0.2545645265434469,-0.536423705272512,-0.4386417519090147,4.0,1,0,0
71024,0.7527422757481844,1.0152031781890622,0.6481094117430003,2,3.0,-0.3483948692066961,0.5908846555486228,1.1462903922730248,-0.536423705272512,-0.4386417519090147,4.0,0,0,1
71024,0.9796306393795297,1.13316609870071,0.3291479036062192,2,3.0,0.40489931970774923,0.8065086983056869,-0.191298406321342,1.0036810302090269,1.9663871696386335,4.0,1,0,0
71024,0.5429965884800964,0.6613144166541197,0.6481094117430003,1,3.0,0.7393604261870911,0.4996038107814657,1.1462903922730248,-0.536423705272512,-0.4386417519090147,4.0,0,0,1
71024,0.5692147993886074,0.5433514961424721,0.010186395469438104,2,3.0,0.7272532368122733,0.4169479277245911,0.2545645265434469,-0.536423705272512,-0.4386417519090147,4.0,0,1,0
71024,0.2172857375782097,0.4647095491347071,1.6049939361533436,2,3.0,-0.18721791065443408,0.08273066145114179,0.7004274594082358,2.543785765690566,-0.4386417519090147,4.0,0,0,1
71024,0.187033955760697,0.2681046816152945,-0.308775112667343,1,2.0,0.6402328131807703,-0.30377543519089556,-0.191298406321342,-0.536423705272512,-0.4386417519090147,4.0,0,0,0
71024,3.3382612284182693,1.6443387542511827,0.6481094117430003,1,3.0,2.792285724554635,5.290770040843429,-0.191298406321342,1.7737333979497962,-0.4386417519090147,4.0,0,0,0
71024,1.9970989011752065,1.3297709662201225,1.9239554442901246,1,3.0,1.5482720162921058,3.1402795877463103,0.7004274594082358,3.313838133431335,-0.4386417519090147,4.0,0,0,1
71024,0.2838396575767376,0.5433514961424721,0.3291479036062192,2,3.0,-0.18381276364276658,0.1459803806598806,0.7004274594082358,-0.536423705272512,-0.4386417519090147,4.0,0,0,1
71031,0.45022445757305746,0.6613144166541197,0.3291479036062192,2,3.0,-0.2678063899305651,0.3041046786817276,0.7004274594082358,-0.536423705272512,-0.4386417519090147,4.0,0,0,1
71031,-0.4255646260439351,-0.12510505342353065,-0.6277366208041241,2,4.0,-0.6829505631030287,-0.5274853795513496,-0.6371613391861309,-0.536423705272512,-0.4386417519090147,4.0,0,0,1
71031,-0.3524561533182794,-0.04646310641576562,-0.6277366208041241,2,3.0,-0.4225514041274552,-0.458126312464494,-0.6371613391861309,-0.536423705272512,-0.4386417519090147,4.0,0,0,0
71031,-0.35497713513640544,-0.28238894743906073,-0.9466981289409051,2,3.0,-0.6365081413605636,-0.46064192629665973,-1.0830242720509198,-0.536423705272512,-0.4386417519090147,4.0,0,0,0
71031,-0.08775306241504331,0.4253885756308246,0.3291479036062192,1,4.0,-0.04760688317606626,-0.49082929228264865,0.7004274594082358,-0.536423705272512,-0.4386417519090147,4.0,0,0,1
71031,-0.1406936805956905,0.2681046816152945,-0.308775112667343,2,4.0,-0.5776747679923083,-0.25723657929582927,-0.6371613391861309,0.2336286624682574,-0.4386417519090147,4.0,0,0,0
71031,0.47240909757256677,0.5826724696463547,-0.308775112667343,1,3.0,-0.4380637405139405,0.33932327233204806,-0.191298406321342,-0.536423705272512,-0.4386417519090147,4.0,0,0,0
71031,-0.44573248058894355,-0.20374700043129568,-0.308775112667343,2,3.0,-0.639534938704268,-0.5465321699948902,-1.0830242720509198,1.0036810302090269,-0.4386417519090147,4.0,0,0,0
71031,0.02266594121887803,0.5433514961424721,0.010186395469438104,2,3.0,-0.273859984617974,-0.1019872685107431,0.2545645265434469,-0.536423705272512,-0.4386417519090147,4.0,1,0,0
71031,-0.07766913514253908,0.1894627346075295,-0.308775112667343,2,3.0,-0.5466500952193377,-0.1968618473238513,-1.0830242720509198,1.0036810302090269,-0.4386417519090147,4.0,0,0,0
71031,-0.00556905514413382,0.34674662862305955,0.3291479036062192,2,3.0,0.04244033779914117,-0.12858090045078102,0.7004274594082358,-0.536423705272512,-0.4386417519090147,4.0,0,0,1
71031,-0.42707721513481073,-0.20374700043129568,-0.308775112667343,1,4.0,-0.5869443348574032,-0.4937941228705583,-0.191298406321342,-0.536423705272512,-0.4386417519090147,4.0,0,0,0
71031,-0.1785084078675814,0.34674662862305955,0.6481094117430003,2,4.0,-0.2954259156918682,-0.29317391975533996,0.2545645265434469,1.0036810302090269,-0.4386417519090147,4.0,0,0,1
71031,-0.4976647060423403,-0.36103089444682573,-0.6277366208041241,1,3.0,-0.3729875976242948,-0.26118968674637544,-0.6371613391861309,-0.536423705272512,-0.4386417519090147,4.0,0,0,0
71031,-0.3262379424097684,0.032178840591999415,-0.308775112667343,2,3.0,-0.5899711322011076,-0.4333295475474316,-0.191298406321342,-0.536423705272512,-0.4386417519090147,4.0,0,0,0
71031,-0.5188409533145992,-0.28238894743906073,-0.9466981289409051,2,3.0,-0.6488990929863536,-0.6129811547859425,-1.0830242720509198,-0.536423705272512,1.9663871696386335,4.0,0,0,0
71031,0.42400624666454645,0.8972402576774148,0.6481094117430003,2,3.0,0.0855721999469296,0.2789485403600701,0.7004274594082358,0.2336286624682574,2.567644400025545,4.0,0,0,1
71031,-0.43413596422556366,-0.007142132911883102,0.3291479036062192,2,4.0,-0.4225514041274552,-0.535750967857037,0.2545645265434469,0.2336286624682574,-0.4386417519090147,4.0,0,0,1
71031,0.26770537394073085,0.6613144166541197,0.6481094117430003,2,3.0,-0.15278809086979595,0.1308866976668861,0.2545645265434469,1.0036810302090269,-0.4386417519090147,4.0,0,0,1
71031,1.9849981884482015,1.4870548602356526,1.6049939361533436,1,3.0,1.5058968534802435,0.7957274961678337,0.7004274594082358,2.543785765690566,-0.4386417519090147,4.0,0,0,1
71031,-0.015652982416638053,0.3860676021269421,0.010186395469438104,2,3.0,-0.5093826529249766,-0.138643355779444,0.2545645265434469,-0.536423705272512,-0.4386417519090147,4.0,0,1,0
71031,-0.26775116422924383,0.032178840591999415,-0.6277366208041241,2,4.0,-0.627143987078478,-0.37798604323978513,-1.0830242720509198,0.2336286624682574,1.9663871696386335,4.0,0,0,0
71031,-0.2526252733204875,0.11082078759976445,-0.308775112667343,2,3.0,-0.47211521063061557,-0.3636111070559809,-0.191298406321342,-0.536423705272512,-0.4386417519090147,4.0,0,1,0
71031,-0.38018695331766605,-0.04646310641576562,0.010186395469438104,2,4.0,-0.5682160262932319,-0.48436057099993673,-0.191298406321342,0.2336286624682574,-0.4386417519090147,4.0,0,1,0
71031,-0.33833865513677347,-0.08578407991964813,0.010186395469438104,2,3.0,-0.4040122703972654,-0.444829496494475,-0.191298406321342,0.2336286624682574,-0.4386417519090147,4.0,0,0,1
71031,0.12249682121666992,0.228783708111412,-0.308775112667343,1,3.0,-0.4040122703972654,0.8101024323516379,-0.191298406321342,-0.536423705272512,-0.4386417519090147,4.0,1,0,0
71031,-0.3978338260445484,-0.12510505342353065,-0.6277366208041241,2,3.0,-0.5869443348574032,-0.5012511210159067,-0.6371613391861309,-0.536423705272512,-0.4386417519090147,4.0,0,1,0
71031,-0.6486715169480912,-0.5969567354701208,-0.6277366208041241,2,3.0,-0.6054834685875929,-0.6129811547859425,-1.0830242720509198,0.2336286624682574,-0.4386417519090147,4.0,0,0,0
71031,0.35442714848426726,0.7399563636618847,0.6481094117430003,2,4.0,0.10146288600137797,0.21282383391457046,1.1462903922730248,-0.536423705272512,-0.4386417519090147,4.0,0,0,1
71031,-0.12304680786880812,0.228783708111412,-0.308775112667343,1,3.0,-0.562162431605823,-0.28922081230479374,-0.6371613391861309,0.2336286624682574,-0.4386417519090147,4.0,0,0,0
71031,-0.42304364422580903,0.07149981409588194,0.010186395469438104,2,4.0,-0.5744587958146223,-0.5249697657191839,0.2545645265434469,-0.536423705272512,-0.4386417519090147,4.0,0,0,1
71031,-0.20876018968509408,0.3860676021269421,0.9670709198797813,2,4.0,-0.5869443348574032,-0.32192379212294847,0.7004274594082358,1.0036810302090269,2.567644400025545,4.0,0,0,1
71031,-0.06254324423378273,0.2681046816152945,0.3291479036062192,2,4.0,-0.14068090149497814,-0.18320565794923724,0.2545645265434469,0.2336286624682574,-0.4386417519090147,4.0,0,0,1
71031,0.17594163576094235,0.6613144166541197,0.3291479036062192,2,4.0,-0.354448463894105,0.043918333754870253,0.7004274594082358,-0.536423705272512,-0.4386417519090147,4.0,0,0,1
71031,0.20115145394220293,0.4647095491347071,0.3291479036062192,2,3.0,-0.3203969937774299,0.0676369784581473,0.2545645265434469,0.2336286624682574,2.567644400025545,4.0,0,1,0
71031,0.5097196284808324,0.5040305226385896,-0.308775112667343,1,3.0,0.9973948997378955,0.8762271387971377,-0.191298406321342,-0.536423705272512,-0.4386417519090147,4.0,1,0,0
71031,-0.4255646260439351,-0.28238894743906073,-0.9466981289409051,2,3.0,-0.6086048533482882,-0.5274853795513496,-1.0830242720509198,-0.536423705272512,-0.4386417519090147,4.0,0,0,0
71031,-0.1003579715056736,0.032178840591999415,-0.308775112667343,1,3.0,-0.5899711322011076,0.19198017644805426,-0.6371613391861309,0.2336286624682574,-0.4386417519090147,4.0,1,0,0
71031,-0.40287578968080057,0.032178840591999415,0.010186395469438104,1,3.0,-0.17170557426794877,-0.5084385891078089,0.2545645265434469,-0.536423705272512,-0.4386417519090147,4.0,0,0,1
71031,0.45929999211831124,0.8579192841735322,0.6481094117430003,2,4.0,0.12567726475101357,0.3127296403920101,1.1462903922730248,-0.536423705272512,-0.4386417519090147,4.0,0,0,1
71031,-0.46842131695207806,-0.36103089444682573,-0.6277366208041241,2,4.0,-0.6705596114772386,-0.5680945742705966,-0.6371613391861309,-0.536423705272512,-0.4386417519090147,4.0,0,0,0
71031,0.40182160666503713,0.7399563636618847,0.9670709198797813,2,4.0,-0.09717068967922665,0.25810488289355393,1.5921533251378137,-0.536423705272512,-0.4386417519090147,4.0,0,0,1
71031,1.7147489375450882,1.5656968072434176,1.6049939361533436,1,3.0,0.24372236115548718,1.1436009518158972,1.0766243090129015,-0.536423705272512,-0.4386417519090147,4.0,0,0,1
71032,0.49257695211757524,0.8185983106696497,0.010186395469438104,2,2.0,-0.04760688317606626,-0.24789287077635647,0.2545645265434469,-0.536423705272512,1.9663871696386335,4.0,0,1,0
71032,0.2001430612149525,0.228783708111412,0.010186395469438104,1,3.0,-0.3574752612378095,0.48235388736090057,-0.191298406321342,0.2336286624682574,-0.4386417519090147,4.0,0,0,1
71032,-0.09027404423316937,0.3860676021269421,1.2860324280165625,2,2.0,-0.19327150534184298,-0.1965024739192562,0.7004274594082358,1.7737333979497962,-0.4386417519090147,4.0,0,0,1
71032,-0.009602626053135513,0.5433514961424721,0.9670709198797813,2,3.0,-0.394553528698189,-0.4583958425179403,0.2545645265434469,1.7737333979497962,-0.4386417519090147,4.0,0,0,1
71032,3.7254840356824315,1.7229807012589475,1.6049939361533436,1,3.0,3.2009033659547366,5.745018024251644,0.2545645265434469,3.313838133431335,1.9663871696386335,4.0,1,0,0
71032,0.6337519339326345,0.8579192841735322,0.010186395469438104,2,3.0,-0.09717068967922665,-0.09336230680046055,-0.6371613391861309,1.0036810302090269,-0.4386417519090147,1.0,0,0,0
71032,-0.6776628078565409,-0.5183147884623558,-0.6277366208041241,2,3.0,-0.6705596114772386,-0.5761804758739866,-0.6371613391861309,-0.536423705272512,1.9663871696386335,4.0,1,0,0
71032,-0.6499320078571542,-0.32170992094294326,0.010186395469438104,2,4.0,-0.6302653718391732,-0.5732381061238642,0.2545645265434469,-0.536423705272512,2.567644400025545,4.0,0,0,1
71032,-0.15077760786819475,0.032178840591999415,-0.308775112667343,2,4.0,-0.44733330737903537,-0.5820652153742314,-0.6371613391861309,0.2336286624682574,-0.4386417519090147,4.0,0,0,0
71032,0.43913213757330277,0.8579192841735322,0.9670709198797813,2,4.0,-0.24586210918870782,-0.4643255036937596,1.5921533251378137,-0.536423705272512,2.567644400025545,4.0,0,0,1
71032,-0.42052266240768293,-0.20374700043129568,-0.6277366208041241,2,4.0,-0.6365081413605636,-0.567330905785832,-0.6371613391861309,-0.536423705272512,-0.4386417519090147,4.0,0,0,0
71032,-0.17094546241320321,0.07149981409588194,-0.6277366208041241,2,4.0,-0.06917281424996047,-0.5423095324908977,-0.6371613391861309,-0.536423705272512,1.9663871696386335,4.0,0,0,0
71032,-0.2995155351376322,-0.007142132911883102,0.3291479036062192,1,3.0,-0.2833187263170504,-0.004956449270064272,0.2545645265434469,0.2336286624682574,-0.4386417519090147,4.0,0,0,1
71032,2.7574270175220255,1.6836597277550651,2.242916952426906,1,3.0,1.9508360630047978,2.8010310938085294,2.0380162580026027,1.7737333979497962,-0.4386417519090147,4.0,0,0,1
71032,-0.1734664442313293,0.15014176110364696,0.3291479036062192,1,3.0,-0.04458008583236181,0.01840282202861767,0.7004274594082358,-0.536423705272512,-0.4386417519090147,4.0,0,0,1
71032,0.16384092303393727,0.4647095491347071,0.3291479036062192,1,3.0,-0.3234237911211344,0.18623020197453255,0.7004274594082358,-0.536423705272512,-0.4386417519090147,4.0,0,0,1
71032,2.091887817536746,1.5656968072434176,2.5618784605636873,1,3.0,1.8961268488101788,3.008030174855311,2.0380162580026027,2.543785765690566,-0.4386417519090147,4.0,0,0,1
71032,0.534929446662093,0.8185983106696497,2.242916952426906,1,3.0,0.1907534076406593,0.7267278024855732,1.1462903922730248,3.313838133431335,-0.4386417519090147,4.0,0,0,1
71032,0.8727410102909847,0.7399563636618847,0.6481094117430003,1,3.0,-0.032094546789580944,0.621790768343802,1.1462903922730248,-0.536423705272512,-0.4386417519090147,4.0,0,0,1
71032,0.005523264855620835,0.307425655119177,0.6481094117430003,2,3.0,-0.03814814147698985,-0.037300055683623885,1.1462903922730248,-0.536423705272512,-0.4386417519090147,4.0,0,0,1
71034,0.7124065666581675,0.9365612311812973,1.6049939361533436,2,4.0,0.16351223154731923,0.5535098214707317,2.0380162580026027,0.2336286624682574,2.567644400025545,4.0,0,0,1
71034,0.11039610848966484,0.5826724696463547,0.3291479036062192,2,4.0,0.34890356884921686,-0.018612638644678332,0.7004274594082358,-0.536423705272512,-0.4386417519090147,4.0,0,0,1
71034,0.5228287339350879,0.9758822046851798,1.2860324280165625,2,4.0,-0.12516856510849284,0.37238562555479787,2.0380162580026027,-0.536423705272512,2.567644400025545,4.0,0,0,1
71034,2.2169285157157987,1.4870548602356526,0.9670709198797813,1,3.0,1.8282507705847675,2.5106573828956833,1.1462903922730248,0.2336286624682574,-0.4386417519090147,4.0,0,0,1
71034,-0.1961552805944638,0.11082078759976445,-0.308775112667343,2,3.0,-0.5776747679923083,-0.30970509636671484,-1.0830242720509198,1.0036810302090269,-0.4386417519090147,4.0,0,0,0
71034,2.904652355700587,1.9982275157861253,1.9239554442901246,2,4.0,0.9913413050504867,2.6342818340764,2.0380162580026027,1.0036810302090269,-0.4386417519090147,4.0,0,0,1
71034,0.3534187557570168,0.7399563636618847,0.6481094117430003,2,3.0,-0.3824463393233712,0.21210508710538023,0.7004274594082358,0.2336286624682574,-0.4386417519090147,4.0,0,0,1
71034,2.5537316866174398,1.526375833739535,1.9239554442901246,1,3.0,4.012085054067529,3.2581540644535054,2.0380162580026027,1.0036810302090269,2.567644400025545,4.0,0,0,1
71034,2.4952449084369155,1.369091939724005,2.5618784605636873,1,3.0,3.5005563029814772,2.7032815277586604,1.5921533251378137,3.313838133431335,1.9663871696386335,4.0,0,0,1
71034,0.5369462321165939,1.1724870722045924,1.2860324280165625,2,4.0,-0.17473237161165323,0.3867605617386021,1.1462903922730248,1.0036810302090269,-0.4386417519090147,4.0,0,0,1
71034,-0.017669767871138897,0.307425655119177,0.010186395469438104,2,4.0,-0.10965622872200752,-0.14008084939782442,0.2545645265434469,-0.536423705272512,1.9663871696386335,4.0,0,0,1
71034,0.07611075576315046,0.5433514961424721,0.6481094117430003,2,4.0,0.27172023658475336,-0.050956245058237946,0.2545645265434469,1.0036810302090269,-0.4386417519090147,4.0,0,0,1
71034,1.216602930283379,1.0152031781890622,1.2860324280165625,1,2.0,1.502870056136539,1.402349803124374,1.1462903922730248,1.0036810302090269,-0.4386417519090147,4.0,0,0,1
71034,1.507020035731501,1.44773388673177,2.242916952426906,1,4.0,1.7662014250388263,-0.1594870132459602,2.0380162580026027,1.7737333979497962,2.567644400025545,4.0,0,0,1
71034,3.0075084138801302,1.4084129132278875,1.6049939361533436,1,3.0,2.674240628150162,4.862396942566062,0.7004274594082358,2.543785765690566,-0.4386417519090147,4.0,0,0,1
71034,1.519120748458506,1.5656968072434176,1.6049939361533436,1,4.0,1.4650350893402333,0.23366749138108664,1.5921533251378137,1.0036810302090269,1.9663871696386335,4.0,0,0,1
71034,0.2505626975774737,0.3860676021269421,-0.308775112667343,1,3.0,-0.23980851450129892,0.47660391288737886,-0.191298406321342,-0.536423705272512,-0.4386417519090147,4.0,0,0,0
71034,0.6781212139316531,1.0152031781890622,0.9670709198797813,1,3.0,0.27777383127216226,0.03169963799863662,1.1462903922730248,0.2336286624682574,-0.4386417519090147,4.0,0,0,1
71034,0.13358914121642457,0.6219934431502372,0.3291479036062192,2,4.0,-0.3574752612378095,0.003668512440218291,0.7004274594082358,-0.536423705272512,-0.4386417519090147,4.0,0,0,1
71034,2.668688457523988,1.369091939724005,1.6049939361533436,1,3.0,0.8884301953645353,3.6261524307588946,0.2545645265434469,3.313838133431335,1.9663871696386335,4.0,0,0,1
71034,0.2303948430324652,0.6219934431502372,0.9670709198797813,2,4.0,-0.2984527130355727,0.09494935720737542,1.1462903922730248,0.2336286624682574,-0.4386417519090147,4.0,0,0,1
71034,1.9103771266316703,1.3297709662201225,1.9239554442901246,1,3.0,2.7862321298672263,2.732031400126269,1.5921533251378137,1.7737333979497962,-0.4386417519090147,4.0,0,0,1
71034,0.5298874830258409,0.8579192841735322,0.6481094117430003,2,3.0,-0.2678063899305651,0.3795730936467,1.1462903922730248,-0.536423705272512,-0.4386417519090147,4.0,0,0,1
71034,1.0229915266512979,1.3297709662201225,1.6049939361533436,2,4.0,0.5320248081433362,0.8481960132387193,1.1462903922730248,1.7737333979497962,-0.4386417519090147,4.0,0,0,1
71034,0.1436730684889288,0.5040305226385896,0.6481094117430003,1,3.0,0.712119250093751,0.06404324441219623,0.7004274594082358,0.2336286624682574,2.567644400025545,4.0,0,0,1
71034,-0.07514815332441302,0.5040305226385896,0.9670709198797813,2,3.0,-0.3729875976242948,-0.19470560689628066,1.1462903922730248,0.2336286624682574,-0.4386417519090147,4.0,0,0,1
71034,0.2878732284857393,0.7399563636618847,0.010186395469438104,2,4.0,-0.22126938077110916,0.14957411470583165,0.2545645265434469,-0.536423705272512,-0.4386417519090147,4.0,1,0,0
71034,0.40182160666503713,0.8579192841735322,0.3291479036062192,1,3.0,0.3209056934199507,-0.11528408448076206,0.7004274594082358,-0.536423705272512,-0.4386417519090147,4.0,0,0,1
71034,-0.39027088059017023,-0.20374700043129568,-0.6277366208041241,2,3.0,-0.6086048533482882,-0.4940636529240046,-0.6371613391861309,-0.536423705272512,-0.4386417519090147,4.0,0,0,0
71034,-0.4709422987702041,-0.08578407991964813,0.010186395469438104,2,4.0,-0.39152673135448457,-0.5706101881027624,-0.191298406321342,0.2336286624682574,-0.4386417519090147,4.0,0,0,1
71034,1.0008068866517885,1.13316609870071,1.2860324280165625,1,3.0,1.5331380295735835,1.311787705166407,0.2545645265434469,2.543785765690566,-0.4386417519090147,4.0,0,0,1
71034,1.8841589157231593,1.6836597277550651,1.6049939361533436,1,3.0,0.8233540524748896,1.9759097568581643,2.0380162580026027,0.2336286624682574,2.567644400025545,4.0,0,0,1
71034,0.9029927921084975,1.13316609870071,1.6049939361533436,1,3.0,1.7813354117573486,0.43635409157272687,1.5921533251378137,1.0036810302090269,-0.4386417519090147,4.0,0,0,1
71034,0.36350268302952105,0.7006353901580022,0.010186395469438104,1,3.0,0.07043821322840735,0.36735439789046637,0.2545645265434469,-0.536423705272512,-0.4386417519090147,4.0,0,0,1
71034,-0.3398512442276491,0.1894627346075295,0.3291479036062192,2,3.0,-0.4690884132869111,-0.4462669901128554,0.7004274594082358,-0.536423705272512,-0.4386417519090147,4.0,0,0,1
71034,-0.5264038987689774,-0.12510505342353065,0.010186395469438104,2,4.0,-0.7046583753024092,-0.6129811547859425,0.2545645265434469,-0.536423705272512,-0.4386417519090147,4.0,0,0,1
71034,-0.08523208059691725,0.307425655119177,0.010186395469438104,2,4.0,-0.06009242221884712,-0.20404931541575344,-0.191298406321342,0.2336286624682574,-0.4386417519090147,4.0,0,0,1
71034,-0.20119724423071592,0.11082078759976445,-0.308775112667343,2,3.0,-0.2954259156918682,-0.31473632403104634,-0.191298406321342,-0.536423705272512,-0.4386417519090147,4.0,0,1,0
71034,0.0256911194006293,0.5433514961424721,0.010186395469438104,2,4.0,-0.4195246067837507,-0.09911228127398225,0.2545645265434469,-0.536423705272512,-0.4386417519090147,4.0,0,0,1
71034,2.4004559920753756,1.6050177807473,1.9239554442901246,1,3.0,4.015111851411234,2.818281017229095,2.0380162580026027,1.0036810302090269,1.9663871696386335,4.0,0,0,1
71034,-0.1659034987769511,0.15014176110364696,0.010186395469438104,1,4.0,-0.3979586757098565,-0.526137729284118,0.2545645265434469,-0.536423705272512,-0.4386417519090147,4.0,0,1,0
71034,2.0717199629917378,1.7623016747628302,2.242916952426906,2,3.0,1.7904158037884619,1.843660343967165,1.236856300511185,1.0036810302090269,1.3651299392517213,4.0,0,0,1
71034,0.14972342485243134,0.34674662862305955,0.9670709198797813,2,3.0,-0.22126938077110916,0.018762195433212777,-0.191298406321342,2.543785765690566,-0.4386417519090147,4.0,1,0,0
71034,-0.4936311351333386,-0.08578407991964813,0.010186395469438104,1,4.0,-0.4567920490781118,-0.5335048840783176,0.2545645265434469,-0.536423705272512,-0.4386417519090147,4.0,0,0,0
71034,-0.5490927351321119,-0.04646310641576562,0.010186395469438104,2,4.0,-0.5559196620844326,-0.6129811547859425,0.2545645265434469,-0.536423705272512,1.9663871696386335,4.0,1,0,0
71034,-0.47346328058833015,-0.04646310641576562,-0.308775112667343,2,4.0,-0.48157395232969197,-0.5731258019349281,-0.191298406321342,-0.536423705272512,-0.4386417519090147,4.0,0,0,1
71034,2.7352423775225163,1.6443387542511827,1.6049939361533436,1,3.0,2.710562196274615,1.921284999359708,1.5921533251378137,1.0036810302090269,1.9663871696386335,4.0,0,0,1
71034,2.832048079338557,1.6836597277550651,0.9670709198797813,2,3.0,1.4060125411379965,2.5652821403941393,0.7004274594082358,1.0036810302090269,-0.4386417519090147,4.0,1,0,0
71034,1.5513893157305196,1.29044999271624,0.6481094117430003,1,3.0,0.4979733380266611,2.243283569876924,1.1462903922730248,-0.536423705272512,-0.4386417519090147,4.0,0,0,1
71034,2.709024166614005,1.9589065422822427,0.9670709198797813,1,3.0,3.1797157845488053,3.580152634970721,1.1462903922730248,0.2336286624682574,-0.4386417519090147,4.0,0,0,1
71034,-0.20876018968509408,0.15014176110364696,-0.308775112667343,2,3.0,-0.4164978094400463,-0.32192379212294847,-0.191298406321342,-0.536423705272512,-0.4386417519090147,4.0,0,0,0
71034,-0.63984808058465,-0.5576357619662383,-0.6277366208041241,2,3.0,-0.7325616633146845,-0.6129811547859425,-0.6371613391861309,-0.536423705272512,-0.4386417519090147,4.0,0,0,0
71034,0.0256911194006293,0.34674662862305955,1.9239554442901246,2,3.0,-0.354448463894105,-0.09911228127398225,-0.6371613391861309,5.623995236653643,-0.4386417519090147,4.0,0,0,1
71034,-0.6171592442215155,-0.6362777089740034,-1.2656596370776863,2,3.0,-0.627143987078478,-0.6129811547859425,-1.5288872049157087,-0.536423705272512,-0.4386417519090147,4.0,0,0,0
71034,0.5530805157526006,0.8972402576774148,0.9670709198797813,2,4.0,-0.5031398834035862,0.40113549792240644,0.7004274594082358,1.0036810302090269,-0.4386417519090147,4.0,0,0,1
71034,2.0071828284477107,1.8802645952744776,1.6049939361533436,1,4.0,1.6390759366032392,0.08021504761897605,1.5921533251378137,1.0036810302090269,-0.4386417519090147,4.0,0,0,1
71034,2.4508756284378967,1.9589065422822427,2.242916952426906,1,3.0,2.255029196047095,2.343908123163554,1.5921533251378137,2.543785765690566,2.567644400025545,4.0,0,0,1
71034,2.9107027120640896,2.3914372508249504,1.6049939361533436,1,4.0,1.9977514218322168,0.019840315646998098,0.7004274594082358,2.543785765690566,1.9663871696386335,4.0,0,0,1
71034,3.640779046593396,2.352116277321068,2.880839968700468,2,4.0,1.7662014250388263,3.332903732609288,1.9335171331124177,2.543785765690566,1.3651299392517213,4.0,0,0,1
71034,3.035743410243142,2.1555114098016555,1.2860324280165625,1,3.0,1.0776050293460635,0.8122586727792086,1.5921533251378137,0.2336286624682574,-0.4386417519090147,4.0,0,0,1
71034,4.766145330204869,2.2341533568094203,1.6049939361533436,1,3.0,4.635208113615705,5.5667688155724715,1.5921533251378137,1.0036810302090269,2.567644400025545,4.0,0,0,1
71034,4.161109693854614,2.4700791978327152,2.242916952426906,1,3.0,0.8445416338808208,2.772281221440921,1.5921533251378137,2.543785765690566,1.9663871696386335,4.0,0,0,1
71034,3.092213402969166,1.6836597277550651,1.6049939361533436,1,3.0,2.4502576247160324,4.626647989151672,1.5921533251378137,1.0036810302090269,1.9663871696386335,4.0,0,0,1
71034,0.9483704648347665,1.0545241516929449,1.6049939361533436,2,3.0,0.37084784959107414,0.7763213323196979,1.5921533251378137,1.0036810302090269,-0.4386417519090147,4.0,0,0,1
71034,0.33325090121200834,0.5433514961424721,1.6049939361533436,2,3.0,0.051520729830254526,0.19269892325724447,0.2545645265434469,3.313838133431335,-0.4386417519090147,4.0,0,0,1
71034,0.39375446484703375,0.6613144166541197,2.242916952426906,2,4.0,0.29366451732661064,0.25019866799246154,0.2545645265434469,4.853942868912874,-0.4386417519090147,4.0,0,0,1
71034,1.230720428464885,1.369091939724005,2.242916952426906,1,4.0,0.8823766006771264,-0.14475270365756082,1.1462903922730248,3.313838133431335,-0.4386417519090147,4.0,0,0,1
71034,2.6908730975234976,1.4084129132278875,1.9239554442901246,1,3.0,3.848637997507489,4.390899035737282,1.1462903922730248,2.543785765690566,-0.4386417519090147,4.0,0,0,1
71034,1.874074988450655,1.13316609870071,1.6049939361533436,1,3.0,3.1252334323621254,3.7440269074660897,0.7004274594082358,2.543785765690566,-0.4386417519090147,4.0,0,0,1
71034,0.02871629758238057,0.34674662862305955,0.6481094117430003,2,4.0,0.19453690432028986,-0.06964366209718349,1.1462903922730248,-0.536423705272512,-0.4386417519090147,4.0,0,0,1
71034,0.923160646653506,1.13316609870071,1.6049939361533436,1,3.0,1.053390650596428,0.8208836344894912,0.7004274594082358,2.543785765690566,-0.4386417519090147,4.0,0,0,1
71034,2.753393446613024,1.4084129132278875,2.242916952426906,1,3.0,3.246305326110303,4.155150082322892,0.2545645265434469,4.853942868912874,-0.4386417519090147,4.0,0,0,1
71034,1.9910485448117041,1.4084129132278875,2.242916952426906,1,3.0,2.159685079720405,2.1987212677071306,0.7004274594082358,4.083890501172104,-0.4386417519090147,4.0,0,0,1
71034,2.136257097535765,1.7623016747628302,1.6049939361533436,1,3.0,2.097635734174464,1.9428474036354144,1.5921533251378137,1.0036810302090269,1.9663871696386335,4.0,0,0,1
71034,0.2303948430324652,0.6613144166541197,0.6481094117430003,2,4.0,-0.12516856510849284,-0.5246553139901631,1.1462903922730248,-0.536423705272512,-0.4386417519090147,4.0,0,0,1
71034,0.2777893012132351,0.5826724696463547,0.6481094117430003,2,3.0,-0.44733330737903537,-0.28185365751059405,0.7004274594082358,0.2336286624682574,-0.4386417519090147,4.0,0,0,1
71034,-0.3701030260451618,0.11082078759976445,0.010186395469438104,2,4.0,-0.6488990929863536,-0.5570438420792971,0.2545645265434469,-0.536423705272512,-0.4386417519090147,4.0,0,0,1
71034,0.02266594121887803,0.34674662862305955,0.010186395469438104,2,3.0,-0.0941438923355222,-0.5864900004183087,0.2545645265434469,-0.536423705272512,-0.4386417519090147,4.0,0,0,1
71034,0.7749269157476937,1.0545241516929449,0.6481094117430003,2,3.0,0.16956582623472813,-0.3156347575425341,0.7004274594082358,0.2336286624682574,-0.4386417519090147,4.0,0,0,1
71034,-0.1659034987769511,0.1894627346075295,0.3291479036062192,2,3.0,-0.6023620838268977,-0.4569583488995599,0.7004274594082358,-0.536423705272512,-0.4386417519090147,4.0,0,0,1
71034,-0.029770480598143977,0.5040305226385896,0.6481094117430003,1,4.0,0.06362791920507233,-0.47169265848795927,0.2545645265434469,1.0036810302090269,-0.4386417519090147,4.0,0,0,1
71034,0.11947164303491865,0.34674662862305955,0.3291479036062192,2,3.0,-0.38547313666707567,-0.1965024739192562,0.7004274594082358,-0.536423705272512,-0.4386417519090147,4.0,0,0,1
71034,-0.18607135332195957,0.307425655119177,0.6481094117430003,2,3.0,-0.3979586757098565,-0.49523161648893876,1.1462903922730248,-0.536423705272512,-0.4386417519090147,4.0,0,0,1
71034,0.6508946102958917,0.8972402576774148,1.2860324280165625,2,3.0,-0.2893723210044593,-0.12570591321402017,1.5921533251378137,0.2336286624682574,-0.4386417519090147,4.0,0,0,1
71034,0.9463536793802656,1.0152031781890622,1.6049939361533436,2,3.0,1.201703720437946,-0.3436658831009524,0.7004274594082358,2.543785765690566,-0.4386417519090147,4.0,0,0,1
71034,1.137948297557846,1.44773388673177,0.9670709198797813,1,4.0,0.1506483428365753,-0.3362987283067527,1.5921533251378137,-0.536423705272512,-0.4386417519090147,4.0,0,0,1
71040,-0.7885860078540874,-0.8525430632453572,-0.9466981289409051,1,3.0,-0.7325616633146845,-0.49523161648893876,-1.0830242720509198,-0.536423705272512,1.9663871696386335,4.0,0,0,0
71040,0.318125010303252,0.6219934431502372,-0.308775112667343,2,4.0,0.25961304720993555,0.1783239870734402,-0.191298406321342,-0.536423705272512,-0.4386417519090147,4.0,0,0,0
71040,-0.03481244423439609,0.228783708111412,0.010186395469438104,2,3.0,0.20967089103881212,-0.15661202600919935,0.2545645265434469,-0.536423705272512,1.9663871696386335,4.0,0,0,1
71040,-0.20623920786696803,0.1894627346075295,-0.6277366208041241,2,3.0,-0.4380637405139405,-0.31904880488618764,-0.6371613391861309,-0.536423705272512,-0.4386417519090147,4.0,1,0,0
